image_id,operations
ISIC_0027419,Minimal Enhancement
ISIC_0025030,CLAHE
ISIC_0026769,"Hair Removal, Denoising, Minimal Enhancement"
ISIC_0025661,Brightness Correction
ISIC_0031633,"Hair Removal, Denoising"
ISIC_0027850,Minimal Enhancement
ISIC_0029176,CLAHE
ISIC_0029068,"Brightness Normalization, Minimal Enhancement"
ISIC_0025837,"Brightness Normalization, CLAHE"
ISIC_0025209,"Brightness Correction, Denoising"
ISIC_0025276,
ISIC_0029396,Minimal Enhancement
ISIC_0025984,Minimal Enhancement
ISIC_0025767,"Hair Removal, Denoising, Minimal Enhancement"
ISIC_0032417,"Hair Removal, Brightness Correction, Denoising"
ISIC_0031326,CLAHE
ISIC_0025915,"CLAHE, Denoising"
ISIC_0031029,"Brightness Correction, Denoising"
ISIC_0029836,CLAHE
ISIC_0032129,
ISIC_0032343,Brightness Correction
ISIC_0025033,"Hair Removal, Denoising"
ISIC_0027310,"Hair Removal, Brightness Normalization, Denoising, Minimal Enhancement"
ISIC_0032128,"Brightness Normalization, CLAHE, Minimal Enhancement"
ISIC_0025937,CLAHE
ISIC_0027828,"Brightness Normalization, CLAHE"
ISIC_0029291,"Brightness Normalization, Minimal Enhancement"
ISIC_0030698,"Hair Removal, Brightness Correction, Denoising"
ISIC_0025567,Minimal Enhancement
ISIC_0031753,"CLAHE, Minimal Enhancement"
ISIC_0026835,
ISIC_0031159,CLAHE
ISIC_0031017,CLAHE
ISIC_0024981,"Brightness Normalization, Minimal Enhancement"
ISIC_0027815,Minimal Enhancement
ISIC_0024324,Minimal Enhancement
ISIC_0029559,CLAHE
ISIC_0030661,Minimal Enhancement
ISIC_0027053,"Hair Removal, Minimal Enhancement"
ISIC_0028560,CLAHE
ISIC_0031650,"Brightness Normalization, CLAHE, Minimal Enhancement"
ISIC_0029161,Minimal Enhancement
ISIC_0026273,"Brightness Correction, CLAHE, Denoising"
ISIC_0025076,"Brightness Correction, Minimal Enhancement"
ISIC_0029687,Minimal Enhancement
ISIC_0025642,Minimal Enhancement
ISIC_0025819,
ISIC_0032013,Minimal Enhancement
ISIC_0031691,"Brightness Normalization, CLAHE"
ISIC_0025419,Minimal Enhancement
ISIC_0030105,"Brightness Normalization, CLAHE"
ISIC_0025016,"CLAHE, Denoising"
ISIC_0029147,"Brightness Normalization, Minimal Enhancement"
ISIC_0029301,"Brightness Correction, Denoising"
ISIC_0026637,Minimal Enhancement
ISIC_0030377,"Hair Removal, Denoising, Minimal Enhancement"
ISIC_0027960,Brightness Correction
ISIC_0026955,Minimal Enhancement
ISIC_0028052,"CLAHE, Denoising"
ISIC_0025286,"Hair Removal, Brightness Correction, Denoising"
ISIC_0031468,"Brightness Normalization, Minimal Enhancement"
ISIC_0030926,Denoising
ISIC_0029288,"Hair Removal, Brightness Correction, Denoising"
ISIC_0031008,"Hair Removal, Denoising"
ISIC_0024698,Minimal Enhancement
ISIC_0031495,Minimal Enhancement
ISIC_0026104,Minimal Enhancement
ISIC_0025099,CLAHE
ISIC_0031485,"Hair Removal, Denoising"
ISIC_0029413,"Brightness Normalization, CLAHE"
ISIC_0029576,"CLAHE, Denoising"
ISIC_0031967,"Brightness Normalization, Minimal Enhancement"
ISIC_0031584,"Brightness Correction, CLAHE"
ISIC_0025140,"Brightness Normalization, Minimal Enhancement"
ISIC_0025554,"Brightness Normalization, Minimal Enhancement"
ISIC_0029289,"Brightness Correction, Minimal Enhancement"
ISIC_0029912,"Hair Removal, CLAHE, Denoising"
ISIC_0033539,Minimal Enhancement
ISIC_0032283,"Hair Removal, Denoising"
ISIC_0030005,"Brightness Normalization, CLAHE"
ISIC_0030189,"Hair Removal, CLAHE, Denoising"
ISIC_0026532,Brightness Correction
ISIC_0024832,"Brightness Correction, CLAHE"
ISIC_0026958,
ISIC_0030768,"Hair Removal, Brightness Correction"
ISIC_0029837,"Brightness Correction, CLAHE"
ISIC_0031624,Minimal Enhancement
ISIC_0025510,Minimal Enhancement
ISIC_0030607,Minimal Enhancement
ISIC_0029060,"Brightness Normalization, Minimal Enhancement"
ISIC_0029308,"Brightness Normalization, CLAHE, Denoising"
ISIC_0024635,"Hair Removal, Brightness Correction, Denoising"
ISIC_0029425,Minimal Enhancement
ISIC_0028774,Brightness Correction
ISIC_0030565,"Hair Removal, Brightness Correction, Denoising"
ISIC_0027023,Minimal Enhancement
ISIC_0029022,"Brightness Normalization, CLAHE, Minimal Enhancement"
ISIC_0025388,"Hair Removal, Brightness Normalization, Denoising, Minimal Enhancement"
ISIC_0028080,CLAHE
ISIC_0026153,"Brightness Normalization, Minimal Enhancement"
ISIC_0025876,"Brightness Normalization, Minimal Enhancement"
ISIC_0025063,"Denoising, Minimal Enhancement"
ISIC_0032463,"Hair Removal, Brightness Correction"
ISIC_0025548,Minimal Enhancement
ISIC_0032306,Minimal Enhancement
ISIC_0032304,"Hair Removal, Brightness Normalization, CLAHE, Denoising"
ISIC_0031639,
ISIC_0027957,Minimal Enhancement
ISIC_0031212,Minimal Enhancement
ISIC_0032382,"Brightness Correction, Denoising"
ISIC_0027533,
ISIC_0029674,
ISIC_0028607,"Brightness Normalization, Minimal Enhancement"
ISIC_0024623,Minimal Enhancement
ISIC_0029613,"Hair Removal, Denoising"
ISIC_0029418,"Hair Removal, Denoising"
ISIC_0027455,"Brightness Normalization, CLAHE"
ISIC_0025906,
ISIC_0027151,"Hair Removal, Brightness Correction, CLAHE, Denoising"
ISIC_0028646,CLAHE
ISIC_0026794,"Hair Removal, Brightness Normalization, Denoising, Minimal Enhancement"
ISIC_0034318,Minimal Enhancement
ISIC_0032972,Denoising
ISIC_0032534,"Hair Removal, Denoising, Minimal Enhancement"
ISIC_0033785,"Hair Removal, Brightness Normalization, Denoising, Minimal Enhancement"
ISIC_0033184,"Hair Removal, Minimal Enhancement"
ISIC_0032929,"Hair Removal, Minimal Enhancement"
ISIC_0032963,"Brightness Normalization, CLAHE, Denoising, Minimal Enhancement"
ISIC_0032949,"Brightness Normalization, CLAHE, Minimal Enhancement"
ISIC_0033322,"Brightness Correction, CLAHE"
ISIC_0033127,"Brightness Normalization, Minimal Enhancement"
ISIC_0033041,"Brightness Normalization, CLAHE, Minimal Enhancement"
ISIC_0033900,
ISIC_0033361,
ISIC_0032732,Brightness Correction
ISIC_0032778,"Brightness Normalization, Minimal Enhancement"
ISIC_0033466,
ISIC_0030276,"Brightness Normalization, Minimal Enhancement"
ISIC_0033583,Minimal Enhancement
ISIC_0033465,"Brightness Normalization, Minimal Enhancement"
ISIC_0029683,"Brightness Correction, CLAHE"
ISIC_0033482,Minimal Enhancement
ISIC_0033201,CLAHE
ISIC_0032514,"Hair Removal, Brightness Correction, Denoising"
ISIC_0033691,"Hair Removal, Minimal Enhancement"
ISIC_0033910,
ISIC_0032556,"Brightness Normalization, CLAHE, Minimal Enhancement"
ISIC_0033646,"Hair Removal, Denoising"
ISIC_0033592,CLAHE
ISIC_0033899,"Brightness Normalization, CLAHE"
ISIC_0032842,CLAHE
ISIC_0032618,"Hair Removal, Brightness Normalization, Denoising, Minimal Enhancement"
ISIC_0032513,"Hair Removal, Brightness Correction, Denoising, Minimal Enhancement"
ISIC_0033716,"Hair Removal, Brightness Correction, Denoising, Minimal Enhancement"
ISIC_0034011,"Hair Removal, Brightness Correction, CLAHE, Denoising"
ISIC_0033613,"Brightness Normalization, CLAHE, Minimal Enhancement"
ISIC_0032877,"Hair Removal, Brightness Correction, Denoising, Minimal Enhancement"
ISIC_0034175,CLAHE
ISIC_0033523,Minimal Enhancement
ISIC_0029929,"Brightness Correction, Denoising"
ISIC_0032978,
ISIC_0033973,Denoising
ISIC_0033761,CLAHE
ISIC_0033505,"Brightness Normalization, CLAHE, Minimal Enhancement"
ISIC_0033280,"Hair Removal, Brightness Correction"
ISIC_0033212,
ISIC_0033770,CLAHE
ISIC_0032829,"Hair Removal, Denoising"
ISIC_0033601,Brightness Correction
ISIC_0033284,"Hair Removal, Brightness Correction, CLAHE, Denoising"
ISIC_0033908,
ISIC_0033400,CLAHE
ISIC_0033677,"Brightness Normalization, Minimal Enhancement"
ISIC_0033262,"Brightness Normalization, Minimal Enhancement"
ISIC_0033437,Brightness Correction
ISIC_0032688,"Brightness Normalization, CLAHE, Minimal Enhancement"
ISIC_0033195,"Hair Removal, Denoising, Minimal Enhancement"
ISIC_0032553,
ISIC_0033252,"Denoising, Minimal Enhancement"
ISIC_0032570,CLAHE
ISIC_0033736,CLAHE
ISIC_0033378,"Brightness Normalization, Minimal Enhancement"
ISIC_0033379,CLAHE
ISIC_0033438,"Brightness Correction, CLAHE"
ISIC_0032983,"Hair Removal, Brightness Correction, Denoising"
ISIC_0034024,"Hair Removal, Brightness Correction, CLAHE, Denoising"
ISIC_0033778,"Hair Removal, Brightness Correction, CLAHE, Denoising"
ISIC_0032863,"Hair Removal, Brightness Correction, Denoising"
ISIC_0034168,"Brightness Normalization, Minimal Enhancement"
ISIC_0033582,"Brightness Normalization, CLAHE, Minimal Enhancement"
ISIC_0033576,Hair Removal
ISIC_0033410,"Brightness Normalization, Minimal Enhancement"
ISIC_0032725,"Hair Removal, Brightness Normalization, Minimal Enhancement"
ISIC_0033952,Denoising
ISIC_0033264,
ISIC_0033606,"Hair Removal, Denoising, Minimal Enhancement"
ISIC_0034103,
ISIC_0032883,"Brightness Normalization, Minimal Enhancement"
ISIC_0032665,"Hair Removal, Brightness Normalization, Denoising"
ISIC_0033130,CLAHE
ISIC_0033321,"Brightness Normalization, Minimal Enhancement"
ISIC_0034189,"Brightness Normalization, Minimal Enhancement"
ISIC_0033306,"Hair Removal, Brightness Correction, Denoising"
ISIC_0032757,Minimal Enhancement
ISIC_0032508,Brightness Correction
ISIC_0034201,Brightness Correction
ISIC_0032776,Minimal Enhancement
ISIC_0033828,Minimal Enhancement
ISIC_0033235,"Brightness Normalization, Minimal Enhancement"
ISIC_0026085,Hair Removal
ISIC_0034070,
ISIC_0033709,"Brightness Normalization, CLAHE"
ISIC_0032826,"Hair Removal, Denoising, Minimal Enhancement"
ISIC_0034115,Minimal Enhancement
ISIC_0033776,"Hair Removal, Minimal Enhancement"
ISIC_0033056,
ISIC_0025180,CLAHE
ISIC_0026107,"Hair Removal, Brightness Correction, Denoising"
ISIC_0033853,"Brightness Normalization, Denoising, Minimal Enhancement"
ISIC_0033453,"Hair Removal, Denoising"
ISIC_0034126,Brightness Correction
ISIC_0033744,"Hair Removal, Brightness Correction, Denoising"
ISIC_0033659,CLAHE
ISIC_0032567,"Hair Removal, Denoising, Minimal Enhancement"
ISIC_0033088,"Hair Removal, Brightness Normalization, Denoising"
ISIC_0032756,"Hair Removal, Brightness Correction, Denoising"
ISIC_0032654,CLAHE
ISIC_0032576,CLAHE
ISIC_0033587,"Hair Removal, Denoising"
ISIC_0032675,"Hair Removal, Brightness Correction, Denoising, Minimal Enhancement"
ISIC_0032997,CLAHE
ISIC_0033529,Brightness Correction
ISIC_0033581,"Hair Removal, Brightness Normalization, Denoising, Minimal Enhancement"
ISIC_0033913,"Hair Removal, Brightness Normalization, Minimal Enhancement"
ISIC_0034235,Brightness Correction
ISIC_0034007,Minimal Enhancement
ISIC_0034303,CLAHE
ISIC_0034031,"Hair Removal, Brightness Correction, Denoising"
ISIC_0033124,Denoising
ISIC_0033449,"Hair Removal, Denoising, Minimal Enhancement"
ISIC_0033676,CLAHE
ISIC_0032898,"Brightness Normalization, Minimal Enhancement"
ISIC_0033488,"CLAHE, Denoising"
ISIC_0033758,CLAHE
ISIC_0028792,"Brightness Normalization, CLAHE"
ISIC_0033397,
ISIC_0033414,"Hair Removal, Brightness Correction"
ISIC_0034113,"Hair Removal, Brightness Normalization, CLAHE, Denoising"
ISIC_0033507,"Hair Removal, CLAHE"
ISIC_0033791,CLAHE
ISIC_0034259,"CLAHE, Denoising"
ISIC_0033446,Minimal Enhancement
ISIC_0033200,Minimal Enhancement
ISIC_0029472,Minimal Enhancement
ISIC_0029682,Minimal Enhancement
ISIC_0033642,"Brightness Normalization, Minimal Enhancement"
ISIC_0033486,"Hair Removal, Brightness Normalization, Denoising, Minimal Enhancement"
ISIC_0034003,Minimal Enhancement
ISIC_0033079,"Brightness Normalization, CLAHE, Minimal Enhancement"
ISIC_0033629,"Hair Removal, Brightness Correction, Denoising"
ISIC_0034037,"Brightness Normalization, CLAHE"
ISIC_0032876,Brightness Correction
ISIC_0033635,Minimal Enhancement
ISIC_0033868,
ISIC_0034125,"Brightness Normalization, CLAHE, Minimal Enhancement"
ISIC_0033060,"Hair Removal, CLAHE"
ISIC_0029014,"Brightness Normalization, CLAHE"
ISIC_0032099,"Brightness Correction, CLAHE"
ISIC_0032215,"Brightness Normalization, CLAHE, Minimal Enhancement"
ISIC_0030124,"Hair Removal, Denoising"
ISIC_0025157,
ISIC_0029600,
ISIC_0031376,CLAHE
ISIC_0027513,"Brightness Normalization, CLAHE, Minimal Enhancement"
ISIC_0031876,"Brightness Normalization, Denoising, Minimal Enhancement"
ISIC_0031620,"Hair Removal, Denoising, Minimal Enhancement"
ISIC_0030542,"Brightness Normalization, CLAHE"
ISIC_0029548,Brightness Correction
ISIC_0027989,"Brightness Correction, Denoising"
ISIC_0025136,Minimal Enhancement
ISIC_0027652,"Brightness Normalization, Minimal Enhancement"
ISIC_0027218,"Hair Removal, Brightness Correction, Minimal Enhancement"
ISIC_0030705,"Brightness Correction, CLAHE"
ISIC_0030272,Brightness Correction
ISIC_0028020,CLAHE
ISIC_0031345,Minimal Enhancement
ISIC_0032063,"Hair Removal, Brightness Correction"
ISIC_0032325,"Brightness Correction, Denoising"
ISIC_0025867,"Brightness Normalization, CLAHE, Minimal Enhancement"
ISIC_0028701,"Brightness Normalization, Minimal Enhancement"
ISIC_0027713,"Brightness Normalization, Minimal Enhancement"
ISIC_0026060,"Brightness Normalization, Minimal Enhancement"
ISIC_0026298,"Brightness Normalization, Denoising, Minimal Enhancement"
ISIC_0027139,Minimal Enhancement
ISIC_0026623,"Brightness Normalization, CLAHE"
ISIC_0031989,
ISIC_0029394,"Brightness Correction, Minimal Enhancement"
ISIC_0026893,Minimal Enhancement
ISIC_0025777,"Hair Removal, CLAHE, Denoising"
ISIC_0027739,Minimal Enhancement
ISIC_0026844,"Brightness Correction, Denoising"
ISIC_0024672,Minimal Enhancement
ISIC_0026827,"Hair Removal, Denoising, Minimal Enhancement"
ISIC_0027680,CLAHE
ISIC_0025885,Minimal Enhancement
ISIC_0025656,Brightness Correction
ISIC_0029010,"Brightness Normalization, CLAHE, Minimal Enhancement"
ISIC_0024581,CLAHE
ISIC_0029003,"Brightness Normalization, Minimal Enhancement"
ISIC_0024711,"Brightness Normalization, CLAHE, Minimal Enhancement"
ISIC_0032280,"Hair Removal, Brightness Correction, CLAHE, Denoising"
ISIC_0025982,"Hair Removal, Denoising, Minimal Enhancement"
ISIC_0028120,Brightness Correction
ISIC_0032335,"Brightness Normalization, CLAHE, Minimal Enhancement"
ISIC_0025326,
ISIC_0027374,"Hair Removal, Denoising, Minimal Enhancement"
ISIC_0027781,Minimal Enhancement
ISIC_0024890,"Hair Removal, Brightness Correction, Denoising"
ISIC_0025507,"Hair Removal, Brightness Correction, Denoising"
ISIC_0028336,Minimal Enhancement
ISIC_0025838,"Hair Removal, Brightness Correction, Denoising"
ISIC_0027780,Brightness Correction
ISIC_0024592,"Brightness Normalization, CLAHE"
ISIC_0030118,"Brightness Normalization, Minimal Enhancement"
ISIC_0028970,"Hair Removal, Denoising"
ISIC_0027042,
ISIC_0030721,"Brightness Normalization, CLAHE, Minimal Enhancement"
ISIC_0031556,"Hair Removal, Brightness Correction, CLAHE"
ISIC_0027068,"Brightness Normalization, CLAHE"
ISIC_0032168,Brightness Correction
ISIC_0031130,"Hair Removal, Brightness Correction, Denoising"
ISIC_0028308,Minimal Enhancement
ISIC_0024708,"Brightness Normalization, Minimal Enhancement"
ISIC_0028354,Brightness Correction
ISIC_0024505,"Hair Removal, Brightness Correction, Denoising, Minimal Enhancement"
ISIC_0025743,
ISIC_0027796,"Brightness Normalization, Minimal Enhancement"
ISIC_0024626,"Brightness Normalization, CLAHE"
ISIC_0031321,"Brightness Correction, Minimal Enhancement"
ISIC_0025337,"Brightness Normalization, Minimal Enhancement"
ISIC_0027037,"Brightness Normalization, CLAHE"
ISIC_0032486,"Brightness Correction, Minimal Enhancement"
ISIC_0029340,"Brightness Normalization, CLAHE, Minimal Enhancement"
ISIC_0027649,"Brightness Normalization, CLAHE, Minimal Enhancement"
ISIC_0026607,Minimal Enhancement
ISIC_0030731,"Hair Removal, Denoising"
ISIC_0028233,"Hair Removal, Brightness Correction, Denoising"
ISIC_0031542,"Hair Removal, Denoising, Minimal Enhancement"
ISIC_0029062,"Hair Removal, Minimal Enhancement"
ISIC_0024971,CLAHE
ISIC_0025485,
ISIC_0025874,"Brightness Correction, CLAHE"
ISIC_0026728,Minimal Enhancement
ISIC_0031812,"Hair Removal, Brightness Correction, Denoising"
ISIC_0030465,
ISIC_0025842,"Hair Removal, Brightness Correction, Denoising"
ISIC_0025032,"Brightness Correction, Denoising, Minimal Enhancement"
ISIC_0030706,"Brightness Normalization, CLAHE, Minimal Enhancement"
ISIC_0029522,CLAHE
ISIC_0031424,"Brightness Normalization, Minimal Enhancement"
ISIC_0029770,"Hair Removal, Brightness Normalization, Minimal Enhancement"
ISIC_0026301,Brightness Correction
ISIC_0030227,"Hair Removal, Denoising"
ISIC_0028856,"Brightness Normalization, CLAHE"
ISIC_0027026,CLAHE
ISIC_0030095,"Brightness Normalization, Minimal Enhancement"
ISIC_0031394,"Hair Removal, Denoising"
ISIC_0031060,CLAHE
ISIC_0027584,"Hair Removal, Minimal Enhancement"
ISIC_0026634,Minimal Enhancement
ISIC_0028496,CLAHE
ISIC_0027454,"Brightness Correction, Denoising"
ISIC_0031593,
ISIC_0026775,"Hair Removal, Denoising"
ISIC_0024412,"Brightness Normalization, Minimal Enhancement"
ISIC_0032348,
ISIC_0024883,"Hair Removal, Denoising, Minimal Enhancement"
ISIC_0027394,Brightness Correction
ISIC_0024773,"Hair Removal, Denoising, Minimal Enhancement"
ISIC_0027295,
ISIC_0032200,Minimal Enhancement
ISIC_0025583,"Brightness Normalization, Minimal Enhancement"
ISIC_0024358,Minimal Enhancement
ISIC_0030744,Minimal Enhancement
ISIC_0027771,"CLAHE, Denoising"
ISIC_0027344,Brightness Correction
ISIC_0028846,"Hair Removal, Brightness Correction, Denoising"
ISIC_0026159,CLAHE
ISIC_0027367,"Hair Removal, Denoising, Minimal Enhancement"
ISIC_0028952,"Hair Removal, Denoising, Minimal Enhancement"
ISIC_0024748,"Hair Removal, Denoising"
ISIC_0032156,"Hair Removal, Minimal Enhancement"
ISIC_0030783,CLAHE
ISIC_0028200,Minimal Enhancement
ISIC_0029100,"Hair Removal, Denoising"
ISIC_0027287,"Hair Removal, Denoising, Minimal Enhancement"
ISIC_0024494,"Hair Removal, Denoising, Minimal Enhancement"
ISIC_0026923,Minimal Enhancement
ISIC_0024445,"Brightness Normalization, Minimal Enhancement"
ISIC_0029358,"Brightness Correction, CLAHE"
ISIC_0031766,"Brightness Normalization, Minimal Enhancement"
ISIC_0030258,"Hair Removal, Brightness Correction"
ISIC_0030203,"Brightness Correction, CLAHE"
ISIC_0025297,
ISIC_0024676,"Brightness Normalization, Minimal Enhancement"
ISIC_0027606,"Brightness Normalization, Minimal Enhancement"
ISIC_0025703,Minimal Enhancement
ISIC_0032051,Brightness Correction
ISIC_0026443,"CLAHE, Denoising"
ISIC_0032481,
ISIC_0030459,Brightness Correction
ISIC_0029776,CLAHE
ISIC_0027996,"Brightness Correction, Minimal Enhancement"
ISIC_0024453,Minimal Enhancement
ISIC_0029519,"Brightness Normalization, Minimal Enhancement"
ISIC_0026644,"Brightness Normalization, Minimal Enhancement"
ISIC_0030522,
ISIC_0029051,
ISIC_0025985,Minimal Enhancement
ISIC_0026861,"Hair Removal, Brightness Normalization, Denoising, Minimal Enhancement"
ISIC_0025830,Minimal Enhancement
ISIC_0031686,Minimal Enhancement
ISIC_0030208,"Brightness Normalization, Minimal Enhancement"
ISIC_0032006,"Hair Removal, Brightness Normalization, Denoising, Minimal Enhancement"
ISIC_0028920,Minimal Enhancement
ISIC_0030723,"Brightness Correction, CLAHE"
ISIC_0032373,"Hair Removal, Denoising, Minimal Enhancement"
ISIC_0028555,CLAHE
ISIC_0029568,
ISIC_0029217,
ISIC_0028254,Minimal Enhancement
ISIC_0030561,
ISIC_0027320,Denoising
ISIC_0031591,"Hair Removal, Brightness Correction, CLAHE, Denoising"
ISIC_0025275,CLAHE
ISIC_0026606,"Brightness Correction, CLAHE"
ISIC_0025986,"Brightness Correction, CLAHE"
ISIC_0029108,"Brightness Normalization, CLAHE, Minimal Enhancement"
ISIC_0028511,"Brightness Normalization, Minimal Enhancement"
ISIC_0026714,"Hair Removal, Brightness Correction, Minimal Enhancement"
ISIC_0028473,"Brightness Correction, Denoising"
ISIC_0025529,"Brightness Correction, CLAHE"
ISIC_0026481,"Brightness Normalization, Minimal Enhancement"
ISIC_0025075,CLAHE
ISIC_0030007,"Brightness Correction, CLAHE"
ISIC_0025928,"Hair Removal, Brightness Correction"
ISIC_0030812,"Hair Removal, Denoising, Minimal Enhancement"
ISIC_0029802,"Brightness Normalization, CLAHE, Minimal Enhancement"
ISIC_0027969,
ISIC_0031770,Denoising
ISIC_0029557,Hair Removal
ISIC_0026661,"Hair Removal, Brightness Normalization, Minimal Enhancement"
ISIC_0032123,CLAHE
ISIC_0025805,"Brightness Normalization, Minimal Enhancement"
ISIC_0029166,"Brightness Normalization, CLAHE"
ISIC_0026018,CLAHE
ISIC_0026477,
ISIC_0029789,
ISIC_0030026,"Brightness Normalization, CLAHE, Minimal Enhancement"
ISIC_0031851,"Brightness Normalization, CLAHE, Minimal Enhancement"
ISIC_0030436,CLAHE
ISIC_0031819,"Hair Removal, Brightness Correction, Denoising"
ISIC_0027754,
ISIC_0024741,"Hair Removal, Denoising, Minimal Enhancement"
ISIC_0026286,Brightness Correction
ISIC_0024880,CLAHE
ISIC_0025659,CLAHE
ISIC_0026679,"Hair Removal, Denoising"
ISIC_0029420,CLAHE
ISIC_0032230,
ISIC_0029525,Minimal Enhancement
ISIC_0029474,Brightness Correction
ISIC_0027219,"Brightness Normalization, Minimal Enhancement"
ISIC_0032045,"Hair Removal, Brightness Correction, Denoising"
ISIC_0024381,"Brightness Correction, CLAHE"
ISIC_0026265,"Brightness Normalization, CLAHE"
ISIC_0024426,
ISIC_0031016,Minimal Enhancement
ISIC_0026044,CLAHE
ISIC_0027706,"Brightness Normalization, Minimal Enhancement"
ISIC_0024740,CLAHE
ISIC_0027801,"Brightness Normalization, CLAHE"
ISIC_0030346,"Hair Removal, Denoising"
ISIC_0026526,"Brightness Correction, CLAHE"
ISIC_0025376,Minimal Enhancement
ISIC_0029991,Denoising
ISIC_0024726,Minimal Enhancement
ISIC_0029603,
ISIC_0028100,Brightness Correction
ISIC_0031449,"Hair Removal, Denoising"
ISIC_0026842,Brightness Correction
ISIC_0026444,"Brightness Correction, Minimal Enhancement"
ISIC_0024422,
ISIC_0030649,"Brightness Normalization, Minimal Enhancement"
ISIC_0025746,"Brightness Correction, CLAHE"
ISIC_0032043,Brightness Correction
ISIC_0030806,Minimal Enhancement
ISIC_0028388,"Denoising, Minimal Enhancement"
ISIC_0029791,"Hair Removal, Denoising"
ISIC_0027806,"Hair Removal, Brightness Normalization, Denoising, Minimal Enhancement"
ISIC_0031168,Minimal Enhancement
ISIC_0025575,"Hair Removal, Brightness Correction, Denoising"
ISIC_0025781,"Brightness Normalization, Minimal Enhancement"
ISIC_0024547,"Hair Removal, Brightness Correction, Denoising"
ISIC_0029249,Minimal Enhancement
ISIC_0030822,Minimal Enhancement
ISIC_0024758,Minimal Enhancement
ISIC_0030636,Denoising
ISIC_0027760,Hair Removal
ISIC_0026538,"Brightness Normalization, Minimal Enhancement"
ISIC_0024760,Brightness Correction
ISIC_0029897,"CLAHE, Minimal Enhancement"
ISIC_0024970,Minimal Enhancement
ISIC_0027006,CLAHE
ISIC_0029596,Minimal Enhancement
ISIC_0025351,Minimal Enhancement
ISIC_0028881,"Brightness Normalization, Minimal Enhancement"
ISIC_0029580,"Hair Removal, Brightness Correction, Denoising"
ISIC_0027527,Minimal Enhancement
ISIC_0028972,"Hair Removal, Denoising"
ISIC_0031078,Brightness Correction
ISIC_0031464,Hair Removal
ISIC_0025693,"Hair Removal, Brightness Correction, Denoising"
ISIC_0032116,CLAHE
ISIC_0027451,"Brightness Normalization, CLAHE, Minimal Enhancement"
ISIC_0030329,CLAHE
ISIC_0029311,"Hair Removal, Brightness Correction, Denoising"
ISIC_0026849,CLAHE
ISIC_0030396,"Hair Removal, Brightness Correction, Minimal Enhancement"
ISIC_0024893,"Brightness Normalization, CLAHE, Minimal Enhancement"
ISIC_0031702,"Brightness Normalization, CLAHE"
ISIC_0029031,Minimal Enhancement
ISIC_0024772,"Brightness Correction, CLAHE"
ISIC_0026219,"Hair Removal, Denoising, Minimal Enhancement"
ISIC_0025222,Minimal Enhancement
ISIC_0029139,"Hair Removal, Denoising"
ISIC_0031061,"Brightness Normalization, Minimal Enhancement"
ISIC_0025973,"Hair Removal, Brightness Normalization, Minimal Enhancement"
ISIC_0025086,Brightness Correction
ISIC_0026895,CLAHE
ISIC_0025716,
ISIC_0024471,"Brightness Correction, CLAHE"
ISIC_0029878,CLAHE
ISIC_0027991,
ISIC_0031289,"Brightness Correction, CLAHE, Denoising"
ISIC_0030172,"Hair Removal, Brightness Correction, Denoising"
ISIC_0025627,
ISIC_0031580,
ISIC_0028389,"Hair Removal, Denoising"
ISIC_0025064,Minimal Enhancement
ISIC_0028750,"Hair Removal, Denoising"
ISIC_0030758,"Hair Removal, CLAHE, Denoising"
ISIC_0027355,Minimal Enhancement
ISIC_0030365,Minimal Enhancement
ISIC_0026787,Hair Removal
ISIC_0026245,
ISIC_0028043,"Hair Removal, Minimal Enhancement"
ISIC_0028640,"Hair Removal, Brightness Correction, Denoising"
ISIC_0026514,"Hair Removal, Denoising, Minimal Enhancement"
ISIC_0026378,Denoising
ISIC_0030188,"Brightness Normalization, Minimal Enhancement"
ISIC_0027192,"Brightness Correction, CLAHE"
ISIC_0027437,"Hair Removal, Brightness Correction, Denoising"
ISIC_0028201,CLAHE
ISIC_0028223,"Hair Removal, Denoising, Minimal Enhancement"
ISIC_0026614,"Brightness Correction, CLAHE"
ISIC_0029810,"Hair Removal, Brightness Normalization, Denoising, Minimal Enhancement"
ISIC_0028550,"Brightness Normalization, CLAHE, Minimal Enhancement"
ISIC_0024477,"Brightness Normalization, CLAHE, Minimal Enhancement"
ISIC_0026493,"Hair Removal, Brightness Correction"
ISIC_0028840,"Brightness Normalization, CLAHE, Minimal Enhancement"
ISIC_0029678,"Brightness Correction, CLAHE"
ISIC_0031937,Minimal Enhancement
ISIC_0025719,"Brightness Correction, Denoising, Minimal Enhancement"
ISIC_0029260,"Hair Removal, Brightness Normalization, Minimal Enhancement"
ISIC_0030683,"Brightness Normalization, CLAHE"
ISIC_0028237,CLAHE
ISIC_0029585,CLAHE
ISIC_0027990,"Brightness Normalization, Denoising, Minimal Enhancement"
ISIC_0025883,"Brightness Normalization, CLAHE, Minimal Enhancement"
ISIC_0026290,"Brightness Correction, CLAHE"
ISIC_0031050,"Hair Removal, Brightness Normalization, Denoising, Minimal Enhancement"
ISIC_0024997,"Brightness Normalization, Minimal Enhancement"
ISIC_0024761,Minimal Enhancement
ISIC_0030876,"Hair Removal, Denoising"
ISIC_0024982,"Hair Removal, Denoising, Minimal Enhancement"
ISIC_0029126,"Brightness Normalization, Minimal Enhancement"
ISIC_0028702,"Hair Removal, Brightness Correction, Minimal Enhancement"
ISIC_0026843,"Brightness Correction, Minimal Enhancement"
ISIC_0025519,Minimal Enhancement
ISIC_0029841,"Brightness Normalization, CLAHE, Denoising"
ISIC_0030319,"Brightness Normalization, CLAHE, Minimal Enhancement"
ISIC_0030965,"Brightness Normalization, Minimal Enhancement"
ISIC_0025699,"Brightness Normalization, Minimal Enhancement"
ISIC_0029617,CLAHE
ISIC_0031783,"Brightness Correction, Denoising"
ISIC_0030137,"Hair Removal, Brightness Normalization, Minimal Enhancement"
ISIC_0024371,Minimal Enhancement
ISIC_0026947,"Brightness Normalization, Minimal Enhancement"
ISIC_0024839,
ISIC_0031808,CLAHE
ISIC_0026316,"Brightness Normalization, CLAHE, Minimal Enhancement"
ISIC_0028104,Minimal Enhancement
ISIC_0024696,Brightness Correction
ISIC_0030458,"Hair Removal, CLAHE, Denoising"
ISIC_0027470,Brightness Correction
ISIC_0031522,"Brightness Normalization, Minimal Enhancement"
ISIC_0031352,"Hair Removal, CLAHE"
ISIC_0024910,CLAHE
ISIC_0026675,Minimal Enhancement
ISIC_0026335,"Brightness Normalization, Minimal Enhancement"
ISIC_0031150,CLAHE
ISIC_0026070,
ISIC_0032024,Brightness Correction
ISIC_0032235,Minimal Enhancement
ISIC_0027916,
ISIC_0025374,"Brightness Normalization, Minimal Enhancement"
ISIC_0031961,CLAHE
ISIC_0030533,Minimal Enhancement
ISIC_0032456,"Brightness Normalization, Minimal Enhancement"
ISIC_0026072,CLAHE
ISIC_0025939,"Brightness Correction, Denoising"
ISIC_0027335,"Brightness Normalization, Minimal Enhancement"
ISIC_0026365,"Hair Removal, Brightness Correction, Denoising"
ISIC_0028656,Minimal Enhancement
ISIC_0031716,CLAHE
ISIC_0029080,"Brightness Normalization, Minimal Enhancement"
ISIC_0028650,"Brightness Normalization, Minimal Enhancement"
ISIC_0027973,"Hair Removal, Brightness Normalization, Denoising, Minimal Enhancement"
ISIC_0024495,"Hair Removal, Denoising"
ISIC_0027018,"Hair Removal, Brightness Correction, Minimal Enhancement"
ISIC_0031138,"Brightness Normalization, Minimal Enhancement"
ISIC_0025389,"Brightness Normalization, Minimal Enhancement"
ISIC_0028710,CLAHE
ISIC_0031903,"Hair Removal, Brightness Normalization, Denoising, Minimal Enhancement"
ISIC_0029384,"Brightness Normalization, Minimal Enhancement"
ISIC_0031630,
ISIC_0027893,"Brightness Correction, Minimal Enhancement"
ISIC_0027982,"Hair Removal, Brightness Correction, Denoising"
ISIC_0030318,"Hair Removal, Brightness Correction, Denoising"
ISIC_0026737,"Brightness Normalization, CLAHE"
ISIC_0031459,"Brightness Normalization, CLAHE"
ISIC_0028749,"Hair Removal, Brightness Normalization, Minimal Enhancement"
ISIC_0032445,CLAHE
ISIC_0028593,"Brightness Normalization, Minimal Enhancement"
ISIC_0026961,"Brightness Normalization, Minimal Enhancement"
ISIC_0030849,Minimal Enhancement
ISIC_0024420,Minimal Enhancement
ISIC_0030801,"Hair Removal, Brightness Correction, Denoising"
ISIC_0032358,"Brightness Normalization, Minimal Enhancement"
ISIC_0031200,"Brightness Normalization, Minimal Enhancement"
ISIC_0029101,Minimal Enhancement
ISIC_0024612,"Brightness Normalization, Minimal Enhancement"
ISIC_0031707,"Brightness Normalization, Minimal Enhancement"
ISIC_0027064,CLAHE
ISIC_0031537,"Hair Removal, Brightness Correction"
ISIC_0030231,"Hair Removal, Brightness Correction, Denoising"
ISIC_0030081,"Hair Removal, Brightness Correction"
ISIC_0031334,"Hair Removal, Denoising, Minimal Enhancement"
ISIC_0027681,"Hair Removal, Denoising"
ISIC_0029032,CLAHE
ISIC_0029243,"Hair Removal, Brightness Correction, Denoising"
ISIC_0025040,"Hair Removal, Brightness Correction, CLAHE, Denoising"
ISIC_0030988,Brightness Correction
ISIC_0024336,"Hair Removal, Denoising"
ISIC_0026704,Hair Removal
ISIC_0029302,"Brightness Correction, Minimal Enhancement"
ISIC_0027953,Minimal Enhancement
ISIC_0028995,Minimal Enhancement
ISIC_0026523,"Hair Removal, Brightness Correction, Denoising"
ISIC_0026142,"Brightness Normalization, CLAHE, Denoising, Minimal Enhancement"
ISIC_0029206,Brightness Correction
ISIC_0031951,CLAHE
ISIC_0030310,"Hair Removal, Denoising, Minimal Enhancement"
ISIC_0030608,"Denoising, Minimal Enhancement"
ISIC_0026553,"Hair Removal, Brightness Normalization, Denoising"
ISIC_0024851,CLAHE
ISIC_0029040,Brightness Correction
ISIC_0029588,"Brightness Normalization, CLAHE"
ISIC_0031181,"Brightness Normalization, Denoising, Minimal Enhancement"
ISIC_0024947,
ISIC_0024446,"Hair Removal, Denoising"
ISIC_0031287,"Brightness Normalization, CLAHE, Minimal Enhancement"
ISIC_0032365,CLAHE
ISIC_0026139,Minimal Enhancement
ISIC_0027967,Minimal Enhancement
ISIC_0024338,Minimal Enhancement
ISIC_0030935,"Brightness Normalization, CLAHE, Minimal Enhancement"
ISIC_0029213,"CLAHE, Denoising"
ISIC_0032040,Brightness Correction
ISIC_0028229,"Brightness Normalization, Minimal Enhancement"
ISIC_0025068,Minimal Enhancement
ISIC_0025199,"Brightness Normalization, Minimal Enhancement"
ISIC_0030372,"Hair Removal, Brightness Correction"
ISIC_0028404,Minimal Enhancement
ISIC_0025083,"Denoising, Minimal Enhancement"
ISIC_0027017,Minimal Enhancement
ISIC_0029849,"Brightness Normalization, CLAHE, Denoising, Minimal Enhancement"
ISIC_0025292,"Brightness Normalization, CLAHE, Minimal Enhancement"
ISIC_0028943,"Hair Removal, Brightness Normalization, CLAHE"
ISIC_0024312,Minimal Enhancement
ISIC_0030976,Minimal Enhancement
ISIC_0024871,"Hair Removal, Brightness Correction"
ISIC_0028830,"Brightness Normalization, Minimal Enhancement"
ISIC_0028376,"Denoising, Minimal Enhancement"
ISIC_0026576,
ISIC_0027504,"Brightness Normalization, Minimal Enhancement"
ISIC_0026409,"Hair Removal, Brightness Normalization, Minimal Enhancement"
ISIC_0025345,CLAHE
ISIC_0032303,"Brightness Normalization, CLAHE, Minimal Enhancement"
ISIC_0032103,CLAHE
ISIC_0028707,Minimal Enhancement
ISIC_0024825,"Brightness Correction, CLAHE"
ISIC_0029406,CLAHE
ISIC_0031980,"Hair Removal, Denoising"
ISIC_0028611,CLAHE
ISIC_0024881,"Hair Removal, Brightness Correction, Denoising"
ISIC_0027094,"Brightness Correction, Minimal Enhancement"
ISIC_0028628,
ISIC_0027509,"Hair Removal, Brightness Correction, Minimal Enhancement"
ISIC_0028414,"Brightness Normalization, Minimal Enhancement"
ISIC_0026539,CLAHE
ISIC_0029764,"Hair Removal, Brightness Correction, Denoising"
ISIC_0028842,Minimal Enhancement
ISIC_0030240,"Hair Removal, Brightness Normalization, Minimal Enhancement"
ISIC_0026871,"Brightness Normalization, CLAHE, Minimal Enhancement"
ISIC_0027859,"Hair Removal, Brightness Correction, CLAHE, Denoising"
ISIC_0028451,"Brightness Normalization, Minimal Enhancement"
ISIC_0026663,Minimal Enhancement
ISIC_0026744,"Brightness Normalization, Minimal Enhancement"
ISIC_0025066,Minimal Enhancement
ISIC_0028236,Minimal Enhancement
ISIC_0029329,CLAHE
ISIC_0028343,"Brightness Normalization, Minimal Enhancement"
ISIC_0031519,CLAHE
ISIC_0025113,"Hair Removal, Denoising"
ISIC_0031261,Minimal Enhancement
ISIC_0028121,"Hair Removal, Brightness Normalization, Denoising, Minimal Enhancement"
ISIC_0029612,"Hair Removal, Brightness Normalization, Denoising, Minimal Enhancement"
ISIC_0028913,"Hair Removal, Denoising, Minimal Enhancement"
ISIC_0026015,"Brightness Normalization, CLAHE"
ISIC_0029443,"Hair Removal, Brightness Correction, Denoising, Minimal Enhancement"
ISIC_0027239,
ISIC_0028124,"Hair Removal, Brightness Normalization, Denoising, Minimal Enhancement"
ISIC_0029115,Brightness Correction
ISIC_0030700,"Brightness Normalization, Minimal Enhancement"
ISIC_0031496,"Hair Removal, CLAHE, Denoising"
ISIC_0025434,"Hair Removal, Denoising"
ISIC_0028165,"Hair Removal, Denoising"
ISIC_0025623,Minimal Enhancement
ISIC_0031465,"Hair Removal, Brightness Correction, Denoising"
ISIC_0031831,"Denoising, Minimal Enhancement"
ISIC_0027770,Minimal Enhancement
ISIC_0024709,"Hair Removal, Brightness Correction"
ISIC_0027354,Minimal Enhancement
ISIC_0027388,"Brightness Normalization, CLAHE, Minimal Enhancement"
ISIC_0030241,Minimal Enhancement
ISIC_0028931,CLAHE
ISIC_0030605,"Brightness Normalization, CLAHE"
ISIC_0031000,"Brightness Normalization, Minimal Enhancement"
ISIC_0024786,"Brightness Normalization, Minimal Enhancement"
ISIC_0029029,"Hair Removal, Denoising"
ISIC_0030130,CLAHE
ISIC_0027392,"Brightness Normalization, Minimal Enhancement"
ISIC_0031037,"Hair Removal, Brightness Correction, Denoising"
ISIC_0025799,"Hair Removal, Brightness Correction, Denoising"
ISIC_0029627,Minimal Enhancement
ISIC_0031825,"Brightness Correction, CLAHE"
ISIC_0030677,"Brightness Normalization, Minimal Enhancement"
ISIC_0025038,"Hair Removal, Brightness Correction, Denoising"
ISIC_0029927,"Brightness Normalization, CLAHE"
ISIC_0026567,"Brightness Correction, Minimal Enhancement"
ISIC_0029102,"Hair Removal, Brightness Correction, Minimal Enhancement"
ISIC_0027154,"Brightness Normalization, CLAHE, Denoising"
ISIC_0030383,"CLAHE, Denoising"
ISIC_0025465,CLAHE
ISIC_0024489,"Brightness Correction, CLAHE"
ISIC_0026276,Hair Removal
ISIC_0026912,"Brightness Normalization, CLAHE, Denoising"
ISIC_0027435,Minimal Enhancement
ISIC_0028180,
ISIC_0026277,
ISIC_0032395,CLAHE
ISIC_0032031,"Brightness Normalization, CLAHE, Minimal Enhancement"
ISIC_0031888,"Brightness Correction, Denoising, Minimal Enhancement"
ISIC_0028622,Minimal Enhancement
ISIC_0031872,"Brightness Correction, Minimal Enhancement"
ISIC_0028294,"Brightness Normalization, CLAHE, Minimal Enhancement"
ISIC_0028662,
ISIC_0031349,"Hair Removal, Denoising"
ISIC_0026263,"Hair Removal, Brightness Normalization, Minimal Enhancement"
ISIC_0024877,"Hair Removal, Brightness Correction"
ISIC_0030835,"Brightness Correction, Denoising"
ISIC_0026280,Brightness Correction
ISIC_0027811,"Hair Removal, Denoising, Minimal Enhancement"
ISIC_0029232,
ISIC_0025470,"Brightness Normalization, CLAHE, Minimal Enhancement"
ISIC_0026249,"Hair Removal, Brightness Correction, Denoising"
ISIC_0031218,"Brightness Normalization, Denoising, Minimal Enhancement"
ISIC_0024705,Minimal Enhancement
ISIC_0026803,Minimal Enhancement
ISIC_0027737,CLAHE
ISIC_0024774,"Brightness Normalization, Minimal Enhancement"
ISIC_0026248,"Hair Removal, Brightness Correction, Denoising"
ISIC_0027194,Minimal Enhancement
ISIC_0026016,CLAHE
ISIC_0029505,CLAHE
ISIC_0025378,
ISIC_0030394,Minimal Enhancement
ISIC_0027735,"Brightness Correction, CLAHE"
ISIC_0024814,"Hair Removal, Brightness Correction, Denoising"
ISIC_0031677,Minimal Enhancement
ISIC_0026069,Minimal Enhancement
ISIC_0026524,CLAHE
ISIC_0027162,"Hair Removal, Denoising, Minimal Enhancement"
ISIC_0027608,Brightness Correction
ISIC_0025312,"Brightness Normalization, Minimal Enhancement"
ISIC_0031277,"Brightness Normalization, Minimal Enhancement"
ISIC_0027270,"Brightness Normalization, CLAHE"
ISIC_0031853,CLAHE
ISIC_0031329,Brightness Correction
ISIC_0031528,"Brightness Correction, CLAHE"
ISIC_0028615,"Brightness Normalization, CLAHE, Minimal Enhancement"
ISIC_0030369,CLAHE
ISIC_0025753,"Hair Removal, Brightness Correction"
ISIC_0031600,"Hair Removal, Denoising, Minimal Enhancement"
ISIC_0032159,Minimal Enhancement
ISIC_0024382,"Hair Removal, Brightness Correction, Denoising"
ISIC_0028490,"Brightness Normalization, CLAHE"
ISIC_0025339,
ISIC_0029070,"Hair Removal, Brightness Correction"
ISIC_0028822,Minimal Enhancement
ISIC_0028876,"Brightness Normalization, Minimal Enhancement"
ISIC_0029527,Brightness Correction
ISIC_0032111,"Hair Removal, Brightness Correction"
ISIC_0031132,Minimal Enhancement
ISIC_0031987,"Hair Removal, Denoising, Minimal Enhancement"
ISIC_0028623,"Hair Removal, Denoising, Minimal Enhancement"
ISIC_0025515,"Hair Removal, Denoising"
ISIC_0029823,"Hair Removal, Brightness Correction, Denoising, Minimal Enhancement"
ISIC_0026631,"Brightness Normalization, CLAHE"
ISIC_0024490,"Brightness Normalization, CLAHE, Minimal Enhancement"
ISIC_0025103,CLAHE
ISIC_0025710,"Brightness Normalization, Minimal Enhancement"
ISIC_0028094,"CLAHE, Denoising"
ISIC_0029455,Minimal Enhancement
ISIC_0025466,CLAHE
ISIC_0030123,"Hair Removal, Minimal Enhancement"
ISIC_0031945,CLAHE
ISIC_0029931,Brightness Correction
ISIC_0024782,CLAHE
ISIC_0029872,"Brightness Normalization, CLAHE"
ISIC_0029135,"Brightness Normalization, Minimal Enhancement"
ISIC_0029947,
ISIC_0028264,"Hair Removal, Minimal Enhancement"
ISIC_0025526,"Brightness Normalization, Denoising, Minimal Enhancement"
ISIC_0024435,Denoising
ISIC_0026590,"Hair Removal, Brightness Correction, Denoising"
ISIC_0026311,"Brightness Normalization, Minimal Enhancement"
ISIC_0029270,CLAHE
ISIC_0030998,"Hair Removal, Brightness Normalization, Denoising, Minimal Enhancement"
ISIC_0029235,
ISIC_0027826,"Hair Removal, Denoising, Minimal Enhancement"
ISIC_0028992,"Hair Removal, Minimal Enhancement"
ISIC_0026351,Minimal Enhancement
ISIC_0029320,"Brightness Normalization, CLAHE, Minimal Enhancement"
ISIC_0029427,CLAHE
ISIC_0029464,"Brightness Normalization, Minimal Enhancement"
ISIC_0026530,"Brightness Correction, CLAHE"
ISIC_0024915,"Hair Removal, CLAHE, Denoising"
ISIC_0024409,CLAHE
ISIC_0029924,CLAHE
ISIC_0028309,"Brightness Normalization, CLAHE, Minimal Enhancement"
ISIC_0027905,"Brightness Normalization, Minimal Enhancement"
ISIC_0029061,"Hair Removal, Brightness Normalization, Denoising, Minimal Enhancement"
ISIC_0031893,"Brightness Normalization, Minimal Enhancement"
ISIC_0027202,"Brightness Normalization, CLAHE"
ISIC_0032498,Minimal Enhancement
ISIC_0024909,"Brightness Normalization, Minimal Enhancement"
ISIC_0028258,"Hair Removal, Brightness Correction, Denoising"
ISIC_0027083,Minimal Enhancement
ISIC_0029778,Brightness Correction
ISIC_0027820,Brightness Correction
ISIC_0029555,Brightness Correction
ISIC_0027831,"Hair Removal, Denoising, Minimal Enhancement"
ISIC_0024602,Brightness Correction
ISIC_0024943,"Hair Removal, Brightness Correction, Denoising"
ISIC_0028479,"Brightness Normalization, CLAHE"
ISIC_0024770,Brightness Correction
ISIC_0028209,"Hair Removal, Brightness Correction, Denoising"
ISIC_0029518,"Brightness Normalization, CLAHE"
ISIC_0028449,"Brightness Normalization, Minimal Enhancement"
ISIC_0028123,"Brightness Normalization, Minimal Enhancement"
ISIC_0026717,CLAHE
ISIC_0027463,"Brightness Normalization, Minimal Enhancement"
ISIC_0025810,"CLAHE, Denoising"
ISIC_0027559,
ISIC_0024408,Minimal Enhancement
ISIC_0030173,Minimal Enhancement
ISIC_0029012,"Hair Removal, Brightness Correction, Denoising"
ISIC_0026174,"Hair Removal, Brightness Correction, CLAHE, Denoising"
ISIC_0027279,"Brightness Normalization, Minimal Enhancement"
ISIC_0032170,"Hair Removal, Denoising"
ISIC_0024498,"Hair Removal, Brightness Normalization, Denoising"
ISIC_0025005,"Hair Removal, Brightness Correction, Denoising"
ISIC_0025851,CLAHE
ISIC_0028347,"Hair Removal, Brightness Correction, Denoising"
ISIC_0033460,Minimal Enhancement
ISIC_0033722,"Brightness Correction, CLAHE"
ISIC_0034315,CLAHE
ISIC_0032967,
ISIC_0033199,Minimal Enhancement
ISIC_0032719,"Hair Removal, CLAHE, Denoising"
ISIC_0030630,Minimal Enhancement
ISIC_0033305,Minimal Enhancement
ISIC_0032179,"Hair Removal, Brightness Correction, Denoising"
ISIC_0031428,Brightness Correction
ISIC_0032315,"Hair Removal, Brightness Normalization, CLAHE"
ISIC_0028411,"Hair Removal, Brightness Correction, Denoising"
ISIC_0032681,"Brightness Normalization, Minimal Enhancement"
ISIC_0033509,"Brightness Normalization, Minimal Enhancement"
ISIC_0032694,"Hair Removal, Brightness Normalization, Minimal Enhancement"
ISIC_0034197,"Brightness Normalization, Minimal Enhancement"
ISIC_0034057,"Brightness Normalization, CLAHE"
ISIC_0033260,"Brightness Correction, CLAHE"
ISIC_0032643,"Brightness Normalization, Minimal Enhancement"
ISIC_0033732,Minimal Enhancement
ISIC_0032827,Brightness Correction
ISIC_0033022,"Hair Removal, Denoising, Minimal Enhancement"
ISIC_0032835,Minimal Enhancement
ISIC_0033480,"Hair Removal, Brightness Correction, Denoising"
ISIC_0034165,"Brightness Normalization, Minimal Enhancement"
ISIC_0033185,"Brightness Normalization, Minimal Enhancement"
ISIC_0033783,Minimal Enhancement
ISIC_0033693,"Hair Removal, Brightness Correction, Minimal Enhancement"
ISIC_0032804,Minimal Enhancement
ISIC_0033924,Minimal Enhancement
ISIC_0033531,"Brightness Correction, CLAHE"
ISIC_0032636,
ISIC_0033270,"Hair Removal, Denoising, Minimal Enhancement"
ISIC_0033246,"Hair Removal, Denoising, Minimal Enhancement"
ISIC_0032843,"Brightness Normalization, CLAHE, Minimal Enhancement"
ISIC_0033528,"Hair Removal, Denoising"
ISIC_0033865,CLAHE
ISIC_0034296,"Brightness Correction, CLAHE, Denoising"
ISIC_0032763,"Brightness Correction, CLAHE, Denoising"
ISIC_0034291,"Hair Removal, Denoising"
ISIC_0034167,"Hair Removal, Denoising, Minimal Enhancement"
ISIC_0033949,Minimal Enhancement
ISIC_0032773,"Hair Removal, Denoising"
ISIC_0033156,"Brightness Normalization, CLAHE, Denoising, Minimal Enhancement"
ISIC_0033701,"Brightness Normalization, Minimal Enhancement"
ISIC_0033854,Minimal Enhancement
ISIC_0033884,"Brightness Normalization, Minimal Enhancement"
ISIC_0034142,"Hair Removal, Denoising, Minimal Enhancement"
ISIC_0033784,"Brightness Normalization, Minimal Enhancement"
ISIC_0033307,CLAHE
ISIC_0033987,"Hair Removal, Denoising"
ISIC_0033553,Minimal Enhancement
ISIC_0033401,Minimal Enhancement
ISIC_0033169,"Hair Removal, Brightness Normalization, Minimal Enhancement"
ISIC_0033855,"Hair Removal, Denoising, Minimal Enhancement"
ISIC_0033660,"Hair Removal, Brightness Correction, Denoising"
ISIC_0034221,Brightness Correction
ISIC_0033945,
ISIC_0033491,Minimal Enhancement
ISIC_0034280,Minimal Enhancement
ISIC_0034151,"Brightness Correction, CLAHE"
ISIC_0033391,"Brightness Normalization, CLAHE, Minimal Enhancement"
ISIC_0033750,"Brightness Normalization, Minimal Enhancement"
ISIC_0033685,"Brightness Normalization, Minimal Enhancement"
ISIC_0033631,"Hair Removal, Brightness Correction, Minimal Enhancement"
ISIC_0033490,"Brightness Normalization, CLAHE, Denoising"
ISIC_0034283,"Brightness Normalization, CLAHE"
ISIC_0032740,"Brightness Normalization, CLAHE"
ISIC_0034186,Brightness Correction
ISIC_0031601,CLAHE
ISIC_0034252,"Brightness Normalization, CLAHE, Minimal Enhancement"
ISIC_0033829,
ISIC_0026790,CLAHE
ISIC_0029113,
ISIC_0030323,"Brightness Normalization, Denoising, Minimal Enhancement"
ISIC_0032113,Minimal Enhancement
ISIC_0032330,
ISIC_0026511,"Brightness Normalization, Minimal Enhancement"
ISIC_0032271,CLAHE
ISIC_0027142,CLAHE
ISIC_0031897,CLAHE
ISIC_0027747,
ISIC_0031253,Brightness Normalization
ISIC_0024643,Minimal Enhancement
ISIC_0029202,"Brightness Correction, CLAHE"
ISIC_0026205,"Hair Removal, Brightness Normalization, Denoising, Minimal Enhancement"
ISIC_0031619,"Brightness Normalization, Minimal Enhancement"
ISIC_0031396,CLAHE
ISIC_0031196,"Brightness Normalization, Minimal Enhancement"
ISIC_0032249,Minimal Enhancement
ISIC_0024337,"Hair Removal, Denoising, Minimal Enhancement"
ISIC_0027370,CLAHE
ISIC_0026566,"Brightness Normalization, Minimal Enhancement"
ISIC_0028681,"Brightness Normalization, Minimal Enhancement"
ISIC_0024383,Minimal Enhancement
ISIC_0029801,CLAHE
ISIC_0032124,"Brightness Normalization, Minimal Enhancement"
ISIC_0029793,Minimal Enhancement
ISIC_0031133,"Denoising, Minimal Enhancement"
ISIC_0030959,"Brightness Correction, Minimal Enhancement"
ISIC_0029251,Minimal Enhancement
ISIC_0026046,"CLAHE, Denoising"
ISIC_0027875,CLAHE
ISIC_0029107,"Brightness Normalization, Minimal Enhancement"
ISIC_0031511,"Hair Removal, Denoising, Minimal Enhancement"
ISIC_0028587,"Denoising, Minimal Enhancement"
ISIC_0026291,Minimal Enhancement
ISIC_0026422,
ISIC_0030316,Minimal Enhancement
ISIC_0028497,"Brightness Normalization, CLAHE, Minimal Enhancement"
ISIC_0029345,"Brightness Normalization, CLAHE, Minimal Enhancement"
ISIC_0026846,"Hair Removal, Denoising"
ISIC_0026441,"Hair Removal, Brightness Correction, Denoising, Minimal Enhancement"
ISIC_0026907,CLAHE
ISIC_0026867,Minimal Enhancement
ISIC_0028448,"Hair Removal, Brightness Correction, Denoising, Minimal Enhancement"
ISIC_0028503,"Brightness Normalization, CLAHE"
ISIC_0028826,"Brightness Normalization, CLAHE"
ISIC_0031226,"Hair Removal, CLAHE"
ISIC_0032460,"Brightness Normalization, CLAHE, Minimal Enhancement"
ISIC_0027025,CLAHE
ISIC_0030067,Minimal Enhancement
ISIC_0031436,CLAHE
ISIC_0027041,"Brightness Normalization, Minimal Enhancement"
ISIC_0030088,Hair Removal
ISIC_0026959,
ISIC_0027167,"Hair Removal, Denoising"
ISIC_0028525,"Denoising, Minimal Enhancement"
ISIC_0027954,CLAHE
ISIC_0024850,"Brightness Normalization, CLAHE"
ISIC_0031088,"Hair Removal, Brightness Correction, Denoising"
ISIC_0025758,Minimal Enhancement
ISIC_0025392,"Hair Removal, CLAHE, Denoising"
ISIC_0025856,CLAHE
ISIC_0030160,Minimal Enhancement
ISIC_0028331,CLAHE
ISIC_0026783,CLAHE
ISIC_0029731,"Brightness Correction, CLAHE"
ISIC_0028386,"Hair Removal, Denoising"
ISIC_0031558,"Hair Removal, Denoising, Minimal Enhancement"
ISIC_0025330,"Hair Removal, Denoising"
ISIC_0031577,Minimal Enhancement
ISIC_0025804,"Hair Removal, Brightness Correction, Minimal Enhancement"
ISIC_0027275,"Brightness Normalization, Minimal Enhancement"
ISIC_0027710,Minimal Enhancement
ISIC_0031024,"Brightness Normalization, CLAHE, Minimal Enhancement"
ISIC_0030056,"Hair Removal, Brightness Correction, Denoising"
ISIC_0029195,Minimal Enhancement
ISIC_0026135,Brightness Correction
ISIC_0029233,"Brightness Correction, CLAHE"
ISIC_0030207,"Hair Removal, Brightness Correction, Denoising"
ISIC_0026967,"Brightness Normalization, Denoising, Minimal Enhancement"
ISIC_0025131,"Hair Removal, Brightness Correction, Denoising"
ISIC_0031223,"Brightness Normalization, Minimal Enhancement"
ISIC_0030226,CLAHE
ISIC_0028958,CLAHE
ISIC_0031125,
ISIC_0029227,"Hair Removal, Denoising"
ISIC_0025454,Brightness Correction
ISIC_0025879,
ISIC_0027612,"Brightness Normalization, Minimal Enhancement"
ISIC_0029676,"Hair Removal, Brightness Correction"
ISIC_0032359,"Brightness Normalization, Denoising, Minimal Enhancement"
ISIC_0027428,
ISIC_0026446,Brightness Correction
ISIC_0026262,Brightness Correction
ISIC_0026416,Brightness Correction
ISIC_0029048,Minimal Enhancement
ISIC_0025431,"Brightness Normalization, Minimal Enhancement"
ISIC_0027332,"Brightness Normalization, CLAHE, Minimal Enhancement"
ISIC_0029741,"Brightness Normalization, Minimal Enhancement"
ISIC_0028925,"Brightness Correction, Denoising, Minimal Enhancement"
ISIC_0026556,"Hair Removal, Denoising, Minimal Enhancement"
ISIC_0031362,"Hair Removal, Brightness Normalization, Denoising, Minimal Enhancement"
ISIC_0026941,"Hair Removal, Brightness Normalization, Denoising, Minimal Enhancement"
ISIC_0025654,"Hair Removal, Brightness Correction, CLAHE"
ISIC_0025387,"Brightness Correction, Denoising"
ISIC_0027027,Brightness Correction
ISIC_0029036,"Hair Removal, Denoising"
ISIC_0029880,"Hair Removal, Denoising"
ISIC_0025484,Minimal Enhancement
ISIC_0030488,"Hair Removal, Brightness Correction, Denoising, Minimal Enhancement"
ISIC_0031761,CLAHE
ISIC_0030583,"Brightness Normalization, Minimal Enhancement"
ISIC_0026042,Minimal Enhancement
ISIC_0028797,"Hair Removal, CLAHE, Denoising"
ISIC_0027326,"Brightness Normalization, CLAHE"
ISIC_0030789,"Brightness Normalization, Minimal Enhancement"
ISIC_0027008,"Hair Removal, Brightness Normalization, Denoising, Minimal Enhancement"
ISIC_0028790,"Hair Removal, Denoising, Minimal Enhancement"
ISIC_0028880,"Brightness Normalization, CLAHE"
ISIC_0031309,Minimal Enhancement
ISIC_0030021,
ISIC_0027118,"CLAHE, Denoising"
ISIC_0027613,"Hair Removal, Brightness Correction, Denoising"
ISIC_0032468,"Brightness Normalization, Minimal Enhancement"
ISIC_0029760,"Brightness Correction, CLAHE"
ISIC_0030555,CLAHE
ISIC_0030244,"Hair Removal, Brightness Normalization, Minimal Enhancement"
ISIC_0031827,"Hair Removal, Minimal Enhancement"
ISIC_0031002,Minimal Enhancement
ISIC_0025668,
ISIC_0032410,"Hair Removal, Denoising, Minimal Enhancement"
ISIC_0030579,"Denoising, Minimal Enhancement"
ISIC_0034169,"Hair Removal, Brightness Normalization, Denoising"
ISIC_0032941,
ISIC_0032642,"Brightness Normalization, CLAHE, Denoising"
ISIC_0033790,"Brightness Normalization, Minimal Enhancement"
ISIC_0033675,"Hair Removal, Brightness Normalization, Minimal Enhancement"
ISIC_0029248,"Brightness Normalization, Minimal Enhancement"
ISIC_0030442,
ISIC_0032247,"Brightness Normalization, Minimal Enhancement"
ISIC_0031429,"Brightness Normalization, CLAHE"
ISIC_0030321,"Hair Removal, Brightness Correction, Denoising"
ISIC_0025302,"Hair Removal, Denoising"
ISIC_0029039,"Brightness Correction, CLAHE"
ISIC_0025504,Denoising
ISIC_0027727,Brightness Correction
ISIC_0027107,"Brightness Normalization, Minimal Enhancement"
ISIC_0027648,Denoising
ISIC_0029967,"Brightness Normalization, CLAHE, Minimal Enhancement"
ISIC_0027876,Brightness Correction
ISIC_0032138,
ISIC_0028926,Minimal Enhancement
ISIC_0025954,"Brightness Normalization, Minimal Enhancement"
ISIC_0029783,Minimal Enhancement
ISIC_0029578,"Hair Removal, Brightness Correction, Denoising, Minimal Enhancement"
ISIC_0030011,
ISIC_0030427,"Brightness Normalization, Minimal Enhancement"
ISIC_0027626,"Hair Removal, Denoising, Minimal Enhancement"
ISIC_0024973,"Hair Removal, Brightness Normalization, Minimal Enhancement"
ISIC_0029891,"Brightness Normalization, Denoising"
ISIC_0030757,Minimal Enhancement
ISIC_0031358,"Brightness Normalization, CLAHE, Minimal Enhancement"
ISIC_0031735,Minimal Enhancement
ISIC_0026473,Minimal Enhancement
ISIC_0032114,"Hair Removal, Denoising"
ISIC_0026789,"Hair Removal, Brightness Normalization, Minimal Enhancement"
ISIC_0031344,Minimal Enhancement
ISIC_0028346,"Brightness Normalization, CLAHE, Minimal Enhancement"
ISIC_0025154,"Hair Removal, Brightness Normalization, Denoising, Minimal Enhancement"
ISIC_0029962,"Hair Removal, Denoising"
ISIC_0031457,"Brightness Correction, CLAHE"
ISIC_0029824,"Brightness Normalization, Minimal Enhancement"
ISIC_0025622,Denoising
ISIC_0031372,CLAHE
ISIC_0026313,
ISIC_0026417,
ISIC_0028735,"Hair Removal, Brightness Correction, CLAHE, Denoising"
ISIC_0031443,Minimal Enhancement
ISIC_0025223,"Brightness Normalization, Minimal Enhancement"
ISIC_0030015,"Hair Removal, Brightness Correction, Denoising"
ISIC_0024318,Minimal Enhancement
ISIC_0024396,CLAHE
ISIC_0024330,"Hair Removal, Brightness Normalization, Denoising, Minimal Enhancement"
ISIC_0027188,
ISIC_0031123,"Hair Removal, Brightness Correction, Denoising"
ISIC_0024845,"Brightness Correction, CLAHE"
ISIC_0032613,"Brightness Normalization, Minimal Enhancement"
ISIC_0033256,"Hair Removal, Brightness Correction, Denoising"
ISIC_0034135,Minimal Enhancement
ISIC_0033626,Minimal Enhancement
ISIC_0033780,"Brightness Correction, CLAHE"
ISIC_0033891,"Hair Removal, Brightness Correction"
ISIC_0033554,CLAHE
ISIC_0033810,CLAHE
ISIC_0033695,Minimal Enhancement
ISIC_0033005,CLAHE
ISIC_0033422,CLAHE
ISIC_0027488,"Denoising, Minimal Enhancement"
ISIC_0033808,Minimal Enhancement
ISIC_0033847,CLAHE
ISIC_0033860,"Hair Removal, Brightness Correction, Denoising"
ISIC_0024994,"Brightness Normalization, Minimal Enhancement"
ISIC_0030830,"Hair Removal, Brightness Correction, Denoising"
ISIC_0027745,CLAHE
ISIC_0024553,Minimal Enhancement
ISIC_0025594,"Hair Removal, Brightness Correction, Denoising"
ISIC_0025911,"Hair Removal, Brightness Correction, Denoising"
ISIC_0026254,"Brightness Normalization, CLAHE, Minimal Enhancement"
ISIC_0026471,"Brightness Normalization, CLAHE"
ISIC_0029052,"Hair Removal, Brightness Correction, Denoising"
ISIC_0025980,"Hair Removal, Brightness Correction, Denoising"
ISIC_0031271,CLAHE
ISIC_0025903,
ISIC_0028651,"Brightness Normalization, Minimal Enhancement"
ISIC_0030665,"Brightness Normalization, Minimal Enhancement"
ISIC_0027141,"Hair Removal, Denoising"
ISIC_0031257,"Hair Removal, Brightness Correction, Denoising"
ISIC_0024386,Minimal Enhancement
ISIC_0026629,"Brightness Correction, CLAHE"
ISIC_0029973,"Brightness Normalization, CLAHE, Minimal Enhancement"
ISIC_0027598,"Brightness Normalization, Minimal Enhancement"
ISIC_0031799,"Brightness Normalization, Minimal Enhancement"
ISIC_0029130,
ISIC_0027044,"Hair Removal, Denoising"
ISIC_0029177,CLAHE
ISIC_0025314,
ISIC_0025373,Hair Removal
ISIC_0025771,Brightness Correction
ISIC_0030870,Minimal Enhancement
ISIC_0029297,"Brightness Normalization, Denoising, Minimal Enhancement"
ISIC_0027216,
ISIC_0024693,"Hair Removal, Minimal Enhancement"
ISIC_0025964,"Brightness Normalization, Minimal Enhancement"
ISIC_0030623,"Brightness Normalization, Minimal Enhancement"
ISIC_0027190,"Hair Removal, Brightness Correction, Denoising"
ISIC_0031023,"Hair Removal, Brightness Correction, Denoising, Minimal Enhancement"
ISIC_0028086,"Brightness Normalization, CLAHE"
ISIC_0031177,"Brightness Correction, CLAHE"
ISIC_0026993,"Brightness Normalization, CLAHE, Minimal Enhancement"
ISIC_0026120,"Hair Removal, Brightness Correction"
ISIC_0028412,"Brightness Normalization, CLAHE, Minimal Enhancement"
ISIC_0030417,"Hair Removal, Brightness Correction, Denoising"
ISIC_0026531,Minimal Enhancement
ISIC_0032396,"Hair Removal, Brightness Correction, Denoising"
ISIC_0030443,"Hair Removal, Brightness Normalization, Minimal Enhancement"
ISIC_0031499,"Brightness Normalization, Minimal Enhancement"
ISIC_0025450,"Hair Removal, CLAHE"
ISIC_0024586,
ISIC_0025451,"Brightness Normalization, Minimal Enhancement"
ISIC_0032248,Minimal Enhancement
ISIC_0028445,"Brightness Normalization, Minimal Enhancement"
ISIC_0027076,"Denoising, Minimal Enhancement"
ISIC_0029512,"Hair Removal, Denoising"
ISIC_0027872,"Brightness Correction, Denoising"
ISIC_0030486,"Hair Removal, Brightness Normalization, Denoising, Minimal Enhancement"
ISIC_0029028,"Brightness Normalization, Minimal Enhancement"
ISIC_0027125,"Brightness Normalization, Minimal Enhancement"
ISIC_0029575,"Hair Removal, CLAHE"
ISIC_0028361,"Hair Removal, Brightness Correction, CLAHE"
ISIC_0029081,"Hair Removal, CLAHE, Denoising"
ISIC_0025744,Minimal Enhancement
ISIC_0030119,"Hair Removal, Minimal Enhancement"
ISIC_0028215,CLAHE
ISIC_0025303,CLAHE
ISIC_0030129,"Brightness Normalization, Minimal Enhancement"
ISIC_0032214,CLAHE
ISIC_0028069,CLAHE
ISIC_0028579,"Brightness Normalization, Minimal Enhancement"
ISIC_0029281,"Brightness Correction, CLAHE"
ISIC_0024367,"Hair Removal, Brightness Correction"
ISIC_0030281,Minimal Enhancement
ISIC_0024481,CLAHE
ISIC_0031118,Brightness Correction
ISIC_0030080,"Brightness Correction, Denoising"
ISIC_0031953,"Hair Removal, Denoising"
ISIC_0031406,"Brightness Normalization, Minimal Enhancement"
ISIC_0026115,
ISIC_0026281,Minimal Enhancement
ISIC_0027277,"Brightness Correction, CLAHE"
ISIC_0028642,"Hair Removal, Denoising"
ISIC_0032079,"Brightness Normalization, Minimal Enhancement"
ISIC_0026150,Minimal Enhancement
ISIC_0031642,Hair Removal
ISIC_0027043,Brightness Correction
ISIC_0027174,Minimal Enhancement
ISIC_0025277,"Hair Removal, Brightness Correction, Denoising"
ISIC_0024729,"Brightness Normalization, CLAHE, Minimal Enhancement"
ISIC_0031711,"Brightness Correction, CLAHE"
ISIC_0025234,Minimal Enhancement
ISIC_0029000,"Denoising, Minimal Enhancement"
ISIC_0025955,CLAHE
ISIC_0025751,"Brightness Normalization, Minimal Enhancement"
ISIC_0026754,"Brightness Normalization, Minimal Enhancement"
ISIC_0027063,"Brightness Normalization, Minimal Enhancement"
ISIC_0032331,"Brightness Normalization, Minimal Enhancement"
ISIC_0032400,Minimal Enhancement
ISIC_0024545,"Brightness Correction, Minimal Enhancement"
ISIC_0028109,Brightness Correction
ISIC_0033186,"Hair Removal, Brightness Correction"
ISIC_0030060,"Hair Removal, Brightness Correction, Denoising, Minimal Enhancement"
ISIC_0030211,"Denoising, Minimal Enhancement"
ISIC_0026892,Minimal Enhancement
ISIC_0024987,"Brightness Normalization, CLAHE, Minimal Enhancement"
ISIC_0030171,
ISIC_0028291,
ISIC_0024898,Minimal Enhancement
ISIC_0029538,
ISIC_0032313,"Brightness Normalization, Minimal Enhancement"
ISIC_0027769,"Hair Removal, Brightness Correction, Denoising"
ISIC_0029913,"Hair Removal, Brightness Normalization, Denoising"
ISIC_0026909,Brightness Correction
ISIC_0026113,"Brightness Normalization, Denoising, Minimal Enhancement"
ISIC_0032265,"Brightness Normalization, Minimal Enhancement"
ISIC_0032308,CLAHE
ISIC_0025081,"Brightness Normalization, Minimal Enhancement"
ISIC_0030134,"Hair Removal, Brightness Normalization, Denoising"
ISIC_0030445,"Brightness Normalization, CLAHE, Minimal Enhancement"
ISIC_0030798,"Brightness Normalization, CLAHE"
ISIC_0026596,Minimal Enhancement
ISIC_0028056,Brightness Correction
ISIC_0032019,CLAHE
ISIC_0025155,"Hair Removal, Brightness Correction, Denoising"
ISIC_0031557,"Hair Removal, Brightness Correction, Denoising"
ISIC_0024792,Minimal Enhancement
ISIC_0030898,"Brightness Normalization, CLAHE"
ISIC_0032244,"Brightness Normalization, CLAHE, Minimal Enhancement"
ISIC_0028901,"Brightness Normalization, Minimal Enhancement"
ISIC_0032098,"Brightness Correction, CLAHE, Denoising"
ISIC_0025603,"Hair Removal, Brightness Correction, Denoising"
ISIC_0029651,Minimal Enhancement
ISIC_0032044,"Hair Removal, Denoising"
ISIC_0030759,"Brightness Correction, CLAHE"
ISIC_0024886,"Hair Removal, CLAHE, Denoising"
ISIC_0027102,"Hair Removal, Brightness Normalization, Denoising"
ISIC_0025904,"Hair Removal, Brightness Normalization, Minimal Enhancement"
ISIC_0032450,"Hair Removal, Denoising"
ISIC_0027253,"Brightness Normalization, Minimal Enhancement"
ISIC_0032046,"Hair Removal, Denoising"
ISIC_0029163,"Hair Removal, CLAHE, Denoising"
ISIC_0029630,
ISIC_0024624,CLAHE
ISIC_0025674,"Brightness Normalization, Minimal Enhancement"
ISIC_0031369,CLAHE
ISIC_0029547,CLAHE
ISIC_0026622,Minimal Enhancement
ISIC_0028326,"Brightness Normalization, CLAHE, Minimal Enhancement"
ISIC_0027060,
ISIC_0031941,"Brightness Normalization, Minimal Enhancement"
ISIC_0024315,"Hair Removal, Brightness Normalization, Denoising, Minimal Enhancement"
ISIC_0030818,"Brightness Normalization, CLAHE, Denoising"
ISIC_0026360,"Hair Removal, Denoising"
ISIC_0025996,"Brightness Correction, Denoising, Minimal Enhancement"
ISIC_0025219,"Hair Removal, Brightness Correction"
ISIC_0026458,"Brightness Normalization, Minimal Enhancement"
ISIC_0024951,Minimal Enhancement
ISIC_0030106,"Brightness Normalization, Minimal Enhancement"
ISIC_0024702,"Brightness Normalization, Minimal Enhancement"
ISIC_0024972,CLAHE
ISIC_0031779,Minimal Enhancement
ISIC_0028442,"Brightness Normalization, CLAHE, Minimal Enhancement"
ISIC_0031745,Minimal Enhancement
ISIC_0031586,"Brightness Normalization, Minimal Enhancement"
ISIC_0031972,CLAHE
ISIC_0030539,
ISIC_0031977,"Brightness Correction, Minimal Enhancement"
ISIC_0026296,"Brightness Normalization, CLAHE"
ISIC_0025018,"Hair Removal, Denoising, Minimal Enhancement"
ISIC_0028519,"Brightness Normalization, Minimal Enhancement"
ISIC_0024767,Minimal Enhancement
ISIC_0031517,"Brightness Correction, Denoising"
ISIC_0028022,"Brightness Normalization, Minimal Enhancement"
ISIC_0024967,"Hair Removal, Denoising"
ISIC_0029370,
ISIC_0031958,Minimal Enhancement
ISIC_0026369,Hair Removal
ISIC_0030521,"Brightness Normalization, Minimal Enhancement"
ISIC_0027487,"Hair Removal, Denoising"
ISIC_0029212,Minimal Enhancement
ISIC_0030089,Minimal Enhancement
ISIC_0027616,"Brightness Normalization, CLAHE, Denoising"
ISIC_0027261,Minimal Enhancement
ISIC_0028505,
ISIC_0025153,"Brightness Normalization, Minimal Enhancement"
ISIC_0031598,"Brightness Normalization, CLAHE"
ISIC_0025363,Brightness Correction
ISIC_0029473,"Brightness Normalization, Minimal Enhancement"
ISIC_0027651,Minimal Enhancement
ISIC_0030014,"CLAHE, Denoising"
ISIC_0027238,"Brightness Normalization, CLAHE"
ISIC_0029571,CLAHE
ISIC_0024675,"CLAHE, Denoising"
ISIC_0025891,"Hair Removal, Brightness Correction, Denoising"
ISIC_0027693,"Brightness Normalization, Denoising, Minimal Enhancement"
ISIC_0029017,"Hair Removal, Brightness Correction, CLAHE, Denoising"
ISIC_0032220,"Brightness Normalization, Denoising, Minimal Enhancement"
ISIC_0028127,"Brightness Normalization, Minimal Enhancement"
ISIC_0030165,Brightness Correction
ISIC_0025927,"Brightness Normalization, Minimal Enhancement"
ISIC_0031189,"Brightness Normalization, CLAHE, Minimal Enhancement"
ISIC_0032190,"Hair Removal, Denoising"
ISIC_0025783,"Brightness Correction, CLAHE"
ISIC_0029241,CLAHE
ISIC_0027352,CLAHE
ISIC_0029558,"Brightness Normalization, CLAHE"
ISIC_0031890,Minimal Enhancement
ISIC_0031545,Brightness Correction
ISIC_0028219,Minimal Enhancement
ISIC_0026314,"Brightness Normalization, CLAHE, Denoising, Minimal Enhancement"
ISIC_0024875,Brightness Correction
ISIC_0026950,"Brightness Normalization, CLAHE, Minimal Enhancement"
ISIC_0027033,"Denoising, Minimal Enhancement"
ISIC_0027822,Hair Removal
ISIC_0029242,
ISIC_0027263,Brightness Correction
ISIC_0026247,Minimal Enhancement
ISIC_0028467,Minimal Enhancement
ISIC_0026158,"Brightness Normalization, CLAHE"
ISIC_0029216,"Brightness Normalization, Minimal Enhancement"
ISIC_0026489,"Hair Removal, Brightness Correction"
ISIC_0028878,"Brightness Normalization, CLAHE, Minimal Enhancement"
ISIC_0033312,
ISIC_0024400,
ISIC_0029884,"Brightness Normalization, CLAHE"
ISIC_0028900,"Brightness Correction, Minimal Enhancement"
ISIC_0027387,"Hair Removal, Brightness Correction, CLAHE"
ISIC_0024911,CLAHE
ISIC_0027659,"Brightness Normalization, Minimal Enhancement"
ISIC_0030223,
ISIC_0032182,"Brightness Normalization, Minimal Enhancement"
ISIC_0027721,CLAHE
ISIC_0026697,Minimal Enhancement
ISIC_0030760,"Hair Removal, Brightness Correction, Minimal Enhancement"
ISIC_0028565,"Brightness Correction, Minimal Enhancement"
ISIC_0034006,Hair Removal
ISIC_0028087,"Hair Removal, Denoising"
ISIC_0026664,Brightness Correction
ISIC_0029660,Denoising
ISIC_0024496,"Hair Removal, Brightness Correction, CLAHE, Denoising"
ISIC_0028415,"Brightness Normalization, Minimal Enhancement"
ISIC_0028041,"Brightness Normalization, CLAHE, Minimal Enhancement"
ISIC_0028696,CLAHE
ISIC_0029343,"Hair Removal, Brightness Normalization, Denoising, Minimal Enhancement"
ISIC_0030552,"Brightness Normalization, Minimal Enhancement"
ISIC_0029726,"Hair Removal, Denoising"
ISIC_0029513,
ISIC_0024853,CLAHE
ISIC_0028916,Brightness Correction
ISIC_0028029,"Hair Removal, Denoising, Minimal Enhancement"
ISIC_0030824,"Brightness Normalization, Minimal Enhancement"
ISIC_0028325,"Hair Removal, Brightness Correction, Denoising"
ISIC_0024537,
ISIC_0031310,CLAHE
ISIC_0032408,"Hair Removal, Denoising"
ISIC_0030440,"Hair Removal, Brightness Correction, Denoising"
ISIC_0024732,Minimal Enhancement
ISIC_0025489,"Brightness Correction, Minimal Enhancement"
ISIC_0025265,"Brightness Correction, CLAHE"
ISIC_0028489,Minimal Enhancement
ISIC_0026236,"Hair Removal, Denoising, Minimal Enhancement"
ISIC_0028317,"Brightness Normalization, Minimal Enhancement"
ISIC_0031013,Brightness Correction
ISIC_0028969,
ISIC_0032441,"Brightness Normalization, CLAHE, Denoising, Minimal Enhancement"
ISIC_0030324,Minimal Enhancement
ISIC_0025394,"Brightness Normalization, CLAHE, Denoising"
ISIC_0027260,"Brightness Normalization, CLAHE, Minimal Enhancement"
ISIC_0027604,"Brightness Normalization, Minimal Enhancement"
ISIC_0029434,Minimal Enhancement
ISIC_0026963,"Hair Removal, Denoising"
ISIC_0028211,CLAHE
ISIC_0027300,"Hair Removal, Brightness Normalization, Denoising, Minimal Enhancement"
ISIC_0028512,"Brightness Normalization, Minimal Enhancement"
ISIC_0024310,"Brightness Correction, Minimal Enhancement"
ISIC_0033496,Denoising
ISIC_0032927,"Brightness Normalization, Minimal Enhancement"
ISIC_0024865,"Brightness Normalization, Minimal Enhancement"
ISIC_0025324,"Brightness Correction, CLAHE"
ISIC_0026996,"Hair Removal, Brightness Correction, Denoising"
ISIC_0030681,"Brightness Normalization, Minimal Enhancement"
ISIC_0027327,"Brightness Normalization, CLAHE"
ISIC_0025589,Brightness Correction
ISIC_0024756,"Brightness Normalization, Minimal Enhancement"
ISIC_0029562,"Brightness Normalization, CLAHE"
ISIC_0029453,Minimal Enhancement
ISIC_0034071,"Brightness Normalization, Denoising, Minimal Enhancement"
ISIC_0033573,Minimal Enhancement
ISIC_0026086,"Hair Removal, Denoising"
ISIC_0025035,"Hair Removal, Brightness Correction, Denoising"
ISIC_0027776,
ISIC_0025835,"Denoising, Minimal Enhancement"
ISIC_0030828,"Brightness Correction, Denoising"
ISIC_0032847,Minimal Enhancement
ISIC_0033654,"Brightness Normalization, Minimal Enhancement"
ISIC_0030575,"Hair Removal, Brightness Normalization, Minimal Enhancement"
ISIC_0033931,"Hair Removal, Brightness Normalization, Denoising, Minimal Enhancement"
ISIC_0033268,"Hair Removal, Brightness Correction"
ISIC_0032750,"Brightness Correction, Minimal Enhancement"
ISIC_0032888,"Hair Removal, Brightness Correction, Denoising"
ISIC_0033968,Minimal Enhancement
ISIC_0033333,"Brightness Normalization, Minimal Enhancement"
ISIC_0033717,"Hair Removal, Brightness Normalization, Minimal Enhancement"
ISIC_0034120,"Brightness Normalization, Minimal Enhancement"
ISIC_0032532,"Brightness Normalization, CLAHE"
ISIC_0033500,Brightness Correction
ISIC_0033834,
ISIC_0033678,
ISIC_0034046,"Brightness Normalization, CLAHE, Minimal Enhancement"
ISIC_0032550,Brightness Correction
ISIC_0033700,Brightness Correction
ISIC_0026188,"Hair Removal, Brightness Correction, Denoising"
ISIC_0032604,"Hair Removal, Denoising"
ISIC_0033428,Minimal Enhancement
ISIC_0028746,Minimal Enhancement
ISIC_0033975,"Brightness Normalization, Minimal Enhancement"
ISIC_0033278,"Brightness Normalization, CLAHE"
ISIC_0033679,Minimal Enhancement
ISIC_0034141,"CLAHE, Minimal Enhancement"
ISIC_0033643,"Brightness Normalization, CLAHE"
ISIC_0032629,"Hair Removal, Brightness Correction, Denoising"
ISIC_0033152,"Hair Removal, Brightness Correction, Denoising"
ISIC_0033636,"Brightness Normalization, CLAHE"
ISIC_0029909,Minimal Enhancement
ISIC_0033432,
ISIC_0032833,"Brightness Normalization, CLAHE"
ISIC_0034236,CLAHE
ISIC_0033027,"Brightness Correction, CLAHE"
ISIC_0034118,CLAHE
ISIC_0033476,"Brightness Correction, CLAHE"
ISIC_0033047,"Hair Removal, Denoising"
ISIC_0025987,"Hair Removal, Denoising"
ISIC_0032017,"Denoising, Minimal Enhancement"
ISIC_0033946,"Brightness Normalization, Minimal Enhancement"
ISIC_0033369,Minimal Enhancement
ISIC_0032447,"Brightness Normalization, Minimal Enhancement"
ISIC_0033655,"Hair Removal, Brightness Correction, Denoising"
ISIC_0033831,Minimal Enhancement
ISIC_0032583,Brightness Correction
ISIC_0034162,"Brightness Correction, Minimal Enhancement"
ISIC_0032187,"Hair Removal, Minimal Enhancement"
ISIC_0032976,Minimal Enhancement
ISIC_0033274,Hair Removal
ISIC_0026745,"Brightness Normalization, CLAHE, Minimal Enhancement"
ISIC_0033034,Minimal Enhancement
ISIC_0034294,Minimal Enhancement
ISIC_0034202,Minimal Enhancement
ISIC_0033416,Hair Removal
ISIC_0032662,"Brightness Normalization, CLAHE"
ISIC_0033452,"Brightness Normalization, Minimal Enhancement"
ISIC_0033074,"Denoising, Minimal Enhancement"
ISIC_0034087,"Hair Removal, Denoising"
ISIC_0032722,Minimal Enhancement
ISIC_0033204,"Brightness Normalization, Minimal Enhancement"
ISIC_0033953,"Hair Removal, Denoising"
ISIC_0032823,"Hair Removal, Denoising, Minimal Enhancement"
ISIC_0032733,Minimal Enhancement
ISIC_0033183,Minimal Enhancement
ISIC_0032564,"Hair Removal, Brightness Correction, Denoising, Minimal Enhancement"
ISIC_0034140,CLAHE
ISIC_0034256,Denoising
ISIC_0032984,Brightness Correction
ISIC_0033362,Minimal Enhancement
ISIC_0033947,"Brightness Normalization, CLAHE"
ISIC_0033881,CLAHE
ISIC_0029363,Brightness Correction
ISIC_0033820,"Hair Removal, Brightness Correction, Denoising"
ISIC_0033814,
ISIC_0032875,"Hair Removal, Brightness Correction, Denoising, Minimal Enhancement"
ISIC_0033802,"Brightness Correction, Minimal Enhancement"
ISIC_0033429,CLAHE
ISIC_0032685,"Hair Removal, Brightness Correction, Denoising"
ISIC_0032903,Minimal Enhancement
ISIC_0033323,"CLAHE, Denoising"
ISIC_0032637,CLAHE
ISIC_0032993,"Brightness Normalization, Minimal Enhancement"
ISIC_0033804,"Brightness Correction, CLAHE"
ISIC_0033801,CLAHE
ISIC_0033216,"Hair Removal, Brightness Correction, Denoising"
ISIC_0033154,"Brightness Correction, CLAHE"
ISIC_0033192,"Brightness Correction, Minimal Enhancement"
ISIC_0027100,Minimal Enhancement
ISIC_0034222,"Hair Removal, CLAHE"
ISIC_0032569,CLAHE
ISIC_0034064,"Hair Removal, Denoising"
ISIC_0033902,"Hair Removal, Denoising"
ISIC_0032774,CLAHE
ISIC_0032840,"Brightness Correction, CLAHE"
ISIC_0034313,"Brightness Normalization, Minimal Enhancement"
ISIC_0033570,"Brightness Correction, Minimal Enhancement"
ISIC_0032602,"Brightness Normalization, Minimal Enhancement"
ISIC_0032724,"Hair Removal, Brightness Correction, Denoising"
ISIC_0033129,
ISIC_0033180,Brightness Correction
ISIC_0033962,
ISIC_0033603,"Hair Removal, Denoising, Minimal Enhancement"
ISIC_0033325,"Hair Removal, Denoising"
ISIC_0034208,Brightness Correction
ISIC_0033068,"Hair Removal, Brightness Normalization, CLAHE, Denoising"
ISIC_0034218,
ISIC_0034263,Hair Removal
ISIC_0034262,"Brightness Correction, Minimal Enhancement"
ISIC_0033103,"Hair Removal, Brightness Normalization, Denoising, Minimal Enhancement"
ISIC_0034106,Brightness Correction
ISIC_0033725,"Hair Removal, Brightness Correction, Denoising"
ISIC_0032537,"Brightness Correction, Minimal Enhancement"
ISIC_0033287,CLAHE
ISIC_0033286,CLAHE
ISIC_0032586,"Brightness Normalization, Minimal Enhancement"
ISIC_0029632,"Brightness Normalization, CLAHE, Minimal Enhancement"
ISIC_0033485,Brightness Correction
ISIC_0033175,CLAHE
ISIC_0033886,Minimal Enhancement
ISIC_0032892,"Brightness Normalization, Minimal Enhancement"
ISIC_0033942,"Brightness Normalization, Minimal Enhancement"
ISIC_0033473,Minimal Enhancement
ISIC_0030564,"Brightness Normalization, Minimal Enhancement"
ISIC_0033337,"Hair Removal, Denoising"
ISIC_0033594,Minimal Enhancement
ISIC_0029209,"Brightness Normalization, Minimal Enhancement"
ISIC_0026976,"Hair Removal, Brightness Normalization, CLAHE, Denoising"
ISIC_0033275,Brightness Correction
ISIC_0033938,CLAHE
ISIC_0032841,"Brightness Normalization, Minimal Enhancement"
ISIC_0033819,"Brightness Correction, CLAHE"
ISIC_0032544,
ISIC_0032844,Minimal Enhancement
ISIC_0032921,"Hair Removal, Brightness Correction, CLAHE, Denoising"
ISIC_0034117,"Hair Removal, Brightness Normalization, CLAHE, Denoising, Minimal Enhancement"
ISIC_0033415,Brightness Correction
ISIC_0033240,"Brightness Correction, Minimal Enhancement"
ISIC_0032782,"Hair Removal, Denoising"
ISIC_0032522,
ISIC_0033595,Brightness Correction
ISIC_0034059,
ISIC_0033063,CLAHE
ISIC_0033174,Brightness Correction
ISIC_0033239,Minimal Enhancement
ISIC_0033985,Brightness Correction
ISIC_0032726,"Hair Removal, Denoising"
ISIC_0033272,Minimal Enhancement
ISIC_0032718,Minimal Enhancement
ISIC_0032736,Minimal Enhancement
ISIC_0033317,Minimal Enhancement
ISIC_0034269,"Hair Removal, Brightness Correction, Denoising"
ISIC_0033956,
ISIC_0033241,Minimal Enhancement
ISIC_0032598,"Brightness Normalization, Denoising, Minimal Enhancement"
ISIC_0034289,"Brightness Normalization, Minimal Enhancement"
ISIC_0033980,"Hair Removal, Brightness Correction, Denoising"
ISIC_0032533,Minimal Enhancement
ISIC_0033986,"CLAHE, Denoising"
ISIC_0033004,
ISIC_0024900,"Brightness Normalization, Minimal Enhancement"
ISIC_0032072,Brightness Correction
ISIC_0033578,"Brightness Normalization, Minimal Enhancement"
ISIC_0034100,CLAHE
ISIC_0032940,"Hair Removal, Brightness Normalization, CLAHE"
ISIC_0032511,"Brightness Normalization, Minimal Enhancement"
ISIC_0033687,"Brightness Normalization, Minimal Enhancement"
ISIC_0034085,"Brightness Normalization, Minimal Enhancement"
ISIC_0033299,"Brightness Normalization, Minimal Enhancement"
ISIC_0033479,"Hair Removal, Minimal Enhancement"
ISIC_0033522,"Brightness Correction, CLAHE"
ISIC_0033911,"Brightness Normalization, Denoising, Minimal Enhancement"
ISIC_0033779,"Hair Removal, Brightness Normalization, Denoising, Minimal Enhancement"
ISIC_0032638,Minimal Enhancement
ISIC_0032603,"Brightness Normalization, Minimal Enhancement"
ISIC_0033871,"Brightness Normalization, CLAHE, Minimal Enhancement"
ISIC_0032955,"Hair Removal, Denoising"
ISIC_0032812,Hair Removal
ISIC_0033619,
ISIC_0034065,"Hair Removal, Brightness Normalization, Denoising, Minimal Enhancement"
ISIC_0034132,"Hair Removal, Brightness Correction, Minimal Enhancement"
ISIC_0033038,"Brightness Normalization, CLAHE"
ISIC_0033630,
ISIC_0032879,"Brightness Normalization, Minimal Enhancement"
ISIC_0034012,Hair Removal
ISIC_0034150,"Hair Removal, Denoising"
ISIC_0028082,Brightness Correction
ISIC_0033209,Brightness Correction
ISIC_0034074,"Brightness Normalization, Minimal Enhancement"
ISIC_0032699,"Brightness Normalization, CLAHE"
ISIC_0033848,"Hair Removal, Brightness Correction, Denoising"
ISIC_0032622,
ISIC_0034246,"Brightness Correction, Denoising"
ISIC_0032915,"Denoising, Minimal Enhancement"
ISIC_0028460,Brightness Correction
ISIC_0033883,"Brightness Normalization, CLAHE, Minimal Enhancement"
ISIC_0034145,"Hair Removal, Denoising"
ISIC_0032981,"Brightness Normalization, CLAHE"
ISIC_0033470,"Brightness Normalization, Minimal Enhancement"
ISIC_0034094,Minimal Enhancement
ISIC_0033560,Minimal Enhancement
ISIC_0034061,Brightness Correction
ISIC_0032716,Minimal Enhancement
ISIC_0034159,"Denoising, Minimal Enhancement"
ISIC_0024482,"Hair Removal, Denoising"
ISIC_0033477,Minimal Enhancement
ISIC_0034092,Minimal Enhancement
ISIC_0033863,"Brightness Normalization, Minimal Enhancement"
ISIC_0034180,Minimal Enhancement
ISIC_0033267,CLAHE
ISIC_0034005,"Brightness Normalization, Minimal Enhancement"
ISIC_0033872,"Hair Removal, Brightness Normalization, Denoising, Minimal Enhancement"
ISIC_0032617,"Hair Removal, Denoising, Minimal Enhancement"
ISIC_0032965,CLAHE
ISIC_0034242,"Hair Removal, Brightness Normalization, Minimal Enhancement"
ISIC_0033117,CLAHE
ISIC_0034104,"Hair Removal, CLAHE"
ISIC_0032547,"Hair Removal, Brightness Correction, Denoising"
ISIC_0033644,"Brightness Normalization, Minimal Enhancement"
ISIC_0033806,CLAHE
ISIC_0032913,"Hair Removal, Brightness Correction, Denoising, Minimal Enhancement"
ISIC_0033651,
ISIC_0033304,"Brightness Correction, Minimal Enhancement"
ISIC_0032806,"Brightness Normalization, Minimal Enhancement"
ISIC_0033624,
ISIC_0033238,"Brightness Normalization, CLAHE"
ISIC_0034089,Minimal Enhancement
ISIC_0034048,CLAHE
ISIC_0033905,"Brightness Normalization, CLAHE, Minimal Enhancement"
ISIC_0033981,Minimal Enhancement
ISIC_0033336,CLAHE
ISIC_0033405,CLAHE
ISIC_0034188,"Brightness Normalization, Minimal Enhancement"
ISIC_0033269,
ISIC_0033569,"Brightness Normalization, Minimal Enhancement"
ISIC_0032535,Denoising
ISIC_0033042,CLAHE
ISIC_0032081,Minimal Enhancement
ISIC_0034034,Minimal Enhancement
ISIC_0033217,
ISIC_0033728,"Brightness Correction, CLAHE"
ISIC_0033901,"Brightness Correction, CLAHE"
ISIC_0032917,CLAHE
ISIC_0032925,Minimal Enhancement
ISIC_0032797,"CLAHE, Denoising"
ISIC_0032596,"Denoising, Minimal Enhancement"
ISIC_0032856,CLAHE
ISIC_0033193,"Brightness Normalization, CLAHE"
ISIC_0033125,Minimal Enhancement
ISIC_0032810,CLAHE
ISIC_0033324,"Brightness Normalization, Minimal Enhancement"
ISIC_0034316,Minimal Enhancement
ISIC_0033710,"Brightness Normalization, Minimal Enhancement"
ISIC_0033469,"Brightness Normalization, Minimal Enhancement"
ISIC_0033663,"Brightness Normalization, Minimal Enhancement"
ISIC_0034284,Minimal Enhancement
ISIC_0031709,"Hair Removal, Denoising, Minimal Enhancement"
ISIC_0032517,"Brightness Normalization, CLAHE"
ISIC_0032684,"Brightness Correction, CLAHE"
ISIC_0034052,Minimal Enhancement
ISIC_0033171,"Hair Removal, Brightness Correction, Denoising"
ISIC_0034022,CLAHE
ISIC_0033017,"Hair Removal, Brightness Normalization, Denoising, Minimal Enhancement"
ISIC_0033874,Denoising
ISIC_0033754,"Brightness Normalization, CLAHE, Minimal Enhancement"
ISIC_0032938,"Brightness Correction, Minimal Enhancement"
ISIC_0025531,"Hair Removal, Brightness Correction, CLAHE, Denoising"
ISIC_0032610,Minimal Enhancement
ISIC_0032958,"Brightness Normalization, Minimal Enhancement"
ISIC_0033538,"Hair Removal, Denoising"
ISIC_0032836,"Brightness Normalization, Denoising, Minimal Enhancement"
ISIC_0033444,CLAHE
ISIC_0034183,Minimal Enhancement
ISIC_0033426,"Hair Removal, Denoising, Minimal Enhancement"
ISIC_0033546,Minimal Enhancement
ISIC_0032869,"Brightness Correction, Denoising"
ISIC_0033524,"Hair Removal, Denoising, Minimal Enhancement"
ISIC_0034101,"Brightness Normalization, Minimal Enhancement"
ISIC_0030333,"Brightness Normalization, Denoising, Minimal Enhancement"
ISIC_0032695,"Brightness Correction, CLAHE"
ISIC_0033310,"Hair Removal, Brightness Correction, Denoising"
ISIC_0027306,"Hair Removal, Denoising"
ISIC_0034253,"Brightness Normalization, Minimal Enhancement"
ISIC_0033120,"Brightness Correction, Minimal Enhancement"
ISIC_0033081,"Hair Removal, Denoising"
ISIC_0034211,CLAHE
ISIC_0028410,"Brightness Normalization, CLAHE, Minimal Enhancement"
ISIC_0033545,
ISIC_0026430,
ISIC_0033141,CLAHE
ISIC_0033261,Denoising
ISIC_0032766,"Hair Removal, Minimal Enhancement"
ISIC_0030031,"Brightness Normalization, CLAHE, Minimal Enhancement"
ISIC_0028655,"Brightness Correction, CLAHE"
ISIC_0032531,"Hair Removal, Brightness Normalization, Denoising"
ISIC_0032970,CLAHE
ISIC_0027402,CLAHE
ISIC_0030391,Minimal Enhancement
ISIC_0032845,CLAHE
ISIC_0034036,Denoising
ISIC_0030238,"Brightness Normalization, Minimal Enhancement"
ISIC_0032968,"Brightness Normalization, CLAHE"
ISIC_0029265,Brightness Correction
ISIC_0032462,"Denoising, Minimal Enhancement"
ISIC_0033704,Brightness Correction
ISIC_0034239,Minimal Enhancement
ISIC_0034287,
ISIC_0031479,"Brightness Normalization, Minimal Enhancement"
ISIC_0033166,"Brightness Normalization, CLAHE"
ISIC_0033320,"Hair Removal, Brightness Normalization, Denoising, Minimal Enhancement"
ISIC_0032526,"Hair Removal, Brightness Correction, Minimal Enhancement"
ISIC_0033813,"Brightness Normalization, CLAHE, Denoising"
ISIC_0032624,CLAHE
ISIC_0033977,"Hair Removal, Brightness Normalization, Denoising, Minimal Enhancement"
ISIC_0034002,CLAHE
ISIC_0033387,CLAHE
ISIC_0025592,"Hair Removal, Brightness Normalization, Minimal Enhancement"
ISIC_0032552,
ISIC_0033279,Hair Removal
ISIC_0032887,Brightness Correction
ISIC_0034205,Minimal Enhancement
ISIC_0033612,"Hair Removal, Minimal Enhancement"
ISIC_0034049,"Hair Removal, Denoising"
ISIC_0033300,"Hair Removal, Minimal Enhancement"
ISIC_0033616,"Brightness Normalization, CLAHE, Minimal Enhancement"
ISIC_0029606,"Brightness Normalization, Minimal Enhancement"
ISIC_0033099,Minimal Enhancement
ISIC_0032723,Minimal Enhancement
ISIC_0032751,"Hair Removal, CLAHE, Denoising"
ISIC_0032597,"Brightness Normalization, Minimal Enhancement"
ISIC_0032982,Hair Removal
ISIC_0033196,Minimal Enhancement
ISIC_0032653,"Brightness Normalization, Minimal Enhancement"
ISIC_0032730,"Brightness Normalization, CLAHE"
ISIC_0032709,Minimal Enhancement
ISIC_0033206,"Brightness Normalization, CLAHE"
ISIC_0033518,"CLAHE, Denoising"
ISIC_0033843,Minimal Enhancement
ISIC_0033344,"Brightness Normalization, Denoising, Minimal Enhancement"
ISIC_0032988,"Brightness Normalization, Minimal Enhancement"
ISIC_0033812,"Brightness Normalization, CLAHE, Minimal Enhancement"
ISIC_0033653,CLAHE
ISIC_0032698,CLAHE
ISIC_0033611,Minimal Enhancement
ISIC_0033586,"Hair Removal, Brightness Normalization, Denoising, Minimal Enhancement"
ISIC_0033226,"Brightness Normalization, CLAHE, Minimal Enhancement"
ISIC_0033198,"Brightness Correction, Minimal Enhancement"
ISIC_0032790,"Hair Removal, Brightness Correction"
ISIC_0033245,CLAHE
ISIC_0033029,"Hair Removal, Brightness Correction, Denoising, Minimal Enhancement"
ISIC_0030883,"Brightness Correction, Minimal Enhancement"
ISIC_0028582,"Hair Removal, Denoising"
ISIC_0033670,Denoising
ISIC_0029740,Minimal Enhancement
ISIC_0033593,"Brightness Normalization, CLAHE"
ISIC_0032509,"Brightness Normalization, Minimal Enhancement"
ISIC_0034068,CLAHE
ISIC_0033392,Minimal Enhancement
ISIC_0032873,"Brightness Correction, Minimal Enhancement"
ISIC_0034107,"Brightness Normalization, Denoising, Minimal Enhancement"
ISIC_0033368,"Hair Removal, Denoising, Minimal Enhancement"
ISIC_0032630,"Hair Removal, Minimal Enhancement"
ISIC_0033399,"Brightness Normalization, CLAHE"
ISIC_0032656,"Brightness Correction, CLAHE"
ISIC_0032592,"Brightness Normalization, Minimal Enhancement"
ISIC_0033024,"Hair Removal, Brightness Correction, Denoising, Minimal Enhancement"
ISIC_0034134,Minimal Enhancement
ISIC_0033878,CLAHE
ISIC_0032687,Brightness Correction
ISIC_0033055,Minimal Enhancement
ISIC_0033559,Minimal Enhancement
ISIC_0032922,"Brightness Correction, CLAHE"
ISIC_0032672,"Brightness Correction, CLAHE"
ISIC_0034076,CLAHE
ISIC_0033520,"Brightness Normalization, Minimal Enhancement"
ISIC_0034028,
ISIC_0033487,"Hair Removal, Brightness Normalization, CLAHE"
ISIC_0033607,Brightness Correction
ISIC_0033568,"Hair Removal, Brightness Normalization, Denoising, Minimal Enhancement"
ISIC_0034051,
ISIC_0033377,"Hair Removal, Brightness Correction, Denoising"
ISIC_0033957,Minimal Enhancement
ISIC_0034172,"Hair Removal, Minimal Enhancement"
ISIC_0033393,"Brightness Normalization, CLAHE, Minimal Enhancement"
ISIC_0033534,"Brightness Normalization, Minimal Enhancement"
ISIC_0032626,Brightness Correction
ISIC_0034062,CLAHE
ISIC_0034170,"Brightness Normalization, CLAHE, Minimal Enhancement"
ISIC_0033061,Minimal Enhancement
ISIC_0033967,CLAHE
ISIC_0033051,"Brightness Correction, CLAHE"
ISIC_0033050,"Hair Removal, Brightness Correction"
ISIC_0033526,"Denoising, Minimal Enhancement"
ISIC_0032862,Minimal Enhancement
ISIC_0033073,"Brightness Correction, Minimal Enhancement"
ISIC_0033696,"Hair Removal, Brightness Normalization, Denoising, Minimal Enhancement"
ISIC_0027149,"Denoising, Minimal Enhancement"
ISIC_0033995,"Hair Removal, Brightness Correction"
ISIC_0027234,Brightness Correction
ISIC_0033668,
ISIC_0032690,"Brightness Correction, Minimal Enhancement"
ISIC_0032918,"Brightness Correction, Minimal Enhancement"
ISIC_0028520,Hair Removal
ISIC_0034000,"Brightness Normalization, Minimal Enhancement"
ISIC_0032807,"Brightness Normalization, CLAHE"
ISIC_0032645,Minimal Enhancement
ISIC_0033498,"Brightness Normalization, Minimal Enhancement"
ISIC_0031784,"Hair Removal, Brightness Correction, Denoising"
ISIC_0034275,"Brightness Correction, Denoising"
ISIC_0033440,"Brightness Normalization, Denoising, Minimal Enhancement"
ISIC_0033807,"Hair Removal, Brightness Correction, CLAHE"
ISIC_0033533,CLAHE
ISIC_0034173,"Hair Removal, Brightness Correction, Minimal Enhancement"
ISIC_0033454,"Denoising, Minimal Enhancement"
ISIC_0033893,"Hair Removal, Denoising"
ISIC_0028225,CLAHE
ISIC_0032960,"Brightness Normalization, CLAHE, Minimal Enhancement"
ISIC_0033708,Minimal Enhancement
ISIC_0034317,"Brightness Normalization, Minimal Enhancement"
ISIC_0031741,
ISIC_0033662,Minimal Enhancement
ISIC_0033037,"Brightness Normalization, Minimal Enhancement"
ISIC_0033773,"Brightness Normalization, CLAHE"
ISIC_0033752,"Hair Removal, Brightness Correction, Denoising"
ISIC_0033424,CLAHE
ISIC_0034216,"Denoising, Minimal Enhancement"
ISIC_0032152,"Brightness Normalization, CLAHE, Denoising"
ISIC_0033730,"Brightness Normalization, Minimal Enhancement"
ISIC_0032975,Minimal Enhancement
ISIC_0034243,"Hair Removal, Brightness Correction, Denoising"
ISIC_0034050,"Brightness Normalization, Minimal Enhancement"
ISIC_0033114,"Brightness Normalization, Minimal Enhancement"
ISIC_0032559,
ISIC_0030150,"Brightness Normalization, Minimal Enhancement"
ISIC_0033394,"Hair Removal, Brightness Correction, Denoising, Minimal Enhancement"
ISIC_0034233,"Hair Removal, Brightness Normalization, Denoising, Minimal Enhancement"
ISIC_0033122,"Hair Removal, Brightness Normalization, CLAHE"
ISIC_0033713,"Brightness Normalization, CLAHE"
ISIC_0026081,"Hair Removal, Brightness Correction, Denoising, Minimal Enhancement"
ISIC_0033638,"CLAHE, Denoising"
ISIC_0033805,CLAHE
ISIC_0033302,CLAHE
ISIC_0033925,"CLAHE, Denoising"
ISIC_0033431,CLAHE
ISIC_0033089,Minimal Enhancement
ISIC_0033562,"Hair Removal, Brightness Correction, Denoising"
ISIC_0031233,"Brightness Normalization, Minimal Enhancement"
ISIC_0033885,CLAHE
ISIC_0027204,"Brightness Normalization, CLAHE"
ISIC_0032987,"Denoising, Minimal Enhancement"
ISIC_0032872,CLAHE
ISIC_0033178,CLAHE
ISIC_0033023,
ISIC_0031186,Minimal Enhancement
ISIC_0033258,CLAHE
ISIC_0032870,"Brightness Normalization, Minimal Enhancement"
ISIC_0033999,"Hair Removal, Brightness Normalization, Denoising"
ISIC_0033856,Minimal Enhancement
ISIC_0024929,"Brightness Normalization, CLAHE, Denoising"
ISIC_0028148,Minimal Enhancement
ISIC_0027069,CLAHE
ISIC_0029502,
ISIC_0024459,CLAHE
ISIC_0029933,"Brightness Normalization, Minimal Enhancement"
ISIC_0031208,Minimal Enhancement
ISIC_0026545,Brightness Correction
ISIC_0026268,"Hair Removal, Brightness Correction, Denoising"
ISIC_0027282,"Hair Removal, Brightness Correction, Denoising"
ISIC_0029092,Minimal Enhancement
ISIC_0025708,
ISIC_0024806,"Brightness Normalization, Denoising, Minimal Enhancement"
ISIC_0032424,
ISIC_0028584,"Brightness Correction, Minimal Enhancement"
ISIC_0027838,"Brightness Correction, CLAHE"
ISIC_0031554,Minimal Enhancement
ISIC_0025472,"Brightness Normalization, Minimal Enhancement"
ISIC_0028173,CLAHE
ISIC_0025520,
ISIC_0032466,"Hair Removal, CLAHE, Denoising"
ISIC_0028465,"Hair Removal, Brightness Normalization, Denoising"
ISIC_0026770,"Brightness Normalization, Denoising, Minimal Enhancement"
ISIC_0028463,Minimal Enhancement
ISIC_0024640,"Brightness Normalization, Minimal Enhancement"
ISIC_0024962,"Brightness Normalization, Minimal Enhancement"
ISIC_0024823,Brightness Correction
ISIC_0029914,Brightness Correction
ISIC_0026089,CLAHE
ISIC_0024930,"Hair Removal, Brightness Correction"
ISIC_0024449,Hair Removal
ISIC_0032110,"Hair Removal, Denoising, Minimal Enhancement"
ISIC_0026500,Brightness Correction
ISIC_0025512,"Hair Removal, Brightness Correction, Denoising, Minimal Enhancement"
ISIC_0024999,"Hair Removal, Brightness Correction, Denoising"
ISIC_0027622,"Brightness Correction, Denoising"
ISIC_0026352,"Hair Removal, Brightness Normalization, Minimal Enhancement"
ISIC_0024688,"Brightness Normalization, CLAHE"
ISIC_0024552,"Brightness Normalization, Minimal Enhancement"
ISIC_0026438,"Hair Removal, Denoising, Minimal Enhancement"
ISIC_0028126,Minimal Enhancement
ISIC_0027669,"Brightness Correction, Minimal Enhancement"
ISIC_0031795,Brightness Correction
ISIC_0031408,"Brightness Correction, CLAHE"
ISIC_0025313,Minimal Enhancement
ISIC_0028198,"Brightness Normalization, Minimal Enhancement"
ISIC_0027144,"Brightness Correction, CLAHE"
ISIC_0025085,Minimal Enhancement
ISIC_0031034,"Hair Removal, Denoising"
ISIC_0025097,"Brightness Normalization, CLAHE, Denoising"
ISIC_0031666,"Brightness Normalization, CLAHE, Minimal Enhancement"
ISIC_0029819,"Hair Removal, Brightness Correction, Denoising"
ISIC_0026167,"Brightness Normalization, Minimal Enhancement"
ISIC_0028984,"Hair Removal, Brightness Correction, Denoising"
ISIC_0032197,"Brightness Normalization, CLAHE"
ISIC_0025524,Minimal Enhancement
ISIC_0025963,"Brightness Correction, Minimal Enhancement"
ISIC_0025121,"Denoising, Minimal Enhancement"
ISIC_0032134,Minimal Enhancement
ISIC_0028114,Minimal Enhancement
ISIC_0027673,Brightness Correction
ISIC_0024701,"Hair Removal, Denoising"
ISIC_0030390,CLAHE
ISIC_0030756,"Brightness Normalization, CLAHE"
ISIC_0027561,"Hair Removal, Brightness Correction, CLAHE"
ISIC_0025439,
ISIC_0030187,
ISIC_0030970,"Hair Removal, Denoising"
ISIC_0030754,"Brightness Correction, Denoising"
ISIC_0030034,"Hair Removal, Denoising"
ISIC_0029397,"Hair Removal, Brightness Correction"
ISIC_0025316,"Hair Removal, Minimal Enhancement"
ISIC_0029316,CLAHE
ISIC_0027552,"Hair Removal, Denoising, Minimal Enhancement"
ISIC_0026954,Minimal Enhancement
ISIC_0028760,Minimal Enhancement
ISIC_0027620,CLAHE
ISIC_0028965,"Brightness Correction, CLAHE"
ISIC_0030356,"Brightness Normalization, CLAHE, Minimal Enhancement"
ISIC_0027407,"Hair Removal, CLAHE"
ISIC_0024700,"Brightness Normalization, CLAHE, Minimal Enhancement"
ISIC_0027793,"Hair Removal, Denoising"
ISIC_0026989,CLAHE
ISIC_0030192,Minimal Enhancement
ISIC_0029859,"Brightness Normalization, Minimal Enhancement"
ISIC_0028003,Minimal Enhancement
ISIC_0026506,"Hair Removal, Denoising"
ISIC_0025145,"Hair Removal, Minimal Enhancement"
ISIC_0029013,Brightness Correction
ISIC_0031077,CLAHE
ISIC_0031999,CLAHE
ISIC_0030366,"Brightness Correction, Minimal Enhancement"
ISIC_0032245,Minimal Enhancement
ISIC_0028481,"Hair Removal, Brightness Normalization, Minimal Enhancement"
ISIC_0029172,"Hair Removal, Brightness Normalization, Minimal Enhancement"
ISIC_0031386,"Brightness Normalization, CLAHE"
ISIC_0031565,"Brightness Normalization, Minimal Enhancement"
ISIC_0027302,Minimal Enhancement
ISIC_0029056,"Brightness Correction, Minimal Enhancement"
ISIC_0028548,"Brightness Normalization, Minimal Enhancement"
ISIC_0030512,Minimal Enhancement
ISIC_0031718,"Brightness Normalization, CLAHE"
ISIC_0029591,"Brightness Normalization, CLAHE, Minimal Enhancement"
ISIC_0030932,Minimal Enhancement
ISIC_0028899,"Hair Removal, Brightness Correction"
ISIC_0032036,"Denoising, Minimal Enhancement"
ISIC_0024644,"Brightness Correction, Minimal Enhancement"
ISIC_0031543,"Brightness Normalization, CLAHE, Minimal Enhancement"
ISIC_0027065,Minimal Enhancement
ISIC_0028228,"Hair Removal, Denoising, Minimal Enhancement"
ISIC_0030107,"Brightness Normalization, CLAHE"
ISIC_0028537,
ISIC_0025238,Minimal Enhancement
ISIC_0029698,Minimal Enhancement
ISIC_0029937,Minimal Enhancement
ISIC_0027171,"Brightness Normalization, Minimal Enhancement"
ISIC_0026207,CLAHE
ISIC_0028543,"Hair Removal, Brightness Correction, Denoising"
ISIC_0025651,Minimal Enhancement
ISIC_0027900,
ISIC_0030360,Brightness Correction
ISIC_0029843,"Brightness Correction, Minimal Enhancement"
ISIC_0028718,"Brightness Normalization, Minimal Enhancement"
ISIC_0025748,Denoising
ISIC_0027130,CLAHE
ISIC_0029454,Minimal Enhancement
ISIC_0028051,Brightness Correction
ISIC_0026094,"Denoising, Minimal Enhancement"
ISIC_0024571,
ISIC_0027155,Minimal Enhancement
ISIC_0027328,"Hair Removal, Denoising"
ISIC_0030501,"Brightness Normalization, CLAHE"
ISIC_0024546,"Hair Removal, Brightness Correction, CLAHE, Denoising"
ISIC_0024525,"Hair Removal, Brightness Normalization, Minimal Enhancement"
ISIC_0030382,"Brightness Normalization, Minimal Enhancement"
ISIC_0028017,"Hair Removal, Denoising, Minimal Enhancement"
ISIC_0029033,"Brightness Normalization, Denoising, Minimal Enhancement"
ISIC_0029146,"Hair Removal, Brightness Correction, Denoising"
ISIC_0028288,"Hair Removal, Denoising, Minimal Enhancement"
ISIC_0026009,"Brightness Normalization, Denoising, Minimal Enhancement"
ISIC_0029089,"Hair Removal, Brightness Correction"
ISIC_0027030,"Brightness Normalization, CLAHE, Minimal Enhancement"
ISIC_0030689,"Brightness Correction, Minimal Enhancement"
ISIC_0024516,CLAHE
ISIC_0032420,"Hair Removal, Brightness Correction, Denoising"
ISIC_0025248,Minimal Enhancement
ISIC_0026266,"Brightness Normalization, Minimal Enhancement"
ISIC_0028418,"Brightness Normalization, CLAHE, Minimal Enhancement"
ISIC_0025268,CLAHE
ISIC_0029744,"Brightness Normalization, CLAHE, Denoising, Minimal Enhancement"
ISIC_0025800,"Brightness Normalization, Minimal Enhancement"
ISIC_0032425,
ISIC_0027442,Minimal Enhancement
ISIC_0024940,
ISIC_0024351,
ISIC_0030110,CLAHE
ISIC_0025132,"Brightness Normalization, CLAHE, Minimal Enhancement"
ISIC_0031494,"Brightness Normalization, Minimal Enhancement"
ISIC_0028306,Denoising
ISIC_0026916,CLAHE
ISIC_0027863,"Brightness Normalization, CLAHE, Minimal Enhancement"
ISIC_0027702,
ISIC_0028847,Brightness Correction
ISIC_0024961,
ISIC_0029319,
ISIC_0032219,
ISIC_0025127,"Hair Removal, Denoising"
ISIC_0029318,Minimal Enhancement
ISIC_0032070,"Hair Removal, Brightness Normalization, Denoising, Minimal Enhancement"
ISIC_0026796,"Hair Removal, Brightness Correction, Minimal Enhancement"
ISIC_0026811,"Brightness Normalization, CLAHE"
ISIC_0029839,
ISIC_0030747,"Brightness Correction, CLAHE"
ISIC_0026604,Brightness Correction
ISIC_0028777,"Brightness Normalization, Minimal Enhancement"
ISIC_0026877,"Hair Removal, Brightness Correction, Denoising"
ISIC_0027964,CLAHE
ISIC_0030784,"Hair Removal, Denoising"
ISIC_0031146,Brightness Correction
ISIC_0025755,Brightness Correction
ISIC_0029157,"Hair Removal, Denoising"
ISIC_0024952,"Brightness Correction, Denoising"
ISIC_0025546,"CLAHE, Denoising"
ISIC_0031239,"CLAHE, Denoising"
ISIC_0026868,"Brightness Correction, Minimal Enhancement"
ISIC_0027742,Brightness Correction
ISIC_0027105,"Hair Removal, Brightness Normalization, Denoising, Minimal Enhancement"
ISIC_0027502,Minimal Enhancement
ISIC_0031529,CLAHE
ISIC_0027420,"Hair Removal, Minimal Enhancement"
ISIC_0030843,"Hair Removal, Denoising"
ISIC_0028898,"Denoising, Minimal Enhancement"
ISIC_0027071,Minimal Enhancement
ISIC_0029780,"Brightness Normalization, Denoising, Minimal Enhancement"
ISIC_0030616,"Brightness Correction, Minimal Enhancement"
ISIC_0025391,CLAHE
ISIC_0025413,"Hair Removal, Brightness Correction, Denoising"
ISIC_0032192,"Hair Removal, Denoising"
ISIC_0024323,"Brightness Normalization, Denoising, Minimal Enhancement"
ISIC_0027436,"Brightness Normalization, Minimal Enhancement"
ISIC_0032372,Minimal Enhancement
ISIC_0026694,"Brightness Normalization, Denoising, Minimal Enhancement"
ISIC_0024313,"Hair Removal, Brightness Correction, Denoising"
ISIC_0031915,Hair Removal
ISIC_0028929,Minimal Enhancement
ISIC_0026746,"Hair Removal, Denoising"
ISIC_0026774,"Brightness Normalization, CLAHE, Minimal Enhancement"
ISIC_0030047,Denoising
ISIC_0030910,"Brightness Normalization, Minimal Enhancement"
ISIC_0029238,"Brightness Normalization, CLAHE"
ISIC_0028685,"Brightness Correction, CLAHE"
ISIC_0027663,"Brightness Normalization, Minimal Enhancement"
ISIC_0028065,"Denoising, Minimal Enhancement"
ISIC_0026571,"Hair Removal, Denoising"
ISIC_0031670,Minimal Enhancement
ISIC_0031339,"Brightness Normalization, Minimal Enhancement"
ISIC_0027021,"Brightness Correction, Minimal Enhancement"
ISIC_0032430,"Brightness Normalization, Minimal Enhancement"
ISIC_0027573,"Brightness Normalization, Minimal Enhancement"
ISIC_0026847,"Brightness Normalization, Minimal Enhancement"
ISIC_0027517,Minimal Enhancement
ISIC_0026229,Hair Removal
ISIC_0029958,"Brightness Normalization, CLAHE, Minimal Enhancement"
ISIC_0032476,Hair Removal
ISIC_0031170,"Hair Removal, Minimal Enhancement"
ISIC_0030423,"Hair Removal, Denoising"
ISIC_0024652,"Brightness Normalization, CLAHE, Denoising"
ISIC_0029353,CLAHE
ISIC_0032504,CLAHE
ISIC_0027956,Minimal Enhancement
ISIC_0029170,"Brightness Normalization, CLAHE"
ISIC_0029995,"Brightness Normalization, CLAHE, Minimal Enhancement"
ISIC_0031908,CLAHE
ISIC_0026897,"Brightness Normalization, CLAHE, Denoising, Minimal Enhancement"
ISIC_0030653,"Brightness Normalization, CLAHE"
ISIC_0026586,Minimal Enhancement
ISIC_0027101,"Hair Removal, Denoising, Minimal Enhancement"
ISIC_0025732,"Hair Removal, Denoising"
ISIC_0030950,Minimal Enhancement
ISIC_0025195,"Brightness Normalization, CLAHE, Minimal Enhancement"
ISIC_0026652,"Hair Removal, Denoising, Minimal Enhancement"
ISIC_0029885,"Brightness Normalization, Minimal Enhancement"
ISIC_0025409,"Brightness Normalization, CLAHE, Denoising, Minimal Enhancement"
ISIC_0028709,"Brightness Normalization, Minimal Enhancement"
ISIC_0025814,CLAHE
ISIC_0026853,"Hair Removal, Denoising"
ISIC_0031550,"Hair Removal, Denoising, Minimal Enhancement"
ISIC_0028227,"Brightness Correction, Minimal Enhancement"
ISIC_0027163,Minimal Enhancement
ISIC_0029642,"Brightness Normalization, Denoising, Minimal Enhancement"
ISIC_0029893,"Brightness Normalization, CLAHE, Minimal Enhancement"
ISIC_0031417,CLAHE
ISIC_0024647,Minimal Enhancement
ISIC_0028567,"Brightness Normalization, Minimal Enhancement"
ISIC_0028103,
ISIC_0030695,Hair Removal
ISIC_0024554,Brightness Correction
ISIC_0031203,"Hair Removal, Denoising"
ISIC_0030183,"Brightness Normalization, Minimal Enhancement"
ISIC_0024679,"Hair Removal, Brightness Correction, Denoising"
ISIC_0026690,"Brightness Normalization, Minimal Enhancement"
ISIC_0031401,"Brightness Normalization, Minimal Enhancement"
ISIC_0027089,Minimal Enhancement
ISIC_0026239,
ISIC_0030255,"Hair Removal, Brightness Normalization, Denoising"
ISIC_0029495,"Brightness Normalization, Minimal Enhancement"
ISIC_0032269,"Hair Removal, Brightness Correction, Denoising"
ISIC_0031350,CLAHE
ISIC_0025832,"Brightness Normalization, Minimal Enhancement"
ISIC_0026105,Minimal Enhancement
ISIC_0029574,"Hair Removal, Brightness Correction, Denoising"
ISIC_0027179,Minimal Enhancement
ISIC_0026930,"Brightness Normalization, Minimal Enhancement"
ISIC_0030246,Brightness Correction
ISIC_0027350,"Hair Removal, Brightness Correction, Denoising"
ISIC_0028218,"Hair Removal, Brightness Correction, Denoising"
ISIC_0024805,"Brightness Normalization, Minimal Enhancement"
ISIC_0030032,Minimal Enhancement
ISIC_0025543,Brightness Correction
ISIC_0026870,Brightness Correction
ISIC_0026738,"Hair Removal, Denoising"
ISIC_0026131,"Brightness Correction, CLAHE"
ISIC_0025663,"Brightness Normalization, CLAHE, Minimal Enhancement"
ISIC_0025105,Brightness Correction
ISIC_0028860,"Denoising, Minimal Enhancement"
ISIC_0031561,"Brightness Normalization, Minimal Enhancement"
ISIC_0025766,"Brightness Correction, Denoising"
ISIC_0031410,"Brightness Correction, CLAHE"
ISIC_0027560,"Hair Removal, Brightness Correction, Denoising"
ISIC_0025573,"Hair Removal, Brightness Correction"
ISIC_0029705,Brightness Correction
ISIC_0032207,CLAHE
ISIC_0032149,"Brightness Correction, CLAHE"
ISIC_0024733,
ISIC_0032433,"CLAHE, Denoising"
ISIC_0027480,"Brightness Normalization, Minimal Enhancement"
ISIC_0031931,"Hair Removal, CLAHE"
ISIC_0026558,"Hair Removal, Brightness Normalization, Denoising, Minimal Enhancement"
ISIC_0027590,"Brightness Correction, CLAHE"
ISIC_0030083,Minimal Enhancement
ISIC_0030002,Minimal Enhancement
ISIC_0029271,Brightness Correction
ISIC_0028033,Minimal Enhancement
ISIC_0032204,Brightness Correction
ISIC_0032095,"Hair Removal, Brightness Correction, CLAHE"
ISIC_0028773,"Hair Removal, Denoising"
ISIC_0031821,"Hair Removal, Brightness Normalization, Denoising, Minimal Enhancement"
ISIC_0030795,
ISIC_0027507,"Hair Removal, Brightness Correction, Denoising"
ISIC_0026802,Minimal Enhancement
ISIC_0028026,"Hair Removal, Brightness Normalization, Denoising, Minimal Enhancement"
ISIC_0027904,"Hair Removal, Denoising, Minimal Enhancement"
ISIC_0024630,"Brightness Normalization, Minimal Enhancement"
ISIC_0024333,
ISIC_0024932,Minimal Enhancement
ISIC_0029480,"Brightness Normalization, Minimal Enhancement"
ISIC_0032232,"CLAHE, Minimal Enhancement"
ISIC_0031005,"Brightness Normalization, Minimal Enhancement"
ISIC_0028220,Minimal Enhancement
ISIC_0030507,
ISIC_0028666,CLAHE
ISIC_0026735,"Hair Removal, Denoising"
ISIC_0028352,"Hair Removal, Denoising"
ISIC_0029094,"Hair Removal, Denoising"
ISIC_0025128,Minimal Enhancement
ISIC_0026045,"Brightness Normalization, Minimal Enhancement"
ISIC_0028508,"Brightness Normalization, Minimal Enhancement"
ISIC_0031498,CLAHE
ISIC_0028897,"Brightness Normalization, Denoising, Minimal Enhancement"
ISIC_0028156,Minimal Enhancement
ISIC_0024918,"Hair Removal, Brightness Correction, Denoising"
ISIC_0032287,Minimal Enhancement
ISIC_0025791,
ISIC_0030901,CLAHE
ISIC_0030995,CLAHE
ISIC_0031368,"Brightness Normalization, CLAHE, Minimal Enhancement"
ISIC_0031900,"Brightness Normalization, Minimal Enhancement"
ISIC_0026516,"Hair Removal, Denoising"
ISIC_0025724,"Brightness Normalization, Minimal Enhancement"
ISIC_0029570,"Brightness Correction, CLAHE"
ISIC_0025550,"Hair Removal, Minimal Enhancement"
ISIC_0025414,CLAHE
ISIC_0026475,"Hair Removal, Denoising"
ISIC_0024410,CLAHE
ISIC_0028930,"Brightness Normalization, Minimal Enhancement"
ISIC_0031389,Minimal Enhancement
ISIC_0030925,CLAHE
ISIC_0030122,"Brightness Normalization, Minimal Enhancement"
ISIC_0024864,"Brightness Correction, Minimal Enhancement"
ISIC_0031778,"Hair Removal, Denoising"
ISIC_0031377,"Brightness Normalization, Minimal Enhancement"
ISIC_0027126,"Hair Removal, Denoising"
ISIC_0030604,"Hair Removal, Brightness Normalization, Minimal Enhancement"
ISIC_0024958,
ISIC_0031025,"Brightness Normalization, Minimal Enhancement"
ISIC_0030951,"CLAHE, Denoising"
ISIC_0031957,"Brightness Correction, CLAHE"
ISIC_0031303,CLAHE
ISIC_0027067,"Brightness Correction, CLAHE"
ISIC_0031087,Minimal Enhancement
ISIC_0027187,
ISIC_0028285,"Hair Removal, Denoising"
ISIC_0026258,Minimal Enhancement
ISIC_0025235,CLAHE
ISIC_0028915,
ISIC_0029652,CLAHE
ISIC_0031295,"Brightness Normalization, Minimal Enhancement"
ISIC_0026647,"Hair Removal, Denoising"
ISIC_0025317,Brightness Correction
ISIC_0026420,"Brightness Normalization, CLAHE, Minimal Enhancement"
ISIC_0028764,Minimal Enhancement
ISIC_0029021,CLAHE
ISIC_0027359,"Brightness Normalization, Minimal Enhancement"
ISIC_0025616,CLAHE
ISIC_0028075,Minimal Enhancement
ISIC_0026823,CLAHE
ISIC_0030929,Hair Removal
ISIC_0028493,"Brightness Normalization, Denoising, Minimal Enhancement"
ISIC_0028968,"Brightness Correction, CLAHE"
ISIC_0024739,Denoising
ISIC_0025188,"Brightness Correction, CLAHE"
ISIC_0029272,
ISIC_0032389,"Hair Removal, Denoising"
ISIC_0025709,"Brightness Normalization, Minimal Enhancement"
ISIC_0031746,"Brightness Normalization, Minimal Enhancement"
ISIC_0025500,Minimal Enhancement
ISIC_0030277,"Hair Removal, Denoising"
ISIC_0025941,"Hair Removal, Brightness Correction, Denoising"
ISIC_0027832,Brightness Correction
ISIC_0031844,"Hair Removal, Denoising"
ISIC_0027797,Minimal Enhancement
ISIC_0025611,"Hair Removal, Brightness Normalization"
ISIC_0031197,"Hair Removal, Brightness Correction, CLAHE"
ISIC_0031270,Minimal Enhancement
ISIC_0029486,
ISIC_0031901,"CLAHE, Denoising"
ISIC_0032076,Minimal Enhancement
ISIC_0025321,"Hair Removal, CLAHE"
ISIC_0029404,"Hair Removal, Brightness Correction, Denoising"
ISIC_0030275,CLAHE
ISIC_0026092,"Hair Removal, Brightness Correction"
ISIC_0024904,Minimal Enhancement
ISIC_0028163,
ISIC_0024669,Brightness Correction
ISIC_0031217,"Brightness Normalization, CLAHE"
ISIC_0025599,Minimal Enhancement
ISIC_0025578,"Brightness Normalization, Minimal Enhancement"
ISIC_0029448,"Hair Removal, Brightness Correction, Denoising, Minimal Enhancement"
ISIC_0028714,"Hair Removal, Denoising, Minimal Enhancement"
ISIC_0030956,"Hair Removal, Brightness Correction, CLAHE, Denoising"
ISIC_0026693,Minimal Enhancement
ISIC_0027983,"Hair Removal, Denoising"
ISIC_0030770,"Brightness Correction, CLAHE"
ISIC_0032240,"Brightness Correction, Minimal Enhancement"
ISIC_0031759,CLAHE
ISIC_0029889,Hair Removal
ISIC_0027385,CLAHE
ISIC_0030882,"Hair Removal, Brightness Correction, Denoising"
ISIC_0029514,"Hair Removal, Denoising"
ISIC_0027672,CLAHE
ISIC_0026163,"Hair Removal, Minimal Enhancement"
ISIC_0025807,Brightness Correction
ISIC_0032745,"Hair Removal, CLAHE"
ISIC_0032557,Minimal Enhancement
ISIC_0033092,"Brightness Normalization, Minimal Enhancement"
ISIC_0027903,"Hair Removal, Brightness Correction, Denoising"
ISIC_0026456,Minimal Enhancement
ISIC_0033450,"Hair Removal, Brightness Normalization, Denoising"
ISIC_0033254,"Brightness Correction, CLAHE"
ISIC_0033158,"Hair Removal, Denoising"
ISIC_0032867,Brightness Correction
ISIC_0032545,"Brightness Normalization, CLAHE"
ISIC_0032692,"Brightness Normalization, Minimal Enhancement"
ISIC_0033608,Minimal Enhancement
ISIC_0033969,"Hair Removal, Brightness Normalization, Denoising, Minimal Enhancement"
ISIC_0033031,"Brightness Normalization, Minimal Enhancement"
ISIC_0032775,"Brightness Normalization, Minimal Enhancement"
ISIC_0033458,
ISIC_0032614,CLAHE
ISIC_0033349,"Denoising, Minimal Enhancement"
ISIC_0032919,"Brightness Normalization, Minimal Enhancement"
ISIC_0032866,"Hair Removal, Brightness Normalization, Denoising, Minimal Enhancement"
ISIC_0033135,"Brightness Normalization, Minimal Enhancement"
ISIC_0032538,Minimal Enhancement
ISIC_0033591,Minimal Enhancement
ISIC_0031648,"Hair Removal, Brightness Correction, Denoising"
ISIC_0033565,Brightness Correction
ISIC_0033123,"Brightness Normalization, Denoising, Minimal Enhancement"
ISIC_0033230,"Brightness Normalization, CLAHE, Denoising"
ISIC_0033762,"Brightness Correction, Minimal Enhancement"
ISIC_0034214,"Brightness Normalization, Minimal Enhancement"
ISIC_0033749,CLAHE
ISIC_0034196,"Denoising, Minimal Enhancement"
ISIC_0031090,
ISIC_0032270,"Brightness Correction, Minimal Enhancement"
ISIC_0031950,Minimal Enhancement
ISIC_0028146,Hair Removal
ISIC_0027159,"Brightness Normalization, CLAHE"
ISIC_0028188,Minimal Enhancement
ISIC_0030722,CLAHE
ISIC_0026876,Minimal Enhancement
ISIC_0030606,"Brightness Correction, Minimal Enhancement"
ISIC_0024747,Minimal Enhancement
ISIC_0031346,"Hair Removal, CLAHE"
ISIC_0027210,Minimal Enhancement
ISIC_0025924,
ISIC_0031719,"Hair Removal, Denoising, Minimal Enhancement"
ISIC_0030070,"Brightness Normalization, Minimal Enhancement"
ISIC_0031093,"Hair Removal, Brightness Correction, CLAHE"
ISIC_0029608,Minimal Enhancement
ISIC_0024402,Hair Removal
ISIC_0027256,Minimal Enhancement
ISIC_0032715,
ISIC_0033991,CLAHE
ISIC_0033817,"Brightness Normalization, Minimal Enhancement"
ISIC_0032839,"Hair Removal, CLAHE"
ISIC_0032932,"Denoising, Minimal Enhancement"
ISIC_0031996,"CLAHE, Minimal Enhancement"
ISIC_0032890,"Brightness Normalization, Minimal Enhancement"
ISIC_0033844,CLAHE
ISIC_0026336,
ISIC_0029439,"Brightness Normalization, Minimal Enhancement"
ISIC_0031201,CLAHE
ISIC_0030283,"Hair Removal, Brightness Correction, Denoising"
ISIC_0031706,Minimal Enhancement
ISIC_0024475,"Hair Removal, Denoising"
ISIC_0025677,"Brightness Normalization, Minimal Enhancement"
ISIC_0025873,
ISIC_0025197,"Hair Removal, Brightness Normalization, Denoising, Minimal Enhancement"
ISIC_0032409,Brightness Correction
ISIC_0028680,"Brightness Normalization, Minimal Enhancement"
ISIC_0025244,Minimal Enhancement
ISIC_0025596,"Brightness Normalization, CLAHE, Minimal Enhancement"
ISIC_0027563,Brightness Normalization
ISIC_0025707,"Brightness Normalization, Minimal Enhancement"
ISIC_0029742,"Hair Removal, CLAHE"
ISIC_0025612,"Brightness Normalization, CLAHE"
ISIC_0027522,Brightness Correction
ISIC_0028406,"Brightness Normalization, CLAHE, Minimal Enhancement"
ISIC_0025628,Denoising
ISIC_0026393,CLAHE
ISIC_0029877,"Hair Removal, Brightness Correction, Denoising"
ISIC_0024662,Minimal Enhancement
ISIC_0031215,"Brightness Normalization, CLAHE"
ISIC_0027856,"Hair Removal, CLAHE, Denoising"
ISIC_0028431,"Hair Removal, Minimal Enhancement"
ISIC_0030104,"Denoising, Minimal Enhancement"
ISIC_0026490,"Brightness Normalization, Minimal Enhancement"
ISIC_0027790,"Brightness Correction, Minimal Enhancement"
ISIC_0027888,Brightness Correction
ISIC_0024370,"Brightness Normalization, Minimal Enhancement"
ISIC_0025606,"Hair Removal, Brightness Correction, Denoising, Minimal Enhancement"
ISIC_0031103,Minimal Enhancement
ISIC_0031065,CLAHE
ISIC_0025250,CLAHE
ISIC_0024375,CLAHE
ISIC_0029099,"Hair Removal, Denoising, Minimal Enhancement"
ISIC_0031955,CLAHE
ISIC_0025249,"Brightness Normalization, Minimal Enhancement"
ISIC_0026713,"Brightness Normalization, Minimal Enhancement"
ISIC_0031276,"Hair Removal, Denoising"
ISIC_0028885,Denoising
ISIC_0024867,"Brightness Normalization, CLAHE, Minimal Enhancement"
ISIC_0027937,CLAHE
ISIC_0025425,Brightness Correction
ISIC_0024706,"Brightness Normalization, Minimal Enhancement"
ISIC_0027665,CLAHE
ISIC_0026467,"Denoising, Minimal Enhancement"
ISIC_0032057,"Brightness Normalization, Minimal Enhancement"
ISIC_0025680,"Brightness Correction, Minimal Enhancement"
ISIC_0026068,"Hair Removal, Minimal Enhancement"
ISIC_0025452,"Brightness Normalization, Minimal Enhancement"
ISIC_0026349,Minimal Enhancement
ISIC_0027269,"Hair Removal, Brightness Correction, Denoising"
ISIC_0028155,"Hair Removal, Denoising"
ISIC_0034093,"Hair Removal, Brightness Normalization, CLAHE"
ISIC_0029230,"Brightness Correction, Minimal Enhancement"
ISIC_0031513,"Brightness Normalization, Minimal Enhancement"
ISIC_0032384,Brightness Correction
ISIC_0027146,Minimal Enhancement
ISIC_0024457,"Brightness Normalization, Minimal Enhancement"
ISIC_0029193,CLAHE
ISIC_0027526,Minimal Enhancement
ISIC_0024431,Minimal Enhancement
ISIC_0026656,"Brightness Normalization, CLAHE, Denoising, Minimal Enhancement"
ISIC_0026760,Brightness Correction
ISIC_0025718,"Brightness Normalization, Denoising, Minimal Enhancement"
ISIC_0027135,
ISIC_0027976,"Brightness Normalization, Minimal Enhancement"
ISIC_0028238,"Hair Removal, Brightness Correction, CLAHE, Denoising"
ISIC_0029755,"Brightness Normalization, Minimal Enhancement"
ISIC_0026321,CLAHE
ISIC_0025467,"Hair Removal, Brightness Correction, Denoising"
ISIC_0028807,Hair Removal
ISIC_0024673,"Brightness Normalization, Minimal Enhancement"
ISIC_0026574,"Brightness Normalization, CLAHE"
ISIC_0028495,"Hair Removal, Brightness Normalization, Denoising, Minimal Enhancement"
ISIC_0030574,CLAHE
ISIC_0031585,"Brightness Normalization, Denoising, Minimal Enhancement"
ISIC_0024590,Minimal Enhancement
ISIC_0025932,CLAHE
ISIC_0028747,"Brightness Normalization, Minimal Enhancement"
ISIC_0030446,"Hair Removal, Brightness Correction, CLAHE, Denoising"
ISIC_0031527,"Hair Removal, Denoising"
ISIC_0031166,"Hair Removal, Denoising"
ISIC_0028693,Minimal Enhancement
ISIC_0030893,"Brightness Normalization, Minimal Enhancement"
ISIC_0030261,Minimal Enhancement
ISIC_0028994,"Brightness Normalization, Minimal Enhancement"
ISIC_0032696,"Brightness Correction, CLAHE"
ISIC_0029466,"Brightness Normalization, Minimal Enhancement"
ISIC_0027057,"Brightness Normalization, Minimal Enhancement"
ISIC_0028085,"Hair Removal, Brightness Normalization, Denoising"
ISIC_0025691,
ISIC_0025824,Minimal Enhancement
ISIC_0031400,
ISIC_0029747,Minimal Enhancement
ISIC_0030778,Hair Removal
ISIC_0031749,"Brightness Normalization, Minimal Enhancement"
ISIC_0029847,Brightness Correction
ISIC_0031943,Minimal Enhancement
ISIC_0027865,"Brightness Normalization, CLAHE, Minimal Enhancement"
ISIC_0030335,
ISIC_0025793,"Hair Removal, Denoising"
ISIC_0025731,"Brightness Normalization, Minimal Enhancement"
ISIC_0028670,"Brightness Normalization, Minimal Enhancement"
ISIC_0029647,"Hair Removal, Denoising"
ISIC_0027858,"Brightness Normalization, Minimal Enhancement"
ISIC_0027433,"Hair Removal, Denoising"
ISIC_0029515,CLAHE
ISIC_0030271,"Brightness Normalization, Minimal Enhancement"
ISIC_0026643,"Brightness Normalization, Minimal Enhancement"
ISIC_0031140,
ISIC_0032139,
ISIC_0031243,"Brightness Normalization, Minimal Enhancement"
ISIC_0026282,CLAHE
ISIC_0027744,"Brightness Normalization, Denoising, Minimal Enhancement"
ISIC_0028457,"Brightness Normalization, CLAHE"
ISIC_0030687,CLAHE
ISIC_0025584,"Brightness Normalization, Minimal Enhancement"
ISIC_0027545,"Brightness Normalization, Minimal Enhancement"
ISIC_0027609,"Brightness Correction, Denoising"
ISIC_0030766,"Hair Removal, Brightness Correction, CLAHE, Denoising"
ISIC_0027117,"Brightness Correction, Denoising"
ISIC_0029034,"Brightness Normalization, Minimal Enhancement"
ISIC_0030800,Brightness Correction
ISIC_0027365,Brightness Correction
ISIC_0026343,"Hair Removal, Minimal Enhancement"
ISIC_0029341,"Hair Removal, Minimal Enhancement"
ISIC_0031762,"Brightness Normalization, CLAHE"
ISIC_0028106,CLAHE
ISIC_0026593,"Hair Removal, Denoising"
ISIC_0027774,"Brightness Correction, CLAHE, Denoising"
ISIC_0027998,"Hair Removal, Brightness Normalization, Minimal Enhancement"
ISIC_0028079,"Hair Removal, Minimal Enhancement"
ISIC_0031442,"Hair Removal, CLAHE"
ISIC_0026766,"Brightness Normalization, CLAHE, Minimal Enhancement"
ISIC_0032415,
ISIC_0030177,"Brightness Normalization, Minimal Enhancement"
ISIC_0031284,"Hair Removal, Brightness Correction, CLAHE, Denoising"
ISIC_0031789,"Brightness Correction, CLAHE"
ISIC_0028095,Minimal Enhancement
ISIC_0032414,Minimal Enhancement
ISIC_0031824,"Hair Removal, Brightness Normalization"
ISIC_0030145,"Hair Removal, Brightness Correction, Denoising"
ISIC_0031640,"Brightness Normalization, Minimal Enhancement"
ISIC_0024360,Minimal Enhancement
ISIC_0029899,Hair Removal
ISIC_0026230,"Hair Removal, Brightness Normalization, Denoising"
ISIC_0026395,Minimal Enhancement
ISIC_0024504,"Brightness Normalization, CLAHE, Minimal Enhancement"
ISIC_0025600,"Brightness Normalization, CLAHE"
ISIC_0025557,"Brightness Normalization, CLAHE, Minimal Enhancement"
ISIC_0028323,"Hair Removal, Denoising"
ISIC_0030659,"Hair Removal, Denoising"
ISIC_0025383,CLAHE
ISIC_0025513,"Hair Removal, Denoising"
ISIC_0027478,CLAHE
ISIC_0026275,
ISIC_0024573,Minimal Enhancement
ISIC_0031272,Brightness Correction
ISIC_0024572,"Brightness Normalization, CLAHE, Denoising"
ISIC_0027851,"Brightness Normalization, Minimal Enhancement"
ISIC_0028858,"Hair Removal, Brightness Correction, Denoising, Minimal Enhancement"
ISIC_0026324,
ISIC_0025700,
ISIC_0030010,Brightness Correction
ISIC_0026831,Brightness Correction
ISIC_0032482,Denoising
ISIC_0029201,"Brightness Normalization, CLAHE, Minimal Enhancement"
ISIC_0026439,Minimal Enhancement
ISIC_0029779,"Brightness Normalization, Minimal Enhancement"
ISIC_0029669,Minimal Enhancement
ISIC_0031169,"Brightness Correction, CLAHE"
ISIC_0024795,"Denoising, Minimal Enhancement"
ISIC_0030349,"Hair Removal, CLAHE, Denoising"
ISIC_0026091,"Brightness Normalization, CLAHE, Denoising"
ISIC_0034160,"Hair Removal, Denoising, Minimal Enhancement"
ISIC_0026453,"Hair Removal, Brightness Correction, Denoising, Minimal Enhancement"
ISIC_0031489,"Hair Removal, Denoising, Minimal Enhancement"
ISIC_0027297,"Brightness Normalization, CLAHE"
ISIC_0028980,"Brightness Normalization, CLAHE"
ISIC_0032660,"Brightness Normalization, CLAHE, Minimal Enhancement"
ISIC_0033504,"Brightness Normalization, Minimal Enhancement"
ISIC_0024885,"Brightness Correction, Minimal Enhancement"
ISIC_0027058,"Hair Removal, Denoising"
ISIC_0030114,Minimal Enhancement
ISIC_0029020,"Brightness Normalization, Minimal Enhancement"
ISIC_0032959,"Brightness Normalization, Minimal Enhancement"
ISIC_0034306,Minimal Enhancement
ISIC_0032799,Brightness Correction
ISIC_0033020,Hair Removal
ISIC_0032768,CLAHE
ISIC_0033205,CLAHE
ISIC_0033271,"Brightness Correction, Minimal Enhancement"
ISIC_0033575,Minimal Enhancement
ISIC_0032894,"CLAHE, Denoising"
ISIC_0033720,CLAHE
ISIC_0034255,"Hair Removal, Brightness Correction"
ISIC_0032834,"Hair Removal, Minimal Enhancement"
ISIC_0027544,"Hair Removal, Brightness Correction, Denoising"
ISIC_0034058,CLAHE
ISIC_0033001,"Hair Removal, Brightness Correction, Denoising"
ISIC_0033354,"Brightness Normalization, Minimal Enhancement"
ISIC_0032857,"Hair Removal, Brightness Correction, Denoising"
ISIC_0032906,Minimal Enhancement
ISIC_0027786,"Brightness Normalization, CLAHE"
ISIC_0033579,"Hair Removal, Denoising, Minimal Enhancement"
ISIC_0034095,"Brightness Normalization, Minimal Enhancement"
ISIC_0034143,CLAHE
ISIC_0032652,Minimal Enhancement
ISIC_0033551,Minimal Enhancement
ISIC_0033571,Minimal Enhancement
ISIC_0033666,"Brightness Normalization, CLAHE"
ISIC_0033218,"Brightness Normalization, CLAHE, Minimal Enhancement"
ISIC_0033054,Brightness Correction
ISIC_0033257,Minimal Enhancement
ISIC_0034276,
ISIC_0034119,CLAHE
ISIC_0034047,"Hair Removal, Brightness Correction"
ISIC_0034299,"Brightness Normalization, CLAHE, Minimal Enhancement"
ISIC_0032808,"Brightness Correction, CLAHE"
ISIC_0033483,"Hair Removal, Denoising"
ISIC_0032536,CLAHE
ISIC_0034161,"Brightness Correction, Minimal Enhancement"
ISIC_0033747,"Brightness Correction, CLAHE"
ISIC_0025644,"Brightness Normalization, CLAHE, Minimal Enhancement"
ISIC_0030314,CLAHE
ISIC_0033012,Brightness Correction
ISIC_0033468,"Brightness Normalization, CLAHE, Minimal Enhancement"
ISIC_0033609,
ISIC_0032777,"Brightness Normalization, Minimal Enhancement"
ISIC_0033019,Minimal Enhancement
ISIC_0033203,"Hair Removal, Brightness Normalization, Denoising, Minimal Enhancement"
ISIC_0033366,"Denoising, Minimal Enhancement"
ISIC_0032816,"Hair Removal, Brightness Normalization, Denoising"
ISIC_0024666,"Hair Removal, Brightness Correction"
ISIC_0028890,Minimal Enhancement
ISIC_0025752,"Hair Removal, Brightness Normalization, Minimal Enhancement"
ISIC_0034015,Minimal Enhancement
ISIC_0034223,Brightness Correction
ISIC_0032611,CLAHE
ISIC_0033499,CLAHE
ISIC_0033372,"Brightness Normalization, CLAHE, Minimal Enhancement"
ISIC_0034066,"Hair Removal, Brightness Correction, Denoising"
ISIC_0034123,"Hair Removal, Brightness Correction, CLAHE, Denoising"
ISIC_0034026,"Hair Removal, Denoising, Minimal Enhancement"
ISIC_0032741,"Hair Removal, CLAHE, Denoising"
ISIC_0033301,"Brightness Normalization, Minimal Enhancement"
ISIC_0034155,Brightness Correction
ISIC_0033146,"Hair Removal, Brightness Correction, Denoising"
ISIC_0029192,Minimal Enhancement
ISIC_0033248,Minimal Enhancement
ISIC_0025102,"Brightness Correction, CLAHE, Denoising"
ISIC_0032850,
ISIC_0030712,Brightness Correction
ISIC_0032727,CLAHE
ISIC_0032991,Minimal Enhancement
ISIC_0033979,"Brightness Normalization, Minimal Enhancement"
ISIC_0028871,Minimal Enhancement
ISIC_0031836,"Brightness Normalization, Minimal Enhancement"
ISIC_0025617,"Brightness Normalization, CLAHE"
ISIC_0027090,Brightness Correction
ISIC_0026350,Minimal Enhancement
ISIC_0031569,"Hair Removal, Minimal Enhancement"
ISIC_0026528,"Brightness Normalization, Minimal Enhancement"
ISIC_0029564,"CLAHE, Denoising"
ISIC_0027814,"Brightness Normalization, Minimal Enhancement"
ISIC_0024515,Minimal Enhancement
ISIC_0031225,Minimal Enhancement
ISIC_0031450,Hair Removal
ISIC_0031026,Minimal Enhancement
ISIC_0032146,"Hair Removal, Denoising"
ISIC_0024848,Minimal Enhancement
ISIC_0031539,"Hair Removal, Brightness Correction, Denoising"
ISIC_0030233,"Hair Removal, Brightness Correction, Denoising, Minimal Enhancement"
ISIC_0028688,
ISIC_0028677,"Brightness Correction, CLAHE"
ISIC_0028818,"Hair Removal, Denoising, Minimal Enhancement"
ISIC_0028059,"Brightness Normalization, Minimal Enhancement"
ISIC_0025576,Denoising
ISIC_0029331,"CLAHE, Denoising"
ISIC_0029546,"Brightness Correction, CLAHE"
ISIC_0029392,
ISIC_0027601,"Brightness Correction, Denoising"
ISIC_0031698,Minimal Enhancement
ISIC_0031245,"Hair Removal, Brightness Correction, Denoising"
ISIC_0027631,Minimal Enhancement
ISIC_0028316,"Brightness Normalization, Minimal Enhancement"
ISIC_0028570,"Hair Removal, Brightness Correction"
ISIC_0031351,"Brightness Normalization, Minimal Enhancement"
ISIC_0026988,Brightness Correction
ISIC_0031413,Brightness Correction
ISIC_0032497,"Brightness Normalization, CLAHE, Minimal Enhancement"
ISIC_0025144,"Hair Removal, Brightness Normalization, Minimal Enhancement"
ISIC_0029278,
ISIC_0024632,"Hair Removal, Brightness Correction, Denoising"
ISIC_0026668,"Brightness Correction, Minimal Enhancement"
ISIC_0025301,"Brightness Correction, Minimal Enhancement"
ISIC_0031643,Minimal Enhancement
ISIC_0026192,"Brightness Normalization, CLAHE, Minimal Enhancement"
ISIC_0030644,"Brightness Normalization, CLAHE"
ISIC_0025417,Minimal Enhancement
ISIC_0028035,"Hair Removal, Brightness Correction, Denoising"
ISIC_0028486,CLAHE
ISIC_0027371,Brightness Correction
ISIC_0026213,"Brightness Correction, Minimal Enhancement"
ISIC_0026442,"Hair Removal, Brightness Normalization, Denoising, Minimal Enhancement"
ISIC_0026716,"Hair Removal, Denoising"
ISIC_0025971,"Brightness Correction, CLAHE"
ISIC_0030737,Minimal Enhancement
ISIC_0025650,
ISIC_0029083,
ISIC_0028765,"Hair Removal, Brightness Normalization, Denoising, Minimal Enhancement"
ISIC_0027531,"Brightness Normalization, CLAHE, Minimal Enhancement"
ISIC_0024331,"CLAHE, Denoising"
ISIC_0026952,"Hair Removal, Denoising"
ISIC_0031384,"Hair Removal, Brightness Correction, Denoising"
ISIC_0025299,
ISIC_0028739,Brightness Correction
ISIC_0031712,Minimal Enhancement
ISIC_0032439,Brightness Correction
ISIC_0029391,"Brightness Normalization, Minimal Enhancement"
ISIC_0030403,"Brightness Normalization, CLAHE"
ISIC_0024595,CLAHE
ISIC_0025046,Minimal Enhancement
ISIC_0024665,"Denoising, Minimal Enhancement"
ISIC_0024332,"Brightness Correction, CLAHE, Denoising"
ISIC_0029129,"Hair Removal, Denoising"
ISIC_0029805,"Brightness Normalization, Denoising, Minimal Enhancement"
ISIC_0026496,"CLAHE, Denoising"
ISIC_0024454,"Hair Removal, Brightness Normalization, Minimal Enhancement"
ISIC_0025433,"Brightness Normalization, CLAHE"
ISIC_0027704,"Brightness Normalization, CLAHE, Minimal Enhancement"
ISIC_0029412,CLAHE
ISIC_0028583,CLAHE
ISIC_0024403,"Brightness Normalization, CLAHE, Minimal Enhancement"
ISIC_0030528,"Brightness Normalization, Minimal Enhancement"
ISIC_0030511,Brightness Correction
ISIC_0030594,Minimal Enhancement
ISIC_0026855,"Brightness Normalization, CLAHE"
ISIC_0026968,"Hair Removal, Brightness Normalization, Denoising, Minimal Enhancement"
ISIC_0024634,"Brightness Normalization, Minimal Enhancement"
ISIC_0025975,"Hair Removal, Brightness Normalization, Denoising"
ISIC_0031236,"Brightness Correction, CLAHE"
ISIC_0030813,"Brightness Normalization, CLAHE"
ISIC_0026074,"Hair Removal, Denoising, Minimal Enhancement"
ISIC_0027846,"Hair Removal, CLAHE, Denoising"
ISIC_0032174,"Brightness Normalization, Minimal Enhancement"
ISIC_0025940,"Hair Removal, Denoising, Minimal Enhancement"
ISIC_0031266,
ISIC_0026056,"Hair Removal, Denoising, Minimal Enhancement"
ISIC_0026156,"Hair Removal, Minimal Enhancement"
ISIC_0028937,Brightness Correction
ISIC_0028113,"Brightness Normalization, Minimal Enhancement"
ISIC_0032194,"Hair Removal, Brightness Correction, Denoising"
ISIC_0029489,"Brightness Normalization, CLAHE, Minimal Enhancement"
ISIC_0029974,"Hair Removal, Denoising"
ISIC_0031597,"Hair Removal, Brightness Normalization, Denoising, Minimal Enhancement"
ISIC_0026798,
ISIC_0028107,"Brightness Correction, Denoising, Minimal Enhancement"
ISIC_0027915,Minimal Enhancement
ISIC_0026337,"Hair Removal, Denoising"
ISIC_0026902,"Hair Removal, Denoising"
ISIC_0027189,Minimal Enhancement
ISIC_0026117,"CLAHE, Denoising"
ISIC_0025266,"Brightness Correction, Minimal Enhancement"
ISIC_0032307,
ISIC_0026978,
ISIC_0026845,Brightness Correction
ISIC_0027966,
ISIC_0024448,"Brightness Normalization, CLAHE, Denoising"
ISIC_0032022,
ISIC_0024452,Minimal Enhancement
ISIC_0029539,Minimal Enhancement
ISIC_0031258,Minimal Enhancement
ISIC_0030197,"Hair Removal, Brightness Normalization, Denoising, Minimal Enhancement"
ISIC_0024582,"Brightness Normalization, Minimal Enhancement"
ISIC_0029655,Minimal Enhancement
ISIC_0028989,CLAHE
ISIC_0028556,"Brightness Correction, CLAHE"
ISIC_0024472,Minimal Enhancement
ISIC_0031175,"Brightness Normalization, Minimal Enhancement"
ISIC_0030755,Brightness Correction
ISIC_0028815,
ISIC_0031976,Brightness Correction
ISIC_0031122,Hair Removal
ISIC_0027825,"Hair Removal, Denoising"
ISIC_0025826,"Hair Removal, Brightness Normalization, Denoising, Minimal Enhancement"
ISIC_0032225,"Hair Removal, Brightness Correction, Minimal Enhancement"
ISIC_0029856,Minimal Enhancement
ISIC_0024799,Minimal Enhancement
ISIC_0031007,"Hair Removal, Denoising"
ISIC_0032290,"Hair Removal, Denoising"
ISIC_0030230,Brightness Correction
ISIC_0031728,CLAHE
ISIC_0031526,Minimal Enhancement
ISIC_0025711,"Brightness Normalization, Denoising, Minimal Enhancement"
ISIC_0028973,Minimal Enhancement
ISIC_0029082,Brightness Correction
ISIC_0024897,Minimal Enhancement
ISIC_0024432,Minimal Enhancement
ISIC_0029035,Minimal Enhancement
ISIC_0025601,"Hair Removal, CLAHE, Denoising"
ISIC_0032461,Minimal Enhancement
ISIC_0030690,"Hair Removal, Brightness Correction, Denoising"
ISIC_0027473,CLAHE
ISIC_0025362,"Hair Removal, Denoising, Minimal Enhancement"
ISIC_0027093,Minimal Enhancement
ISIC_0030181,Minimal Enhancement
ISIC_0028329,"Denoising, Minimal Enhancement"
ISIC_0030964,Denoising
ISIC_0031009,Denoising
ISIC_0024743,"Brightness Normalization, CLAHE, Minimal Enhancement"
ISIC_0030452,
ISIC_0031925,"Brightness Normalization, Minimal Enhancement"
ISIC_0031095,"Hair Removal, Denoising"
ISIC_0024949,"Brightness Correction, Minimal Enhancement"
ISIC_0032246,Minimal Enhancement
ISIC_0026865,Brightness Correction
ISIC_0031057,
ISIC_0027337,"Brightness Normalization, CLAHE"
ISIC_0029263,"Hair Removal, Brightness Correction, CLAHE, Denoising"
ISIC_0026687,"Brightness Normalization, Minimal Enhancement"
ISIC_0027229,"Brightness Normalization, Minimal Enhancement"
ISIC_0027004,Minimal Enhancement
ISIC_0026433,
ISIC_0029524,"Brightness Normalization, CLAHE"
ISIC_0028050,"Hair Removal, CLAHE, Denoising"
ISIC_0027819,"Hair Removal, Denoising"
ISIC_0031294,"Hair Removal, Brightness Correction"
ISIC_0028719,"Brightness Normalization, CLAHE, Denoising, Minimal Enhancement"
ISIC_0027046,"Brightness Normalization, CLAHE, Minimal Enhancement"
ISIC_0031154,"Brightness Normalization, CLAHE, Minimal Enhancement"
ISIC_0028168,CLAHE
ISIC_0031056,"Hair Removal, Brightness Correction, Denoising"
ISIC_0026118,
ISIC_0029820,"Brightness Normalization, CLAHE, Minimal Enhancement"
ISIC_0027722,"Brightness Normalization, Minimal Enhancement"
ISIC_0029644,Minimal Enhancement
ISIC_0031063,"Hair Removal, Denoising"
ISIC_0028877,"Hair Removal, Denoising"
ISIC_0032314,CLAHE
ISIC_0027425,Denoising
ISIC_0029323,"Brightness Normalization, Minimal Enhancement"
ISIC_0031520,Minimal Enhancement
ISIC_0031171,"Brightness Normalization, Denoising, Minimal Enhancement"
ISIC_0031552,"Brightness Normalization, Minimal Enhancement"
ISIC_0028084,"Hair Removal, Brightness Correction, Denoising"
ISIC_0026970,"Hair Removal, Brightness Normalization, Denoising, Minimal Enhancement"
ISIC_0028303,"Hair Removal, Brightness Correction, Denoising"
ISIC_0024461,"Denoising, Minimal Enhancement"
ISIC_0030526,Denoising
ISIC_0025530,"CLAHE, Denoising"
ISIC_0027629,Minimal Enhancement
ISIC_0025630,CLAHE
ISIC_0029337,CLAHE
ISIC_0030096,"Brightness Normalization, Minimal Enhancement"
ISIC_0028197,"Hair Removal, Minimal Enhancement"
ISIC_0029831,"Brightness Correction, CLAHE"
ISIC_0030514,"Brightness Normalization, Denoising, Minimal Enhancement"
ISIC_0024345,CLAHE
ISIC_0028283,"Brightness Normalization, Minimal Enhancement"
ISIC_0027175,"Brightness Normalization, CLAHE, Minimal Enhancement"
ISIC_0031407,"Brightness Normalization, Minimal Enhancement"
ISIC_0028652,"Hair Removal, Denoising"
ISIC_0027038,"Brightness Correction, Minimal Enhancement"
ISIC_0032030,CLAHE
ISIC_0031651,Minimal Enhancement
ISIC_0027525,CLAHE
ISIC_0024550,CLAHE
ISIC_0029919,"Brightness Normalization, Minimal Enhancement"
ISIC_0028928,"CLAHE, Denoising"
ISIC_0031378,"Hair Removal, Brightness Correction, CLAHE, Denoising"
ISIC_0024564,Brightness Correction
ISIC_0025322,
ISIC_0027677,"Hair Removal, Brightness Correction"
ISIC_0024833,CLAHE
ISIC_0027546,CLAHE
ISIC_0030868,Minimal Enhancement
ISIC_0026995,"Brightness Correction, CLAHE"
ISIC_0029123,"Brightness Normalization, Denoising, Minimal Enhancement"
ISIC_0029372,Minimal Enhancement
ISIC_0030782,"Brightness Normalization, Minimal Enhancement"
ISIC_0030915,"Hair Removal, Denoising"
ISIC_0031318,"Brightness Correction, CLAHE"
ISIC_0031470,Minimal Enhancement
ISIC_0032092,"Brightness Normalization, Minimal Enhancement"
ISIC_0024787,CLAHE
ISIC_0027281,CLAHE
ISIC_0027291,"Hair Removal, Brightness Correction, Denoising"
ISIC_0029602,CLAHE
ISIC_0028147,"Brightness Normalization, Minimal Enhancement"
ISIC_0030954,Minimal Enhancement
ISIC_0031062,"Brightness Normalization, Minimal Enhancement"
ISIC_0029053,Brightness Correction
ISIC_0030094,"Brightness Normalization, CLAHE, Minimal Enhancement"
ISIC_0024436,"Hair Removal, Denoising"
ISIC_0026940,"Hair Removal, Brightness Correction, Denoising"
ISIC_0030352,Minimal Enhancement
ISIC_0029745,Brightness Correction
ISIC_0028419,Minimal Enhancement
ISIC_0025818,
ISIC_0030746,Minimal Enhancement
ISIC_0029220,Minimal Enhancement
ISIC_0031986,"Hair Removal, Brightness Correction, CLAHE"
ISIC_0028350,"Hair Removal, Denoising"
ISIC_0028814,Brightness Correction
ISIC_0025509,"Brightness Normalization, CLAHE"
ISIC_0024443,Minimal Enhancement
ISIC_0029342,"Brightness Normalization, Minimal Enhancement"
ISIC_0028577,"Brightness Normalization, Minimal Enhancement"
ISIC_0026829,"Hair Removal, Minimal Enhancement"
ISIC_0029680,"Hair Removal, Brightness Correction, Denoising, Minimal Enhancement"
ISIC_0030339,
ISIC_0028964,"Brightness Normalization, Minimal Enhancement"
ISIC_0032132,"Hair Removal, Denoising"
ISIC_0029545,"Hair Removal, Brightness Normalization, Minimal Enhancement"
ISIC_0028568,Hair Removal
ISIC_0031298,CLAHE
ISIC_0030249,"Hair Removal, Denoising, Minimal Enhancement"
ISIC_0032302,Minimal Enhancement
ISIC_0029352,"Brightness Normalization, Minimal Enhancement"
ISIC_0028122,"Hair Removal, Brightness Correction, Minimal Enhancement"
ISIC_0027595,"Hair Removal, Denoising, Minimal Enhancement"
ISIC_0026154,Brightness Correction
ISIC_0031697,Minimal Enhancement
ISIC_0029917,
ISIC_0028687,Brightness Correction
ISIC_0027120,
ISIC_0029501,Brightness Correction
ISIC_0030138,Minimal Enhancement
ISIC_0032185,"Brightness Normalization, Denoising, Minimal Enhancement"
ISIC_0032222,Minimal Enhancement
ISIC_0025019,"Hair Removal, Minimal Enhancement"
ISIC_0027759,CLAHE
ISIC_0032429,"Brightness Normalization, Minimal Enhancement"
ISIC_0029951,"Hair Removal, Denoising"
ISIC_0027675,"Hair Removal, Minimal Enhancement"
ISIC_0031614,"Hair Removal, Denoising, Minimal Enhancement"
ISIC_0024984,"Hair Removal, Denoising, Minimal Enhancement"
ISIC_0026090,CLAHE
ISIC_0025285,"Brightness Normalization, Minimal Enhancement"
ISIC_0027920,"Brightness Normalization, CLAHE"
ISIC_0027788,"Hair Removal, Brightness Correction, Denoising, Minimal Enhancement"
ISIC_0029857,Minimal Enhancement
ISIC_0028653,
ISIC_0031263,"Brightness Correction, Minimal Enhancement"
ISIC_0024829,"Brightness Normalization, Minimal Enhancement"
ISIC_0032164,"Brightness Correction, CLAHE"
ISIC_0031041,"Brightness Normalization, CLAHE, Minimal Enhancement"
ISIC_0025031,"Brightness Normalization, Minimal Enhancement"
ISIC_0032316,"Brightness Normalization, Minimal Enhancement"
ISIC_0024931,Minimal Enhancement
ISIC_0024411,"Brightness Correction, CLAHE, Denoising"
ISIC_0028671,"Brightness Normalization, Minimal Enhancement"
ISIC_0026957,"Hair Removal, Brightness Correction, CLAHE, Denoising"
ISIC_0025564,"Brightness Normalization, Minimal Enhancement"
ISIC_0032318,CLAHE
ISIC_0030767,Brightness Correction
ISIC_0032061,"Denoising, Minimal Enhancement"
ISIC_0031971,"CLAHE, Denoising"
ISIC_0031721,CLAHE
ISIC_0028542,"Hair Removal, Brightness Normalization, Denoising, Minimal Enhancement"
ISIC_0025260,"Hair Removal, Brightness Correction, Denoising"
ISIC_0031531,CLAHE
ISIC_0028978,"Brightness Normalization, CLAHE, Minimal Enhancement"
ISIC_0028728,CLAHE
ISIC_0032212,Brightness Correction
ISIC_0025775,Minimal Enhancement
ISIC_0029828,"Brightness Normalization, Minimal Enhancement"
ISIC_0031588,Minimal Enhancement
ISIC_0028502,"Brightness Normalization, Minimal Enhancement"
ISIC_0028239,Minimal Enhancement
ISIC_0031325,CLAHE
ISIC_0032115,"Brightness Normalization, Minimal Enhancement"
ISIC_0025251,"Hair Removal, Brightness Correction, Denoising"
ISIC_0025843,CLAHE
ISIC_0031503,"Brightness Correction, CLAHE"
ISIC_0025384,"Brightness Normalization, Minimal Enhancement"
ISIC_0032446,"Brightness Normalization, Minimal Enhancement"
ISIC_0032285,"Hair Removal, Denoising"
ISIC_0027347,
ISIC_0029979,"Hair Removal, Brightness Normalization, Denoising, Minimal Enhancement"
ISIC_0029624,"Brightness Normalization, Minimal Enhancement"
ISIC_0024415,CLAHE
ISIC_0025311,"Hair Removal, Brightness Correction, Denoising"
ISIC_0026425,"Hair Removal, Denoising, Minimal Enhancement"
ISIC_0026555,"Hair Removal, Denoising, Minimal Enhancement"
ISIC_0031282,"Hair Removal, Minimal Enhancement"
ISIC_0029961,Minimal Enhancement
ISIC_0026583,"Brightness Normalization, CLAHE, Minimal Enhancement"
ISIC_0032226,"Hair Removal, Denoising, Minimal Enhancement"
ISIC_0031536,"Brightness Correction, CLAHE, Denoising"
ISIC_0026681,"Hair Removal, Minimal Enhancement"
ISIC_0026780,"Brightness Normalization, CLAHE"
ISIC_0025218,"Hair Removal, Minimal Enhancement"
ISIC_0026211,"Hair Removal, Brightness Correction, Denoising, Minimal Enhancement"
ISIC_0025457,CLAHE
ISIC_0029594,Minimal Enhancement
ISIC_0031575,Minimal Enhancement
ISIC_0028266,"Hair Removal, Brightness Normalization, Denoising, Minimal Enhancement"
ISIC_0032060,"Hair Removal, Brightness Correction, Denoising"
ISIC_0029303,"Brightness Correction, Denoising"
ISIC_0026054,"Brightness Normalization, Denoising, Minimal Enhancement"
ISIC_0029347,"Brightness Normalization, CLAHE, Minimal Enhancement"
ISIC_0028727,Hair Removal
ISIC_0027315,"Brightness Correction, CLAHE"
ISIC_0028455,CLAHE
ISIC_0030435,"Brightness Normalization, Minimal Enhancement"
ISIC_0024535,"Hair Removal, CLAHE, Denoising"
ISIC_0026824,CLAHE
ISIC_0024968,"Hair Removal, Denoising, Minimal Enhancement"
ISIC_0025320,Brightness Correction
ISIC_0031184,"Hair Removal, Brightness Correction"
ISIC_0024828,CLAHE
ISIC_0027725,Brightness Correction
ISIC_0028298,"Hair Removal, Denoising"
ISIC_0024364,"Brightness Correction, CLAHE, Denoising"
ISIC_0031269,"Hair Removal, Brightness Correction, Denoising"
ISIC_0025398,"Brightness Normalization, Minimal Enhancement"
ISIC_0030035,"Hair Removal, Brightness Normalization, Denoising"
ISIC_0031403,
ISIC_0026011,"Hair Removal, Denoising"
ISIC_0026518,Minimal Enhancement
ISIC_0030993,Denoising
ISIC_0027479,Minimal Enhancement
ISIC_0031068,Minimal Enhancement
ISIC_0025338,
ISIC_0030791,"Brightness Normalization, Minimal Enhancement"
ISIC_0031463,"Brightness Correction, CLAHE"
ISIC_0027944,"Brightness Normalization, Minimal Enhancement"
ISIC_0031974,Minimal Enhancement
ISIC_0024896,"CLAHE, Denoising"
ISIC_0029153,"Hair Removal, Brightness Normalization, CLAHE, Denoising"
ISIC_0028480,Minimal Enhancement
ISIC_0030517,Hair Removal
ISIC_0031455,Minimal Enhancement
ISIC_0026768,"Hair Removal, Brightness Correction, Denoising"
ISIC_0029569,
ISIC_0029351,"Hair Removal, Brightness Correction"
ISIC_0024376,CLAHE
ISIC_0030102,"Hair Removal, Brightness Correction, Denoising"
ISIC_0031486,CLAHE
ISIC_0029526,CLAHE
ISIC_0028446,Minimal Enhancement
ISIC_0031895,
ISIC_0030072,"Brightness Correction, Minimal Enhancement"
ISIC_0025723,"Brightness Normalization, CLAHE"
ISIC_0024872,CLAHE
ISIC_0031935,"Hair Removal, Denoising, Minimal Enhancement"
ISIC_0030820,"Hair Removal, Brightness Correction, Denoising"
ISIC_0032210,Minimal Enhancement
ISIC_0031845,"Hair Removal, Brightness Normalization, Denoising, Minimal Enhancement"
ISIC_0027278,"Hair Removal, Brightness Correction, Denoising"
ISIC_0026641,"Brightness Normalization, Minimal Enhancement"
ISIC_0028185,"Hair Removal, CLAHE, Denoising"
ISIC_0028090,CLAHE
ISIC_0028879,"Hair Removal, Brightness Correction, Denoising"
ISIC_0030148,"Hair Removal, Denoising"
ISIC_0029540,Minimal Enhancement
ISIC_0028924,"Brightness Normalization, Denoising, Minimal Enhancement"
ISIC_0032016,"Hair Removal, Brightness Correction, Denoising"
ISIC_0032048,
ISIC_0026255,
ISIC_0030013,Minimal Enhancement
ISIC_0031371,Minimal Enhancement
ISIC_0025585,Brightness Correction
ISIC_0030523,CLAHE
ISIC_0031100,"Brightness Correction, CLAHE"
ISIC_0031671,
ISIC_0025079,"Brightness Normalization, CLAHE, Denoising, Minimal Enhancement"
ISIC_0029637,Brightness Correction
ISIC_0024979,"Brightness Normalization, Minimal Enhancement"
ISIC_0024462,"Hair Removal, Denoising, Minimal Enhancement"
ISIC_0025415,"Brightness Correction, Denoising"
ISIC_0027974,"Brightness Normalization, Denoising, Minimal Enhancement"
ISIC_0031207,"Brightness Normalization, Minimal Enhancement"
ISIC_0025143,
ISIC_0030918,Minimal Enhancement
ISIC_0025161,"Brightness Normalization, CLAHE"
ISIC_0031926,
ISIC_0027324,Minimal Enhancement
ISIC_0031652,CLAHE
ISIC_0030846,"Brightness Normalization, Minimal Enhancement"
ISIC_0029829,Brightness Correction
ISIC_0025407,"Brightness Correction, Minimal Enhancement"
ISIC_0031297,"Hair Removal, Denoising, Minimal Enhancement"
ISIC_0032391,"Brightness Normalization, Denoising, Minimal Enhancement"
ISIC_0029149,
ISIC_0032169,Brightness Correction
ISIC_0024584,"Brightness Normalization, CLAHE, Minimal Enhancement"
ISIC_0029870,"Hair Removal, Denoising"
ISIC_0028164,Brightness Correction
ISIC_0025528,Brightness Correction
ISIC_0027000,CLAHE
ISIC_0027221,"Hair Removal, Brightness Correction, Denoising"
ISIC_0031833,"Hair Removal, Brightness Correction, Denoising"
ISIC_0028289,"Brightness Normalization, Minimal Enhancement"
ISIC_0031164,Brightness Correction
ISIC_0029998,CLAHE
ISIC_0031579,"Hair Removal, Brightness Normalization, Denoising, Minimal Enhancement"
ISIC_0027810,"Hair Removal, Brightness Correction, Denoising"
ISIC_0026339,Minimal Enhancement
ISIC_0032317,"Brightness Normalization, Minimal Enhancement"
ISIC_0029997,"Brightness Normalization, CLAHE"
ISIC_0029685,"Hair Removal, Brightness Normalization, Minimal Enhancement"
ISIC_0025053,"Hair Removal, Brightness Correction, Denoising"
ISIC_0030338,Minimal Enhancement
ISIC_0030907,CLAHE
ISIC_0030428,Minimal Enhancement
ISIC_0026039,
ISIC_0029373,"Hair Removal, Brightness Correction, Denoising"
ISIC_0025692,"Brightness Correction, CLAHE"
ISIC_0030421,"Brightness Correction, CLAHE"
ISIC_0029911,"Brightness Correction, Denoising"
ISIC_0030682,CLAHE
ISIC_0027634,"Brightness Normalization, CLAHE, Minimal Enhancement"
ISIC_0024357,"Brightness Normalization, CLAHE"
ISIC_0026755,Hair Removal
ISIC_0027784,Minimal Enhancement
ISIC_0028359,"Brightness Correction, CLAHE"
ISIC_0031332,
ISIC_0031966,"Brightness Correction, CLAHE"
ISIC_0027268,"Hair Removal, Denoising"
ISIC_0026948,"Hair Removal, Brightness Correction, Denoising"
ISIC_0026246,"Brightness Correction, Denoising"
ISIC_0028889,"CLAHE, Denoising"
ISIC_0032501,"Hair Removal, Minimal Enhancement"
ISIC_0028779,"Brightness Normalization, CLAHE"
ISIC_0025095,"Brightness Normalization, Minimal Enhancement"
ISIC_0027585,Brightness Correction
ISIC_0028302,Minimal Enhancement
ISIC_0026038,CLAHE
ISIC_0028917,Minimal Enhancement
ISIC_0029888,"Brightness Correction, Minimal Enhancement"
ISIC_0024861,"Brightness Correction, Minimal Enhancement"
ISIC_0032087,
ISIC_0032387,"Brightness Normalization, Minimal Enhancement"
ISIC_0026172,
ISIC_0031604,CLAHE
ISIC_0027808,"Brightness Normalization, Minimal Enhancement"
ISIC_0025593,"Hair Removal, Brightness Correction, Denoising"
ISIC_0025487,"Brightness Normalization, CLAHE, Minimal Enhancement"
ISIC_0029273,Minimal Enhancement
ISIC_0025206,"Brightness Correction, CLAHE"
ISIC_0027854,"Brightness Normalization, Minimal Enhancement"
ISIC_0027752,"Brightness Normalization, Minimal Enhancement"
ISIC_0025416,"Brightness Correction, Denoising"
ISIC_0030617,CLAHE
ISIC_0029496,Minimal Enhancement
ISIC_0025287,"Brightness Normalization, CLAHE, Minimal Enhancement"
ISIC_0024327,"Brightness Correction, CLAHE"
ISIC_0027339,"Denoising, Minimal Enhancement"
ISIC_0028339,"Brightness Normalization, Minimal Enhancement"
ISIC_0031331,"Brightness Correction, Minimal Enhancement"
ISIC_0025432,CLAHE
ISIC_0026557,"Brightness Normalization, CLAHE"
ISIC_0027170,"Hair Removal, Denoising"
ISIC_0031997,CLAHE
ISIC_0030669,Minimal Enhancement
ISIC_0032490,Minimal Enhancement
ISIC_0030642,Minimal Enhancement
ISIC_0025364,Minimal Enhancement
ISIC_0027703,
ISIC_0030050,Denoising
ISIC_0026234,Minimal Enhancement
ISIC_0024365,"Brightness Normalization, Minimal Enhancement"
ISIC_0025934,"Hair Removal, Brightness Normalization, Denoising, Minimal Enhancement"
ISIC_0025675,"Brightness Normalization, CLAHE, Minimal Enhancement"
ISIC_0030573,Brightness Correction
ISIC_0029293,"Hair Removal, Denoising"
ISIC_0025325,"Brightness Normalization, Minimal Enhancement"
ISIC_0027717,"Brightness Correction, CLAHE"
ISIC_0029966,"Hair Removal, Denoising"
ISIC_0028424,Minimal Enhancement
ISIC_0027411,Brightness Correction
ISIC_0025636,"Brightness Normalization, CLAHE"
ISIC_0026036,"Brightness Normalization, CLAHE"
ISIC_0024945,Minimal Enhancement
ISIC_0028932,"CLAHE, Minimal Enhancement"
ISIC_0027732,"Hair Removal, Minimal Enhancement"
ISIC_0031106,CLAHE
ISIC_0026214,"Brightness Correction, Minimal Enhancement"
ISIC_0025676,"Brightness Normalization, Minimal Enhancement"
ISIC_0025142,Brightness Correction
ISIC_0024407,CLAHE
ISIC_0032434,CLAHE
ISIC_0030016,"Brightness Normalization, Minimal Enhancement"
ISIC_0026806,"Brightness Normalization, Minimal Enhancement"
ISIC_0025365,"Hair Removal, Brightness Normalization, Minimal Enhancement"
ISIC_0027160,"Hair Removal, Denoising"
ISIC_0028395,"Brightness Normalization, CLAHE"
ISIC_0028515,"Brightness Normalization, Minimal Enhancement"
ISIC_0030287,Minimal Enhancement
ISIC_0027316,"Hair Removal, Brightness Correction, Denoising"
ISIC_0026621,"Brightness Normalization, Minimal Enhancement"
ISIC_0029239,"Hair Removal, Denoising"
ISIC_0027426,Minimal Enhancement
ISIC_0025914,"Brightness Correction, CLAHE"
ISIC_0030888,Minimal Enhancement
ISIC_0025501,"Brightness Normalization, CLAHE"
ISIC_0030599,CLAHE
ISIC_0032153,Brightness Correction
ISIC_0025201,
ISIC_0029523,"Brightness Normalization, CLAHE, Minimal Enhancement"
ISIC_0030541,Brightness Correction
ISIC_0032211,Brightness Correction
ISIC_0027836,"CLAHE, Denoising"
ISIC_0026565,"Brightness Normalization, Minimal Enhancement"
ISIC_0027195,Minimal Enhancement
ISIC_0028682,CLAHE
ISIC_0029112,"Hair Removal, Denoising"
ISIC_0026399,"Hair Removal, Brightness Correction"
ISIC_0029290,"Brightness Normalization, CLAHE"
ISIC_0025749,CLAHE
ISIC_0029258,Minimal Enhancement
ISIC_0025224,
ISIC_0031388,"Brightness Normalization, CLAHE, Minimal Enhancement"
ISIC_0026098,"Brightness Correction, CLAHE"
ISIC_0028482,Brightness Correction
ISIC_0028034,"Brightness Normalization, CLAHE, Minimal Enhancement"
ISIC_0029336,"Hair Removal, CLAHE"
ISIC_0027429,"Brightness Normalization, Minimal Enhancement"
ISIC_0028690,
ISIC_0026585,"Brightness Correction, Minimal Enhancement"
ISIC_0025353,"Brightness Normalization, Minimal Enhancement"
ISIC_0026914,Minimal Enhancement
ISIC_0024980,"Brightness Normalization, CLAHE"
ISIC_0031653,CLAHE
ISIC_0028353,"Brightness Normalization, CLAHE"
ISIC_0030128,"Hair Removal, Denoising, Minimal Enhancement"
ISIC_0032100,"Brightness Normalization, CLAHE, Minimal Enhancement"
ISIC_0026169,"Brightness Normalization, CLAHE"
ISIC_0031632,Minimal Enhancement
ISIC_0025813,Minimal Enhancement
ISIC_0031453,"Hair Removal, Brightness Normalization, Denoising, Minimal Enhancement"
ISIC_0026242,Minimal Enhancement
ISIC_0030214,"Hair Removal, Brightness Normalization, Denoising, Minimal Enhancement"
ISIC_0027422,Minimal Enhancement
ISIC_0025722,"Brightness Normalization, CLAHE, Denoising"
ISIC_0031099,"Brightness Normalization, Minimal Enhancement"
ISIC_0028282,"Brightness Normalization, Minimal Enhancement"
ISIC_0028639,"Brightness Normalization, Minimal Enhancement"
ISIC_0028136,"Denoising, Minimal Enhancement"
ISIC_0026435,"Hair Removal, Brightness Correction, CLAHE"
ISIC_0026476,CLAHE
ISIC_0031773,"Brightness Correction, CLAHE"
ISIC_0031881,CLAHE
ISIC_0026283,"CLAHE, Denoising"
ISIC_0029892,"Hair Removal, Denoising"
ISIC_0027912,CLAHE
ISIC_0029943,Denoising
ISIC_0029561,"Hair Removal, Minimal Enhancement"
ISIC_0026682,"Brightness Normalization, Minimal Enhancement"
ISIC_0027416,CLAHE
ISIC_0028848,Minimal Enhancement
ISIC_0028862,Brightness Correction
ISIC_0024746,"Hair Removal, Brightness Normalization, Denoising"
ISIC_0029044,CLAHE
ISIC_0028054,"Brightness Normalization, Minimal Enhancement"
ISIC_0030550,"Hair Removal, Brightness Correction, CLAHE, Denoising"
ISIC_0031704,"Brightness Normalization, Denoising, Minimal Enhancement"
ISIC_0030235,Hair Removal
ISIC_0024580,"Hair Removal, Brightness Correction, Denoising"
ISIC_0025930,Brightness Correction
ISIC_0031701,
ISIC_0028594,Minimal Enhancement
ISIC_0031185,"Hair Removal, Brightness Correction, Denoising"
ISIC_0024369,"Brightness Normalization, Minimal Enhancement"
ISIC_0029463,"Hair Removal, Brightness Correction"
ISIC_0029815,CLAHE
ISIC_0028196,
ISIC_0030968,
ISIC_0029008,"Hair Removal, Brightness Correction, Minimal Enhancement"
ISIC_0024636,"Brightness Normalization, CLAHE"
ISIC_0032025,"Hair Removal, Brightness Correction"
ISIC_0031157,"Hair Removal, Denoising"
ISIC_0031234,"Brightness Normalization, CLAHE, Minimal Enhancement"
ISIC_0031907,Minimal Enhancement
ISIC_0025966,Minimal Enhancement
ISIC_0027834,CLAHE
ISIC_0025922,"Brightness Normalization, CLAHE, Minimal Enhancement"
ISIC_0032254,Minimal Enhancement
ISIC_0024544,"Brightness Normalization, CLAHE, Denoising"
ISIC_0030903,CLAHE
ISIC_0025994,CLAHE
ISIC_0028962,CLAHE
ISIC_0030292,"Brightness Normalization, Minimal Enhancement"
ISIC_0029015,"Brightness Normalization, Minimal Enhancement"
ISIC_0025205,"Brightness Correction, Minimal Enhancement"
ISIC_0028668,Minimal Enhancement
ISIC_0031730,"Hair Removal, Denoising, Minimal Enhancement"
ISIC_0030469,"Hair Removal, Minimal Enhancement"
ISIC_0030170,"Hair Removal, Brightness Correction, CLAHE"
ISIC_0025056,"Hair Removal, Denoising"
ISIC_0026232,Minimal Enhancement
ISIC_0030322,CLAHE
ISIC_0030885,"Brightness Normalization, Minimal Enhancement"
ISIC_0031638,"Brightness Normalization, Minimal Enhancement"
ISIC_0026562,Minimal Enhancement
ISIC_0028270,CLAHE
ISIC_0027576,"Brightness Correction, CLAHE"
ISIC_0027389,"Brightness Normalization, Minimal Enhancement"
ISIC_0031330,Brightness Correction
ISIC_0024433,Brightness Correction
ISIC_0032011,Minimal Enhancement
ISIC_0030540,"Denoising, Minimal Enhancement"
ISIC_0031151,Minimal Enhancement
ISIC_0024593,"Hair Removal, Denoising, Minimal Enhancement"
ISIC_0029184,Minimal Enhancement
ISIC_0030308,
ISIC_0030470,"Hair Removal, CLAHE, Denoising"
ISIC_0025221,"Brightness Normalization, Minimal Enhancement"
ISIC_0027124,"Brightness Normalization, CLAHE, Minimal Enhancement"
ISIC_0032366,
ISIC_0028827,CLAHE
ISIC_0027816,
ISIC_0025366,"Brightness Correction, Denoising, Minimal Enhancement"
ISIC_0028539,Brightness Correction
ISIC_0030936,"Brightness Normalization, Minimal Enhancement"
ISIC_0030168,"Brightness Normalization, CLAHE, Minimal Enhancement"
ISIC_0031229,Minimal Enhancement
ISIC_0031777,"Brightness Correction, CLAHE"
ISIC_0025558,CLAHE
ISIC_0026520,"Brightness Normalization, CLAHE, Minimal Enhancement"
ISIC_0028007,"Hair Removal, Brightness Normalization, Denoising, Minimal Enhancement"
ISIC_0024692,"Brightness Normalization, CLAHE"
ISIC_0030729,CLAHE
ISIC_0030457,Minimal Enhancement
ISIC_0029729,CLAHE
ISIC_0028768,CLAHE
ISIC_0026383,Denoising
ISIC_0025794,Minimal Enhancement
ISIC_0028888,
ISIC_0028137,"Hair Removal, Denoising, Minimal Enhancement"
ISIC_0027691,"Brightness Correction, CLAHE"
ISIC_0024473,Minimal Enhancement
ISIC_0024791,
ISIC_0028805,"Hair Removal, Denoising, Minimal Enhancement"
ISIC_0032442,"Brightness Normalization, Minimal Enhancement"
ISIC_0025255,
ISIC_0026778,CLAHE
ISIC_0028462,"Brightness Normalization, Denoising, Minimal Enhancement"
ISIC_0025052,"Brightness Correction, Minimal Enhancement"
ISIC_0030302,
ISIC_0028812,CLAHE
ISIC_0031606,"Hair Removal, Denoising"
ISIC_0031422,"CLAHE, Denoising"
ISIC_0032453,"Hair Removal, Denoising"
ISIC_0029784,Brightness Correction
ISIC_0029633,"Brightness Normalization, Minimal Enhancement"
ISIC_0027136,Minimal Enhancement
ISIC_0028546,"Hair Removal, Denoising, Minimal Enhancement"
ISIC_0028111,"Hair Removal, Brightness Normalization, Denoising, Minimal Enhancement"
ISIC_0030880,"Hair Removal, Brightness Correction"
ISIC_0025041,"Brightness Correction, Minimal Enhancement"
ISIC_0027763,"Brightness Normalization, Minimal Enhancement"
ISIC_0026700,"Brightness Normalization, Minimal Enhancement"
ISIC_0031174,"Hair Removal, Minimal Enhancement"
ISIC_0031319,Minimal Enhancement
ISIC_0028025,Minimal Enhancement
ISIC_0027572,CLAHE
ISIC_0027212,"Brightness Normalization, CLAHE"
ISIC_0030376,Hair Removal
ISIC_0029822,Brightness Correction
ISIC_0027886,"Hair Removal, Brightness Normalization, Minimal Enhancement"
ISIC_0031776,"Hair Removal, Brightness Correction, Denoising"
ISIC_0027932,Minimal Enhancement
ISIC_0029385,CLAHE
ISIC_0026986,Minimal Enhancement
ISIC_0024464,"Brightness Normalization, CLAHE"
ISIC_0027301,CLAHE
ISIC_0026836,Brightness Correction
ISIC_0028864,"Brightness Normalization, CLAHE, Minimal Enhancement"
ISIC_0029918,Minimal Enhancement
ISIC_0028694,Brightness Correction
ISIC_0025044,"Brightness Normalization, Minimal Enhancement"
ISIC_0025635,"Hair Removal, Brightness Correction, Denoising"
ISIC_0031237,Brightness Correction
ISIC_0026613,Minimal Enhancement
ISIC_0025508,"Brightness Normalization, Minimal Enhancement"
ISIC_0029876,Brightness Correction
ISIC_0024788,"Brightness Normalization, CLAHE"
ISIC_0028975,"Hair Removal, Brightness Correction"
ISIC_0029701,"Brightness Normalization, CLAHE, Minimal Enhancement"
ISIC_0027843,Hair Removal
ISIC_0029118,Brightness Correction
ISIC_0026185,"Hair Removal, Denoising"
ISIC_0026137,"CLAHE, Denoising"
ISIC_0028523,"Hair Removal, Brightness Normalization, Denoising, Minimal Enhancement"
ISIC_0030536,"Brightness Normalization, CLAHE"
ISIC_0030902,CLAHE
ISIC_0024493,"Hair Removal, Brightness Normalization, Minimal Enhancement"
ISIC_0026891,"Hair Removal, CLAHE"
ISIC_0028260,CLAHE
ISIC_0024863,"Hair Removal, CLAHE, Denoising"
ISIC_0031837,Minimal Enhancement
ISIC_0030774,Minimal Enhancement
ISIC_0030041,"Hair Removal, Brightness Correction, Denoising"
ISIC_0025615,"Brightness Correction, CLAHE"
ISIC_0029317,Minimal Enhancement
ISIC_0025900,Minimal Enhancement
ISIC_0030797,"Hair Removal, Brightness Correction, Denoising"
ISIC_0031690,Minimal Enhancement
ISIC_0026594,"Brightness Normalization, CLAHE, Minimal Enhancement"
ISIC_0026936,Minimal Enhancement
ISIC_0026075,"Hair Removal, Brightness Correction, Denoising"
ISIC_0024512,"Brightness Normalization, CLAHE, Minimal Enhancement"
ISIC_0027939,CLAHE
ISIC_0027164,"Hair Removal, Brightness Normalization, Minimal Enhancement"
ISIC_0029619,"Brightness Correction, Minimal Enhancement"
ISIC_0024637,CLAHE
ISIC_0027276,
ISIC_0024879,"Brightness Normalization, Minimal Enhancement"
ISIC_0030906,"Hair Removal, Brightness Normalization, Minimal Enhancement"
ISIC_0025120,Minimal Enhancement
ISIC_0031291,Minimal Enhancement
ISIC_0031947,"Brightness Normalization, Minimal Enhancement"
ISIC_0030904,Minimal Enhancement
ISIC_0024868,CLAHE
ISIC_0024884,"Hair Removal, CLAHE, Denoising"
ISIC_0031938,"Hair Removal, Brightness Correction, Denoising"
ISIC_0027290,CLAHE
ISIC_0029386,CLAHE
ISIC_0027220,"Brightness Normalization, CLAHE"
ISIC_0029410,"Hair Removal, Denoising"
ISIC_0029675,Brightness Correction
ISIC_0029751,"Brightness Normalization, Minimal Enhancement"
ISIC_0026175,Brightness Correction
ISIC_0030293,"Brightness Normalization, Minimal Enhancement"
ISIC_0031035,"Brightness Normalization, CLAHE, Denoising, Minimal Enhancement"
ISIC_0029604,"Hair Removal, Brightness Correction, Denoising"
ISIC_0028967,
ISIC_0031771,CLAHE
ISIC_0028044,Minimal Enhancement
ISIC_0031572,Minimal Enhancement
ISIC_0032426,
ISIC_0030411,"Denoising, Minimal Enhancement"
ISIC_0030315,"Brightness Normalization, Minimal Enhancement"
ISIC_0030269,"Brightness Correction, CLAHE"
ISIC_0028597,"Brightness Normalization, Minimal Enhancement"
ISIC_0031571,CLAHE
ISIC_0032059,Minimal Enhancement
ISIC_0031069,"Hair Removal, Brightness Correction, CLAHE, Denoising"
ISIC_0024348,"Brightness Normalization, CLAHE"
ISIC_0028356,"Hair Removal, CLAHE"
ISIC_0027919,Minimal Enhancement
ISIC_0031219,Minimal Enhancement
ISIC_0031781,"Hair Removal, Denoising"
ISIC_0024690,"Hair Removal, Brightness Normalization, CLAHE, Denoising"
ISIC_0025175,Minimal Enhancement
ISIC_0028175,"Brightness Normalization, Minimal Enhancement"
ISIC_0025444,"Hair Removal, Brightness Normalization, Minimal Enhancement"
ISIC_0025274,"Hair Removal, Brightness Correction, CLAHE"
ISIC_0030120,Minimal Enhancement
ISIC_0026057,"Hair Removal, Brightness Correction"
ISIC_0025878,"Brightness Normalization, CLAHE"
ISIC_0027375,"Brightness Correction, CLAHE"
ISIC_0031534,"Brightness Correction, Minimal Enhancement"
ISIC_0025613,"Hair Removal, Minimal Enhancement"
ISIC_0027564,Brightness Correction
ISIC_0027145,"Hair Removal, Brightness Correction"
ISIC_0025256,CLAHE
ISIC_0026465,Minimal Enhancement
ISIC_0026256,"Denoising, Minimal Enhancement"
ISIC_0028365,Minimal Enhancement
ISIC_0028108,"Hair Removal, Denoising"
ISIC_0031477,"Hair Removal, Brightness Correction, Denoising"
ISIC_0031153,Brightness Correction
ISIC_0030483,"Brightness Normalization, Denoising, Minimal Enhancement"
ISIC_0024421,"Brightness Normalization, Minimal Enhancement"
ISIC_0026366,"Hair Removal, Brightness Normalization, Denoising"
ISIC_0027661,
ISIC_0025192,"Brightness Normalization, CLAHE"
ISIC_0027085,
ISIC_0027251,"Hair Removal, Brightness Correction, Denoising"
ISIC_0031995,"Hair Removal, Brightness Correction, Denoising"
ISIC_0028572,
ISIC_0026168,"Brightness Normalization, Minimal Enhancement"
ISIC_0029469,Minimal Enhancement
ISIC_0030289,"Hair Removal, Brightness Correction"
ISIC_0028933,Minimal Enhancement
ISIC_0027356,"Brightness Normalization, Minimal Enhancement"
ISIC_0030836,"Brightness Normalization, Minimal Enhancement"
ISIC_0029618,Minimal Enhancement
ISIC_0030204,"Brightness Normalization, Minimal Enhancement"
ISIC_0028242,
ISIC_0028699,CLAHE
ISIC_0030003,"Hair Removal, Brightness Correction, Denoising"
ISIC_0032321,"Brightness Normalization, Minimal Enhancement"
ISIC_0030658,"Brightness Normalization, Minimal Enhancement"
ISIC_0032193,CLAHE
ISIC_0030944,Minimal Enhancement
ISIC_0025298,"Hair Removal, Brightness Correction, Denoising"
ISIC_0030566,
ISIC_0028142,"Hair Removal, Brightness Correction, Denoising"
ISIC_0028613,"Brightness Correction, Minimal Enhancement"
ISIC_0024887,CLAHE
ISIC_0027121,Minimal Enhancement
ISIC_0028466,"Brightness Normalization, CLAHE"
ISIC_0027591,"Hair Removal, Brightness Correction, Denoising, Minimal Enhancement"
ISIC_0030400,Denoising
ISIC_0030282,
ISIC_0028935,Brightness Correction
ISIC_0024985,"Brightness Normalization, Minimal Enhancement"
ISIC_0025514,"Brightness Correction, Minimal Enhancement"
ISIC_0026136,Minimal Enhancement
ISIC_0024856,"Hair Removal, Brightness Correction, CLAHE, Denoising"
ISIC_0028921,"Brightness Normalization, Minimal Enhancement"
ISIC_0024598,"Hair Removal, Brightness Correction, Denoising"
ISIC_0025054,CLAHE
ISIC_0029703,"Hair Removal, Brightness Correction, Denoising"
ISIC_0031699,"Hair Removal, Brightness Correction, Denoising"
ISIC_0031213,Minimal Enhancement
ISIC_0031038,CLAHE
ISIC_0032337,Minimal Enhancement
ISIC_0029211,"Hair Removal, Brightness Correction"
ISIC_0027467,CLAHE
ISIC_0031102,"Brightness Normalization, CLAHE, Minimal Enhancement"
ISIC_0026659,Denoising
ISIC_0032231,"Hair Removal, Brightness Correction, Minimal Enhancement"
ISIC_0028869,Denoising
ISIC_0028705,"Hair Removal, Brightness Correction, Denoising, Minimal Enhancement"
ISIC_0028775,"Hair Removal, Brightness Correction, Denoising"
ISIC_0025080,"Brightness Normalization, Denoising, Minimal Enhancement"
ISIC_0029950,Minimal Enhancement
ISIC_0025910,CLAHE
ISIC_0030761,Minimal Enhancement
ISIC_0031402,
ISIC_0031461,"Hair Removal, Denoising"
ISIC_0030862,"Brightness Normalization, CLAHE, Minimal Enhancement"
ISIC_0030049,CLAHE
ISIC_0025536,"Brightness Normalization, CLAHE, Minimal Enhancement"
ISIC_0027318,Brightness Correction
ISIC_0032162,
ISIC_0025979,"Hair Removal, Minimal Enhancement"
ISIC_0026021,"Brightness Normalization, CLAHE, Denoising, Minimal Enhancement"
ISIC_0025375,CLAHE
ISIC_0026079,"Brightness Correction, Minimal Enhancement"
ISIC_0030957,Denoising
ISIC_0025833,"Brightness Normalization, Minimal Enhancement"
ISIC_0030547,CLAHE
ISIC_0031288,Minimal Enhancement
ISIC_0027106,"Hair Removal, Brightness Correction, Denoising"
ISIC_0031392,"Brightness Normalization, CLAHE"
ISIC_0025947,"Brightness Correction, Minimal Enhancement"
ISIC_0031909,"Hair Removal, Brightness Correction, Minimal Enhancement"
ISIC_0026822,Minimal Enhancement
ISIC_0025559,
ISIC_0030787,CLAHE
ISIC_0030000,"Hair Removal, CLAHE"
ISIC_0028819,Minimal Enhancement
ISIC_0026460,"Brightness Normalization, CLAHE, Minimal Enhancement"
ISIC_0028426,"Hair Removal, Brightness Correction, Denoising"
ISIC_0031199,"CLAHE, Denoising"
ISIC_0029023,"Brightness Normalization, Denoising, Minimal Enhancement"
ISIC_0026960,Minimal Enhancement
ISIC_0027764,"Hair Removal, Brightness Normalization, CLAHE, Denoising"
ISIC_0026817,"Brightness Normalization, Minimal Enhancement"
ISIC_0029274,Minimal Enhancement
ISIC_0027165,"Brightness Correction, Denoising, Minimal Enhancement"
ISIC_0031250,"Brightness Normalization, Minimal Enhancement"
ISIC_0025084,"Hair Removal, Minimal Enhancement"
ISIC_0028337,Brightness Correction
ISIC_0031438,Brightness Correction
ISIC_0028077,"Brightness Normalization, Minimal Enhancement"
ISIC_0029132,"Hair Removal, Brightness Correction, Denoising"
ISIC_0024429,Minimal Enhancement
ISIC_0029972,Minimal Enhancement
ISIC_0030519,CLAHE
ISIC_0026949,Minimal Enhancement
ISIC_0028428,"Hair Removal, Denoising, Minimal Enhancement"
ISIC_0026225,"Brightness Normalization, Minimal Enhancement"
ISIC_0029142,"CLAHE, Denoising"
ISIC_0028861,"Brightness Normalization, CLAHE, Minimal Enhancement"
ISIC_0027373,"Hair Removal, Brightness Correction, Denoising"
ISIC_0031021,"Hair Removal, Brightness Correction, Denoising"
ISIC_0028319,
ISIC_0024309,"Hair Removal, Brightness Correction, Denoising"
ISIC_0031469,Minimal Enhancement
ISIC_0032073,
ISIC_0027554,"Hair Removal, Brightness Normalization, Denoising, Minimal Enhancement"
ISIC_0025003,"Denoising, Minimal Enhancement"
ISIC_0027166,"CLAHE, Denoising"
ISIC_0026202,"Hair Removal, Brightness Correction, Denoising"
ISIC_0024556,
ISIC_0026733,CLAHE
ISIC_0030871,"Hair Removal, Minimal Enhancement"
ISIC_0031582,"Brightness Normalization, Minimal Enhancement"
ISIC_0025328,Minimal Enhancement
ISIC_0024901,Brightness Correction
ISIC_0025544,Minimal Enhancement
ISIC_0028836,
ISIC_0029699,CLAHE
ISIC_0025861,"Hair Removal, Denoising"
ISIC_0032228,"Brightness Correction, Denoising"
ISIC_0027157,Brightness Correction
ISIC_0028660,"Denoising, Minimal Enhancement"
ISIC_0032201,"Brightness Normalization, CLAHE, Minimal Enhancement"
ISIC_0032066,Minimal Enhancement
ISIC_0025116,"Brightness Normalization, Minimal Enhancement"
ISIC_0028443,"Hair Removal, Denoising"
ISIC_0030955,Minimal Enhancement
ISIC_0024738,"Brightness Normalization, CLAHE, Minimal Enhancement"
ISIC_0031279,Denoising
ISIC_0030804,"Hair Removal, Minimal Enhancement"
ISIC_0029628,Minimal Enhancement
ISIC_0027472,"Brightness Normalization, Minimal Enhancement"
ISIC_0026858,
ISIC_0032288,"Hair Removal, Brightness Normalization, Denoising, Minimal Enhancement"
ISIC_0025952,Minimal Enhancement
ISIC_0025868,CLAHE
ISIC_0024649,
ISIC_0031051,"Brightness Normalization, Minimal Enhancement"
ISIC_0027331,Minimal Enhancement
ISIC_0029305,"Hair Removal, Denoising"
ISIC_0027657,CLAHE
ISIC_0027485,"Hair Removal, Denoising, Minimal Enhancement"
ISIC_0031437,"Denoising, Minimal Enhancement"
ISIC_0027333,"Brightness Normalization, Minimal Enhancement"
ISIC_0026620,"Brightness Normalization, CLAHE, Minimal Enhancement"
ISIC_0024944,
ISIC_0025482,"Brightness Normalization, CLAHE"
ISIC_0027227,"Brightness Correction, CLAHE, Denoising"
ISIC_0024534,"Hair Removal, Brightness Correction, Denoising"
ISIC_0031313,CLAHE
ISIC_0028813,Minimal Enhancement
ISIC_0030569,Minimal Enhancement
ISIC_0028048,"Brightness Normalization, Minimal Enhancement"
ISIC_0024374,"Hair Removal, CLAHE, Denoising"
ISIC_0031661,"Brightness Correction, CLAHE"
ISIC_0027597,"Brightness Normalization, CLAHE, Minimal Enhancement"
ISIC_0027482,CLAHE
ISIC_0026689,
ISIC_0027646,"Hair Removal, Denoising, Minimal Enhancement"
ISIC_0026051,"Hair Removal, CLAHE"
ISIC_0028184,Minimal Enhancement
ISIC_0026862,Minimal Enhancement
ISIC_0028299,CLAHE
ISIC_0026320,"CLAHE, Denoising"
ISIC_0032419,"Brightness Normalization, Minimal Enhancement"
ISIC_0031797,Minimal Enhancement
ISIC_0025057,CLAHE
ISIC_0030943,"Hair Removal, Brightness Normalization, Denoising, Minimal Enhancement"
ISIC_0029848,Brightness Correction
ISIC_0024803,"Brightness Correction, CLAHE"
ISIC_0028985,"Hair Removal, Denoising, Minimal Enhancement"
ISIC_0025024,"Brightness Correction, CLAHE"
ISIC_0030736,Minimal Enhancement
ISIC_0031685,"Hair Removal, Brightness Normalization, Denoising, Minimal Enhancement"
ISIC_0026792,Brightness Correction
ISIC_0025815,"Brightness Normalization, CLAHE"
ISIC_0026114,CLAHE
ISIC_0029426,Brightness Correction
ISIC_0025664,"Brightness Normalization, CLAHE"
ISIC_0028833,"Hair Removal, Brightness Correction, CLAHE, Denoising"
ISIC_0029335,
ISIC_0030875,"Brightness Normalization, Minimal Enhancement"
ISIC_0024964,"Hair Removal, Brightness Correction, CLAHE"
ISIC_0026087,"Hair Removal, Brightness Normalization, CLAHE, Denoising"
ISIC_0031647,CLAHE
ISIC_0030351,"Brightness Normalization, Minimal Enhancement"
ISIC_0025104,"Hair Removal, Brightness Correction, Denoising"
ISIC_0025634,"Brightness Normalization, Minimal Enhancement"
ISIC_0029883,"Brightness Normalization, CLAHE"
ISIC_0026994,Minimal Enhancement
ISIC_0029266,Minimal Enhancement
ISIC_0024523,"Brightness Normalization, CLAHE"
ISIC_0028789,"Brightness Normalization, CLAHE, Minimal Enhancement"
ISIC_0029111,"Hair Removal, Denoising, Minimal Enhancement"
ISIC_0026540,"Brightness Normalization, CLAHE, Minimal Enhancement"
ISIC_0027061,CLAHE
ISIC_0025607,"Hair Removal, Denoising"
ISIC_0027938,"Brightness Normalization, Minimal Enhancement"
ISIC_0030206,"Hair Removal, Minimal Enhancement"
ISIC_0029381,"Hair Removal, Brightness Correction, Denoising"
ISIC_0030274,Brightness Correction
ISIC_0025678,"Brightness Correction, CLAHE"
ISIC_0028349,"Brightness Normalization, CLAHE, Minimal Enhancement"
ISIC_0032133,Brightness Correction
ISIC_0031256,
ISIC_0032071,Denoising
ISIC_0028062,CLAHE
ISIC_0024976,Brightness Correction
ISIC_0024815,Minimal Enhancement
ISIC_0031114,"Brightness Normalization, Minimal Enhancement"
ISIC_0024492,Minimal Enhancement
ISIC_0026269,CLAHE
ISIC_0028939,Minimal Enhancement
ISIC_0027935,"Brightness Correction, Denoising, Minimal Enhancement"
ISIC_0030734,"Brightness Normalization, Minimal Enhancement"
ISIC_0032484,
ISIC_0025146,"Brightness Correction, Denoising"
ISIC_0027156,Minimal Enhancement
ISIC_0026361,Brightness Correction
ISIC_0027600,"Brightness Correction, Denoising, Minimal Enhancement"
ISIC_0024838,"Brightness Correction, CLAHE"
ISIC_0032367,"Brightness Correction, Minimal Enhancement"
ISIC_0028102,CLAHE
ISIC_0026980,"Brightness Normalization, Minimal Enhancement"
ISIC_0028721,Brightness Correction
ISIC_0025461,CLAHE
ISIC_0028160,"Brightness Normalization, Minimal Enhancement"
ISIC_0028821,"Brightness Correction, Minimal Enhancement"
ISIC_0032202,"Hair Removal, Denoising"
ISIC_0024804,"Brightness Normalization, CLAHE, Minimal Enhancement"
ISIC_0027868,CLAHE
ISIC_0030332,Brightness Correction
ISIC_0026651,"Hair Removal, Denoising"
ISIC_0029697,Minimal Enhancement
ISIC_0031364,"Brightness Normalization, Denoising, Minimal Enhancement"
ISIC_0026875,"Hair Removal, Denoising"
ISIC_0027440,CLAHE
ISIC_0027456,"Hair Removal, Brightness Correction"
ISIC_0025747,Minimal Enhancement
ISIC_0027758,"Hair Removal, Denoising"
ISIC_0027869,"Hair Removal, Brightness Correction, CLAHE, Denoising"
ISIC_0026910,"Brightness Normalization, Minimal Enhancement"
ISIC_0031963,Minimal Enhancement
ISIC_0031625,"Hair Removal, Brightness Correction, Denoising"
ISIC_0029300,"Hair Removal, Brightness Normalization, Minimal Enhancement"
ISIC_0032002,"Brightness Correction, CLAHE, Denoising"
ISIC_0031800,Minimal Enhancement
ISIC_0027566,Minimal Enhancement
ISIC_0030743,"Brightness Normalization, Minimal Enhancement"
ISIC_0024548,
ISIC_0030374,
ISIC_0027575,
ISIC_0024465,Hair Removal
ISIC_0031398,"Hair Removal, Denoising, Minimal Enhancement"
ISIC_0029984,CLAHE
ISIC_0032039,Minimal Enhancement
ISIC_0030306,
ISIC_0025849,"Hair Removal, Brightness Correction, Denoising"
ISIC_0025028,"Brightness Correction, Minimal Enhancement"
ISIC_0030202,"Brightness Normalization, CLAHE, Minimal Enhancement"
ISIC_0024687,Brightness Correction
ISIC_0027881,"Hair Removal, Brightness Correction, Denoising"
ISIC_0030911,Brightness Correction
ISIC_0027621,Denoising
ISIC_0032166,
ISIC_0032266,"Brightness Normalization, Minimal Enhancement"
ISIC_0028375,
ISIC_0031682,CLAHE
ISIC_0025150,"Brightness Normalization, CLAHE, Minimal Enhancement"
ISIC_0031734,"Hair Removal, Denoising, Minimal Enhancement"
ISIC_0029471,Minimal Enhancement
ISIC_0025406,"Hair Removal, Brightness Correction, Denoising"
ISIC_0024501,"Hair Removal, CLAHE"
ISIC_0031173,"Brightness Correction, Minimal Enhancement"
ISIC_0030285,
ISIC_0026415,"Hair Removal, Denoising, Minimal Enhancement"
ISIC_0025738,"Brightness Normalization, Minimal Enhancement"
ISIC_0026201,CLAHE
ISIC_0030570,
ISIC_0026243,CLAHE
ISIC_0026470,CLAHE
ISIC_0025359,Minimal Enhancement
ISIC_0025246,"Brightness Normalization, CLAHE, Minimal Enhancement"
ISIC_0028377,CLAHE
ISIC_0027910,"Hair Removal, Brightness Normalization, Denoising"
ISIC_0025090,
ISIC_0030524,"Hair Removal, Denoising, Minimal Enhancement"
ISIC_0031018,Brightness Correction
ISIC_0029708,"Hair Removal, Brightness Correction, Denoising"
ISIC_0030538,Brightness Correction
ISIC_0029085,Minimal Enhancement
ISIC_0031637,"Hair Removal, Brightness Correction, Denoising"
ISIC_0027111,"Hair Removal, Brightness Correction, Denoising"
ISIC_0030092,"Brightness Normalization, CLAHE"
ISIC_0031190,"Brightness Normalization, CLAHE"
ISIC_0031544,"Hair Removal, Brightness Normalization, Denoising, Minimal Enhancement"
ISIC_0030814,CLAHE
ISIC_0030193,Minimal Enhancement
ISIC_0030448,Brightness Correction
ISIC_0031504,"Brightness Normalization, Denoising, Minimal Enhancement"
ISIC_0026032,"Hair Removal, Brightness Normalization, Denoising, Minimal Enhancement"
ISIC_0025318,"Brightness Normalization, Minimal Enhancement"
ISIC_0026710,"Hair Removal, Brightness Correction, Denoising"
ISIC_0024322,CLAHE
ISIC_0026128,"Brightness Normalization, CLAHE"
ISIC_0031523,Minimal Enhancement
ISIC_0030679,"Brightness Correction, Denoising"
ISIC_0026740,"Brightness Correction, Minimal Enhancement"
ISIC_0028712,
ISIC_0026112,CLAHE
ISIC_0026830,"Hair Removal, Brightness Correction, Minimal Enhancement"
ISIC_0032336,"Brightness Correction, Denoising"
ISIC_0030477,"Brightness Correction, CLAHE"
ISIC_0027384,Minimal Enhancement
ISIC_0024379,Minimal Enhancement
ISIC_0031882,CLAHE
ISIC_0026302,
ISIC_0028817,"Brightness Normalization, Denoising, Minimal Enhancement"
ISIC_0026812,"Brightness Normalization, Minimal Enhancement"
ISIC_0026129,"Brightness Normalization, Minimal Enhancement"
ISIC_0027605,"Brightness Normalization, Denoising, Minimal Enhancement"
ISIC_0031390,"Brightness Correction, Minimal Enhancement"
ISIC_0027215,Hair Removal
ISIC_0030878,"Hair Removal, Minimal Enhancement"
ISIC_0032467,"Hair Removal, Denoising"
ISIC_0027307,
ISIC_0025390,
ISIC_0029490,"Brightness Normalization, Minimal Enhancement"
ISIC_0032005,"Brightness Correction, CLAHE"
ISIC_0026241,Minimal Enhancement
ISIC_0026731,"Hair Removal, Brightness Correction, Denoising"
ISIC_0031086,"Brightness Normalization, Minimal Enhancement"
ISIC_0029346,"Brightness Correction, Minimal Enhancement"
ISIC_0024555,"Hair Removal, Denoising"
ISIC_0030660,Brightness Correction
ISIC_0030461,Minimal Enhancement
ISIC_0025931,"Hair Removal, Brightness Correction, Denoising, Minimal Enhancement"
ISIC_0030239,"Hair Removal, Denoising"
ISIC_0028058,Minimal Enhancement
ISIC_0025974,"Brightness Normalization, Minimal Enhancement"
ISIC_0026915,Minimal Enhancement
ISIC_0031774,"Brightness Normalization, CLAHE"
ISIC_0025981,Brightness Correction
ISIC_0031176,"Brightness Correction, Minimal Enhancement"
ISIC_0031865,"Brightness Normalization, Minimal Enhancement"
ISIC_0030237,"Hair Removal, Denoising, Minimal Enhancement"
ISIC_0032091,"Brightness Correction, CLAHE"
ISIC_0025213,"Hair Removal, Brightness Correction, Denoising"
ISIC_0030174,Minimal Enhancement
ISIC_0024765,Minimal Enhancement
ISIC_0030099,"Brightness Normalization, Minimal Enhancement"
ISIC_0024776,"Hair Removal, Brightness Normalization, Denoising, Minimal Enhancement"
ISIC_0027019,
ISIC_0026144,Minimal Enhancement
ISIC_0032263,Minimal Enhancement
ISIC_0027055,"Brightness Normalization, Minimal Enhancement"
ISIC_0027108,"Hair Removal, CLAHE, Denoising"
ISIC_0032241,"Hair Removal, Denoising, Minimal Enhancement"
ISIC_0029388,CLAHE
ISIC_0031367,
ISIC_0030596,Minimal Enhancement
ISIC_0026208,"Brightness Correction, CLAHE"
ISIC_0024835,CLAHE
ISIC_0028177,Minimal Enhancement
ISIC_0030502,"Hair Removal, Brightness Normalization, Denoising, Minimal Enhancement"
ISIC_0030974,"Hair Removal, Denoising, Minimal Enhancement"
ISIC_0031231,Minimal Enhancement
ISIC_0027765,"Brightness Normalization, Minimal Enhancement"
ISIC_0025093,
ISIC_0027871,"CLAHE, Denoising"
ISIC_0030337,"Hair Removal, Brightness Normalization, Minimal Enhancement"
ISIC_0030668,Brightness Correction
ISIC_0028105,"Brightness Normalization, Minimal Enhancement"
ISIC_0028554,"Hair Removal, Brightness Correction, Denoising"
ISIC_0031636,Brightness Correction
ISIC_0031714,"Brightness Normalization, CLAHE, Minimal Enhancement"
ISIC_0026718,"Brightness Normalization, Minimal Enhancement"
ISIC_0024661,"Brightness Normalization, CLAHE"
ISIC_0025474,Minimal Enhancement
ISIC_0024510,"Brightness Normalization, Minimal Enhancement"
ISIC_0030481,Minimal Enhancement
ISIC_0025397,CLAHE
ISIC_0025756,"Hair Removal, Denoising"
ISIC_0032088,"Brightness Normalization, Minimal Enhancement"
ISIC_0029367,"Brightness Normalization, Denoising, Minimal Enhancement"
ISIC_0032223,
ISIC_0026449,"Brightness Normalization, CLAHE, Minimal Enhancement"
ISIC_0028609,Minimal Enhancement
ISIC_0031355,"Brightness Normalization, Minimal Enhancement"
ISIC_0025866,"Brightness Correction, CLAHE"
ISIC_0025877,Brightness Correction
ISIC_0030509,"Hair Removal, Brightness Correction, Denoising"
ISIC_0024641,"Brightness Normalization, Minimal Enhancement"
ISIC_0026854,"Brightness Correction, Denoising"
ISIC_0024860,"Hair Removal, Brightness Normalization, Denoising, Minimal Enhancement"
ISIC_0026529,"Brightness Normalization, Minimal Enhancement"
ISIC_0028711,CLAHE
ISIC_0025806,"Brightness Normalization, Minimal Enhancement"
ISIC_0026364,Brightness Correction
ISIC_0026267,CLAHE
ISIC_0030407,
ISIC_0032188,"Brightness Normalization, Minimal Enhancement"
ISIC_0025822,Brightness Correction
ISIC_0030490,"Hair Removal, Brightness Normalization, Denoising, Minimal Enhancement"
ISIC_0027736,
ISIC_0027610,Denoising
ISIC_0031172,CLAHE
ISIC_0028403,"Hair Removal, Brightness Correction"
ISIC_0029689,CLAHE
ISIC_0028798,"Hair Removal, Brightness Normalization, Denoising, Minimal Enhancement"
ISIC_0030748,"Hair Removal, Brightness Correction, Denoising"
ISIC_0024816,"Denoising, Minimal Enhancement"
ISIC_0031820,CLAHE
ISIC_0027405,"Brightness Correction, Minimal Enhancement"
ISIC_0029599,"Brightness Normalization, Minimal Enhancement"
ISIC_0024346,"Brightness Normalization, Minimal Enhancement"
ISIC_0028912,Minimal Enhancement
ISIC_0029436,CLAHE
ISIC_0028770,"Brightness Correction, Minimal Enhancement"
ISIC_0029150,"Hair Removal, Denoising, Minimal Enhancement"
ISIC_0026920,"Hair Removal, CLAHE"
ISIC_0026929,"Brightness Normalization, Minimal Enhancement"
ISIC_0032411,CLAHE
ISIC_0025929,"Hair Removal, Denoising, Minimal Enhancement"
ISIC_0029999,"Hair Removal, Denoising, Minimal Enhancement"
ISIC_0030711,"Brightness Normalization, Minimal Enhancement"
ISIC_0031978,"Brightness Normalization, Minimal Enhancement"
ISIC_0032108,Brightness Correction
ISIC_0030971,"Brightness Normalization, CLAHE, Minimal Enhancement"
ISIC_0027541,Hair Removal
ISIC_0031898,Brightness Correction
ISIC_0029330,"Hair Removal, Brightness Correction, Denoising, Minimal Enhancement"
ISIC_0027283,"Brightness Correction, CLAHE"
ISIC_0027557,"Brightness Normalization, CLAHE, Minimal Enhancement"
ISIC_0024744,Minimal Enhancement
ISIC_0024563,
ISIC_0027892,Minimal Enhancement
ISIC_0026173,"Hair Removal, Denoising, Minimal Enhancement"
ISIC_0026227,"Hair Removal, Brightness Correction, CLAHE"
ISIC_0026696,Brightness Correction
ISIC_0032487,"Hair Removal, Minimal Enhancement"
ISIC_0027400,"Brightness Normalization, CLAHE, Minimal Enhancement"
ISIC_0031357,"Hair Removal, Brightness Correction, Denoising"
ISIC_0026715,Minimal Enhancement
ISIC_0026773,"Hair Removal, Denoising"
ISIC_0025551,"Brightness Correction, CLAHE"
ISIC_0024585,
ISIC_0026292,"Brightness Normalization, CLAHE, Minimal Enhancement"
ISIC_0026533,"Hair Removal, Denoising, Minimal Enhancement"
ISIC_0032507,"Hair Removal, Brightness Correction, CLAHE"
ISIC_0024404,Minimal Enhancement
ISIC_0031156,"Hair Removal, Brightness Correction, Denoising"
ISIC_0030186,"Brightness Normalization, Minimal Enhancement"
ISIC_0025740,Minimal Enhancement
ISIC_0029189,
ISIC_0032234,"Brightness Normalization, Minimal Enhancement"
ISIC_0026355,"Hair Removal, Denoising"
ISIC_0026928,Minimal Enhancement
ISIC_0024663,"Brightness Normalization, Minimal Enhancement"
ISIC_0027971,
ISIC_0027309,"Brightness Correction, CLAHE"
ISIC_0029940,"Hair Removal, Brightness Correction, Minimal Enhancement"
ISIC_0028786,"Brightness Normalization, CLAHE"
ISIC_0031097,Denoising
ISIC_0026814,"Hair Removal, Minimal Enhancement"
ISIC_0032056,"Hair Removal, Brightness Correction, Denoising"
ISIC_0024392,"Brightness Correction, Minimal Enhancement"
ISIC_0028906,CLAHE
ISIC_0030493,"Brightness Normalization, Minimal Enhancement"
ISIC_0029004,"Hair Removal, Brightness Correction, Denoising"
ISIC_0030518,"Hair Removal, Denoising"
ISIC_0031715,"Brightness Normalization, Minimal Enhancement"
ISIC_0026145,"Brightness Normalization, Minimal Enhancement"
ISIC_0025527,"Brightness Correction, CLAHE"
ISIC_0029492,"Hair Removal, Brightness Correction"
ISIC_0024822,"Hair Removal, Denoising"
ISIC_0028936,Brightness Correction
ISIC_0025109,Brightness Correction
ISIC_0027110,Brightness Correction
ISIC_0029508,"Brightness Correction, Denoising"
ISIC_0024474,"Brightness Correction, Minimal Enhancement"
ISIC_0032454,"Brightness Normalization, Minimal Enhancement"
ISIC_0030484,"Brightness Correction, CLAHE"
ISIC_0024989,CLAHE
ISIC_0027579,"Hair Removal, Denoising"
ISIC_0031167,"Brightness Normalization, Minimal Enhancement"
ISIC_0027082,"Brightness Normalization, CLAHE, Minimal Enhancement"
ISIC_0025082,Brightness Correction
ISIC_0030418,"Brightness Correction, Denoising"
ISIC_0026515,
ISIC_0027539,Minimal Enhancement
ISIC_0028647,"Brightness Normalization, CLAHE, Denoising"
ISIC_0031581,CLAHE
ISIC_0030262,CLAHE
ISIC_0029181,CLAHE
ISIC_0032399,Minimal Enhancement
ISIC_0029706,"Brightness Normalization, Minimal Enhancement"
ISIC_0029550,"Brightness Normalization, Minimal Enhancement"
ISIC_0025493,"Hair Removal, Brightness Correction, CLAHE, Denoising"
ISIC_0028745,"Brightness Normalization, Minimal Enhancement"
ISIC_0029639,"Hair Removal, Denoising, Minimal Enhancement"
ISIC_0032398,Brightness Correction
ISIC_0030556,"Hair Removal, Denoising"
ISIC_0026368,"Hair Removal, Brightness Correction, CLAHE, Denoising"
ISIC_0025481,CLAHE
ISIC_0026591,Brightness Correction
ISIC_0026308,"Hair Removal, Brightness Normalization, Minimal Enhancement"
ISIC_0027712,Denoising
ISIC_0029798,"Hair Removal, Denoising"
ISIC_0026253,
ISIC_0026000,Minimal Enhancement
ISIC_0026397,"Brightness Normalization, Minimal Enhancement"
ISIC_0030560,"Brightness Normalization, CLAHE"
ISIC_0030414,Brightness Correction
ISIC_0026908,"Brightness Normalization, Minimal Enhancement"
ISIC_0024957,"Brightness Normalization, Minimal Enhancement"
ISIC_0029219,
ISIC_0030972,CLAHE
ISIC_0027453,CLAHE
ISIC_0026448,"Hair Removal, Brightness Correction"
ISIC_0032143,CLAHE
ISIC_0029167,CLAHE
ISIC_0030141,Minimal Enhancement
ISIC_0027813,"Brightness Normalization, CLAHE, Minimal Enhancement"
ISIC_0029536,
ISIC_0028208,"Brightness Normalization, Minimal Enhancement"
ISIC_0024559,
ISIC_0025087,"Brightness Correction, Minimal Enhancement"
ISIC_0030815,"Brightness Normalization, Minimal Enhancement"
ISIC_0026233,"Brightness Normalization, Minimal Enhancement"
ISIC_0029117,CLAHE
ISIC_0026385,"Denoising, Minimal Enhancement"
ISIC_0027317,"Brightness Correction, CLAHE"
ISIC_0030413,Minimal Enhancement
ISIC_0026510,Brightness Correction
ISIC_0027593,Minimal Enhancement
ISIC_0029218,CLAHE
ISIC_0028027,CLAHE
ISIC_0027009,"Brightness Normalization, CLAHE"
ISIC_0028397,"Hair Removal, Denoising"
ISIC_0028021,"Hair Removal, Denoising"
ISIC_0029312,"Brightness Normalization, Minimal Enhancement"
ISIC_0030545,
ISIC_0027730,"Brightness Correction, CLAHE"
ISIC_0026570,"Brightness Normalization, CLAHE"
ISIC_0028088,
ISIC_0030307,"Brightness Normalization, Denoising, Minimal Enhancement"
ISIC_0030921,"Brightness Normalization, CLAHE, Minimal Enhancement"
ISIC_0030657,"Denoising, Minimal Enhancement"
ISIC_0026220,"Brightness Correction, Minimal Enhancement"
ISIC_0026832,"Brightness Correction, Minimal Enhancement"
ISIC_0027553,CLAHE
ISIC_0026884,"Hair Removal, Brightness Correction, Denoising"
ISIC_0030380,"Brightness Normalization, Minimal Enhancement"
ISIC_0025944,Minimal Enhancement
ISIC_0029772,"Brightness Normalization, CLAHE, Minimal Enhancement"
ISIC_0029287,"Hair Removal, Denoising, Minimal Enhancement"
ISIC_0031792,Brightness Correction
ISIC_0028561,"Hair Removal, Brightness Correction, Denoising"
ISIC_0027022,"Brightness Normalization, CLAHE"
ISIC_0024619,"Hair Removal, Brightness Correction, Denoising"
ISIC_0027723,
ISIC_0026628,"Hair Removal, Brightness Correction, CLAHE, Denoising"
ISIC_0027357,"Hair Removal, Brightness Correction, Denoising"
ISIC_0031656,"Brightness Correction, CLAHE"
ISIC_0026093,"Brightness Normalization, CLAHE, Denoising, Minimal Enhancement"
ISIC_0030441,Minimal Enhancement
ISIC_0025072,"Brightness Normalization, Minimal Enhancement"
ISIC_0029871,"Brightness Correction, CLAHE, Denoising"
ISIC_0027951,"Brightness Normalization, Minimal Enhancement"
ISIC_0028769,"Hair Removal, Denoising, Minimal Enhancement"
ISIC_0025164,"Hair Removal, Brightness Correction"
ISIC_0031532,"Brightness Correction, CLAHE"
ISIC_0030913,"Brightness Normalization, CLAHE, Minimal Enhancement"
ISIC_0025017,"Brightness Normalization, CLAHE, Denoising, Minimal Enhancement"
ISIC_0027080,
ISIC_0026478,CLAHE
ISIC_0031434,Minimal Enhancement
ISIC_0027438,CLAHE
ISIC_0025007,"Hair Removal, Brightness Correction"
ISIC_0027775,CLAHE
ISIC_0024656,
ISIC_0024807,
ISIC_0028083,"Brightness Normalization, Minimal Enhancement"
ISIC_0029688,"Brightness Correction, Denoising, Minimal Enhancement"
ISIC_0031320,
ISIC_0030896,"Denoising, Minimal Enhancement"
ISIC_0032505,"Brightness Normalization, Minimal Enhancement"
ISIC_0032080,CLAHE
ISIC_0029456,Minimal Enhancement
ISIC_0025894,"Hair Removal, Denoising, Minimal Enhancement"
ISIC_0028279,Minimal Enhancement
ISIC_0030692,CLAHE
ISIC_0026688,CLAHE
ISIC_0028908,Brightness Correction
ISIC_0024395,"CLAHE, Denoising"
ISIC_0026791,"Brightness Normalization, CLAHE"
ISIC_0026170,CLAHE
ISIC_0031055,CLAHE
ISIC_0025242,"Hair Removal, Brightness Correction, Minimal Enhancement"
ISIC_0029088,"Hair Removal, Brightness Correction, CLAHE"
ISIC_0032352,"Brightness Normalization, Minimal Enhancement"
ISIC_0026572,CLAHE
ISIC_0026317,Minimal Enhancement
ISIC_0031273,"Hair Removal, Denoising"
ISIC_0027299,Minimal Enhancement
ISIC_0024736,CLAHE
ISIC_0024778,Minimal Enhancement
ISIC_0029748,"Brightness Normalization, CLAHE, Minimal Enhancement"
ISIC_0028979,"Hair Removal, CLAHE"
ISIC_0025437,Minimal Enhancement
ISIC_0029148,"Brightness Correction, CLAHE"
ISIC_0027206,"Brightness Normalization, Minimal Enhancement"
ISIC_0032361,CLAHE
ISIC_0030775,CLAHE
ISIC_0028474,CLAHE
ISIC_0030752,Minimal Enhancement
ISIC_0031508,CLAHE
ISIC_0025379,"Brightness Normalization, Minimal Enhancement"
ISIC_0032339,"Hair Removal, Brightness Normalization, Denoising, Minimal Enhancement"
ISIC_0027731,"Brightness Normalization, Minimal Enhancement"
ISIC_0026953,"Hair Removal, Brightness Normalization, Minimal Enhancement"
ISIC_0031490,"Brightness Normalization, Denoising, Minimal Enhancement"
ISIC_0031675,"Denoising, Minimal Enhancement"
ISIC_0028318,"Hair Removal, Brightness Correction"
ISIC_0027901,Minimal Enhancement
ISIC_0025036,"Brightness Normalization, Denoising, Minimal Enhancement"
ISIC_0030866,"Hair Removal, Denoising"
ISIC_0031998,Brightness Normalization
ISIC_0028133,"Brightness Correction, CLAHE"
ISIC_0027477,Brightness Correction
ISIC_0027637,Minimal Enhancement
ISIC_0029484,"Brightness Normalization, Minimal Enhancement"
ISIC_0026436,"Hair Removal, Brightness Correction, Denoising, Minimal Enhancement"
ISIC_0028771,"Hair Removal, Brightness Correction, Denoising, Minimal Enhancement"
ISIC_0025919,"Hair Removal, Brightness Correction, Denoising"
ISIC_0026240,"Hair Removal, Brightness Correction, Denoising"
ISIC_0029128,"Hair Removal, Denoising, Minimal Enhancement"
ISIC_0031693,Minimal Enhancement
ISIC_0031540,"Brightness Normalization, Minimal Enhancement"
ISIC_0029264,"Hair Removal, Brightness Normalization, Denoising"
ISIC_0027617,Minimal Enhancement
ISIC_0027653,CLAHE
ISIC_0027457,"Hair Removal, Brightness Correction, Denoising"
ISIC_0029980,"Brightness Correction, CLAHE"
ISIC_0026624,Minimal Enhancement
ISIC_0032050,"Hair Removal, Brightness Correction, Denoising"
ISIC_0031033,"Brightness Normalization, Minimal Enhancement"
ISIC_0029087,Minimal Enhancement
ISIC_0029711,Brightness Correction
ISIC_0025126,"Brightness Normalization, Minimal Enhancement"
ISIC_0025449,"Hair Removal, Brightness Correction, CLAHE"
ISIC_0026649,Denoising
ISIC_0025792,Minimal Enhancement
ISIC_0025162,"Brightness Normalization, Minimal Enhancement"
ISIC_0025639,Denoising
ISIC_0031104,"Hair Removal, Brightness Normalization, Minimal Enhancement"
ISIC_0026407,"Brightness Normalization, CLAHE"
ISIC_0026235,"Brightness Correction, CLAHE"
ISIC_0026064,"Brightness Normalization, CLAHE"
ISIC_0029695,"Hair Removal, Brightness Correction"
ISIC_0031165,"Hair Removal, Brightness Correction, Denoising"
ISIC_0030291,"Brightness Normalization, CLAHE"
ISIC_0027638,"Hair Removal, Brightness Normalization, Minimal Enhancement"
ISIC_0026503,"Hair Removal, Denoising, Minimal Enhancement"
ISIC_0026677,Brightness Correction
ISIC_0028459,"Brightness Normalization, Minimal Enhancement"
ISIC_0024977,CLAHE
ISIC_0031785,
ISIC_0024796,"Brightness Normalization, Minimal Enhancement"
ISIC_0032075,Minimal Enhancement
ISIC_0027056,"Denoising, Minimal Enhancement"
ISIC_0027636,"Hair Removal, Denoising, Minimal Enhancement"
ISIC_0027994,"Brightness Normalization, CLAHE"
ISIC_0030402,Minimal Enhancement
ISIC_0025720,"Hair Removal, Denoising"
ISIC_0029844,Minimal Enhancement
ISIC_0027941,CLAHE
ISIC_0025438,"Hair Removal, CLAHE, Denoising"
ISIC_0030265,Brightness Correction
ISIC_0024974,"Brightness Correction, CLAHE"
ISIC_0030505,Brightness Correction
ISIC_0026900,"Brightness Normalization, CLAHE, Minimal Enhancement"
ISIC_0027936,"Brightness Normalization, Minimal Enhancement"
ISIC_0032500,Brightness Correction
ISIC_0025119,
ISIC_0025976,"CLAHE, Denoising"
ISIC_0026474,"Brightness Normalization, Minimal Enhancement"
ISIC_0028182,"Hair Removal, Brightness Correction"
ISIC_0027230,"CLAHE, Denoising"
ISIC_0030248,Brightness Correction
ISIC_0026691,"Denoising, Minimal Enhancement"
ISIC_0031144,"Hair Removal, CLAHE, Denoising"
ISIC_0028535,"Brightness Normalization, Minimal Enhancement"
ISIC_0024574,"Brightness Correction, CLAHE"
ISIC_0025293,CLAHE
ISIC_0025580,"Hair Removal, Denoising, Minimal Enhancement"
ISIC_0030578,Brightness Correction
ISIC_0028246,Minimal Enhancement
ISIC_0028392,"Hair Removal, Denoising"
ISIC_0025965,CLAHE
ISIC_0024570,"Brightness Normalization, Minimal Enhancement"
ISIC_0031724,"Brightness Normalization, CLAHE"
ISIC_0028552,"Hair Removal, Brightness Normalization, Minimal Enhancement"
ISIC_0024965,"Hair Removal, Brightness Normalization, CLAHE, Minimal Enhancement"
ISIC_0026322,Brightness Correction
ISIC_0032084,
ISIC_0029226,
ISIC_0024859,CLAHE
ISIC_0027799,Minimal Enhancement
ISIC_0027695,"Brightness Normalization, Minimal Enhancement"
ISIC_0032052,"Hair Removal, Brightness Correction, Denoising"
ISIC_0029440,"Denoising, Minimal Enhancement"
ISIC_0025968,"Brightness Normalization, Minimal Enhancement"
ISIC_0025614,"Hair Removal, Brightness Correction"
ISIC_0026727,"Hair Removal, Denoising"
ISIC_0028934,"Hair Removal, Brightness Normalization, Denoising, Minimal Enhancement"
ISIC_0026945,"Hair Removal, Minimal Enhancement"
ISIC_0029387,CLAHE
ISIC_0031004,"Brightness Normalization, Minimal Enhancement"
ISIC_0024393,"Brightness Normalization, CLAHE, Minimal Enhancement"
ISIC_0024960,"Hair Removal, Denoising"
ISIC_0025404,"Brightness Correction, Denoising, Minimal Enhancement"
ISIC_0025854,"Brightness Normalization, Minimal Enhancement"
ISIC_0030373,"Hair Removal, Denoising"
ISIC_0032183,
ISIC_0024321,"Brightness Normalization, CLAHE"
ISIC_0029322,"Denoising, Minimal Enhancement"
ISIC_0030468,"Brightness Correction, CLAHE"
ISIC_0025296,"Hair Removal, Brightness Normalization, Denoising, Minimal Enhancement"
ISIC_0031240,"Brightness Normalization, CLAHE, Minimal Enhancement"
ISIC_0027807,"Hair Removal, Denoising"
ISIC_0024308,"Hair Removal, Brightness Correction, Denoising"
ISIC_0030037,Minimal Enhancement
ISIC_0025549,"CLAHE, Denoising"
ISIC_0029449,Brightness Correction
ISIC_0026906,Brightness Correction
ISIC_0032272,Minimal Enhancement
ISIC_0032320,
ISIC_0026200,"Brightness Normalization, Minimal Enhancement"
ISIC_0028221,"Brightness Normalization, Minimal Enhancement"
ISIC_0026252,"Brightness Normalization, CLAHE"
ISIC_0028427,"Hair Removal, Brightness Correction, Denoising"
ISIC_0025236,"Brightness Correction, CLAHE"
ISIC_0032250,Minimal Enhancement
ISIC_0024543,"Brightness Correction, Minimal Enhancement"
ISIC_0026224,Brightness Correction
ISIC_0025714,"Hair Removal, Brightness Correction, Denoising"
ISIC_0032239,"Denoising, Minimal Enhancement"
ISIC_0025925,"Hair Removal, Brightness Correction, Denoising"
ISIC_0026261,CLAHE
ISIC_0024919,"Brightness Normalization, CLAHE"
ISIC_0030781,"Hair Removal, Denoising, Minimal Enhancement"
ISIC_0026859,"Hair Removal, Brightness Normalization, Denoising, Minimal Enhancement"
ISIC_0028683,Brightness Correction
ISIC_0028143,"CLAHE, Denoising"
ISIC_0027214,"Brightness Correction, CLAHE"
ISIC_0025997,
ISIC_0025844,"Brightness Normalization, Minimal Enhancement"
ISIC_0028422,CLAHE
ISIC_0030450,CLAHE
ISIC_0028612,"Brightness Correction, CLAHE"
ISIC_0028695,Minimal Enhancement
ISIC_0031969,Minimal Enhancement
ISIC_0026109,Hair Removal
ISIC_0029795,CLAHE
ISIC_0031383,"Brightness Normalization, Minimal Enhancement"
ISIC_0029721,CLAHE
ISIC_0028383,Minimal Enhancement
ISIC_0027927,
ISIC_0024362,"Hair Removal, Denoising"
ISIC_0025377,"Brightness Correction, CLAHE"
ISIC_0030614,"Hair Removal, Denoising, Minimal Enhancement"
ISIC_0029992,
ISIC_0031116,"Brightness Correction, Denoising"
ISIC_0031535,Minimal Enhancement
ISIC_0028902,Minimal Enhancement
ISIC_0026244,"Brightness Normalization, CLAHE, Minimal Enhancement"
ISIC_0024307,Minimal Enhancement
ISIC_0027153,
ISIC_0030357,"Hair Removal, Minimal Enhancement"
ISIC_0027393,Denoising
ISIC_0030513,"Hair Removal, Denoising, Minimal Enhancement"
ISIC_0030562,Minimal Enhancement
ISIC_0027119,Minimal Enhancement
ISIC_0027542,Minimal Enhancement
ISIC_0032198,"Brightness Normalization, CLAHE"
ISIC_0026678,"Hair Removal, Brightness Correction, Denoising"
ISIC_0026527,"Brightness Normalization, Minimal Enhancement"
ISIC_0025183,"Brightness Normalization, Minimal Enhancement"
ISIC_0028731,"Hair Removal, Denoising, Minimal Enhancement"
ISIC_0030643,"Hair Removal, Denoising"
ISIC_0030684,"Hair Removal, Denoising"
ISIC_0027353,"Hair Removal, Brightness Correction, Denoising, Minimal Enhancement"
ISIC_0026701,"Brightness Normalization, Minimal Enhancement"
ISIC_0031162,"Hair Removal, Denoising"
ISIC_0030916,"Denoising, Minimal Enhancement"
ISIC_0032004,"Hair Removal, Brightness Correction, Denoising"
ISIC_0028301,"Brightness Normalization, Minimal Enhancement"
ISIC_0028616,"Brightness Correction, CLAHE"
ISIC_0027225,"Brightness Normalization, Minimal Enhancement"
ISIC_0032413,Minimal Enhancement
ISIC_0026828,"Hair Removal, CLAHE"
ISIC_0030154,"Hair Removal, Brightness Correction, Denoising"
ISIC_0027200,"Brightness Correction, CLAHE"
ISIC_0027589,"Brightness Normalization, Minimal Enhancement"
ISIC_0024611,"CLAHE, Denoising"
ISIC_0028275,Brightness Correction
ISIC_0029125,"Brightness Normalization, Minimal Enhancement"
ISIC_0032180,Hair Removal
ISIC_0024794,Hair Removal
ISIC_0032083,"Brightness Normalization, CLAHE"
ISIC_0024660,"Brightness Normalization, CLAHE"
ISIC_0028772,"Brightness Normalization, CLAHE, Minimal Enhancement"
ISIC_0028284,"Brightness Normalization, CLAHE"
ISIC_0027857,Minimal Enhancement
ISIC_0029906,Brightness Correction
ISIC_0026708,"Brightness Correction, CLAHE"
ISIC_0027304,Minimal Enhancement
ISIC_0029168,"Hair Removal, Brightness Normalization, Minimal Enhancement"
ISIC_0027257,
ISIC_0024820,Minimal Enhancement
ISIC_0025649,"Hair Removal, Brightness Normalization, Denoising"
ISIC_0027491,"Brightness Normalization, CLAHE"
ISIC_0028603,"Brightness Correction, CLAHE"
ISIC_0025701,CLAHE
ISIC_0025685,CLAHE
ISIC_0031275,"Hair Removal, Brightness Normalization, Denoising, Minimal Enhancement"
ISIC_0032120,"Brightness Correction, Minimal Enhancement"
ISIC_0025736,
ISIC_0026537,CLAHE
ISIC_0031343,"Brightness Correction, CLAHE"
ISIC_0031964,CLAHE
ISIC_0029702,"Brightness Correction, Minimal Enhancement"
ISIC_0030989,"Hair Removal, Brightness Normalization, Denoising, Minimal Enhancement"
ISIC_0030131,Minimal Enhancement
ISIC_0027962,Minimal Enhancement
ISIC_0026965,
ISIC_0030409,"Brightness Normalization, Minimal Enhancement"
ISIC_0026734,Brightness Correction
ISIC_0025167,Minimal Enhancement
ISIC_0029307,CLAHE
ISIC_0027325,"Brightness Correction, Minimal Enhancement"
ISIC_0030196,"Brightness Correction, Minimal Enhancement"
ISIC_0025147,Brightness Correction
ISIC_0026983,
ISIC_0029423,"Hair Removal, Denoising, Minimal Enhancement"
ISIC_0027417,"Brightness Normalization, Minimal Enhancement"
ISIC_0028514,"Hair Removal, Brightness Correction, CLAHE, Denoising"
ISIC_0030385,Brightness Correction
ISIC_0030166,Minimal Enhancement
ISIC_0031296,"Hair Removal, Brightness Normalization, Denoising, Minimal Enhancement"
ISIC_0024456,Brightness Correction
ISIC_0025137,Minimal Enhancement
ISIC_0025890,"Brightness Normalization, Minimal Enhancement"
ISIC_0025648,"Brightness Correction, CLAHE"
ISIC_0024488,Minimal Enhancement
ISIC_0032049,"Brightness Normalization, Minimal Enhancement"
ISIC_0027217,"Brightness Normalization, Minimal Enhancement"
ISIC_0027048,Minimal Enhancement
ISIC_0025272,Denoising
ISIC_0028193,CLAHE
ISIC_0027895,CLAHE
ISIC_0024685,"Brightness Correction, CLAHE"
ISIC_0024306,"Brightness Normalization, Minimal Enhancement"
ISIC_0027148,Minimal Enhancement
ISIC_0027534,Minimal Enhancement
ISIC_0027232,"Hair Removal, Denoising, Minimal Enhancement"
ISIC_0027259,"Hair Removal, Brightness Normalization, Minimal Enhancement"
ISIC_0027409,"Hair Removal, CLAHE, Denoising"
ISIC_0029556,"Hair Removal, Denoising"
ISIC_0029377,"Brightness Correction, CLAHE"
ISIC_0031775,Minimal Enhancement
ISIC_0031120,"Brightness Correction, Minimal Enhancement"
ISIC_0025626,"Brightness Correction, CLAHE"
ISIC_0026683,"CLAHE, Denoising"
ISIC_0031089,Minimal Enhancement
ISIC_0029009,"Hair Removal, Brightness Correction, CLAHE, Denoising"
ISIC_0029267,Minimal Enhancement
ISIC_0026062,"Brightness Correction, CLAHE"
ISIC_0030613,Minimal Enhancement
ISIC_0025698,Brightness Correction
ISIC_0026896,
ISIC_0029864,Brightness Correction
ISIC_0031141,"Brightness Normalization, CLAHE"
ISIC_0026505,"Hair Removal, Brightness Correction, CLAHE, Denoising"
ISIC_0025448,"Hair Removal, Denoising"
ISIC_0028071,"Brightness Correction, Minimal Enhancement"
ISIC_0029246,"Hair Removal, Brightness Normalization, Denoising, Minimal Enhancement"
ISIC_0031230,Denoising
ISIC_0027016,Denoising
ISIC_0026300,"Brightness Normalization, CLAHE, Denoising, Minimal Enhancement"
ISIC_0031032,
ISIC_0030554,"Brightness Correction, CLAHE"
ISIC_0027378,
ISIC_0031679,Brightness Correction
ISIC_0031373,CLAHE
ISIC_0031854,"Hair Removal, Denoising, Minimal Enhancement"
ISIC_0025135,"Hair Removal, Brightness Normalization, Denoising, Minimal Enhancement"
ISIC_0026119,"Hair Removal, Denoising"
ISIC_0028674,"Brightness Correction, Minimal Enhancement"
ISIC_0029714,"Brightness Normalization, Minimal Enhancement"
ISIC_0030073,"Brightness Normalization, CLAHE"
ISIC_0029517,"Hair Removal, Brightness Correction, CLAHE, Denoising"
ISIC_0025290,CLAHE
ISIC_0027474,Minimal Enhancement
ISIC_0024920,Minimal Enhancement
ISIC_0024469,"Brightness Normalization, Minimal Enhancement"
ISIC_0028345,"Hair Removal, Brightness Correction, CLAHE, Denoising"
ISIC_0024720,"Hair Removal, Brightness Correction, Denoising"
ISIC_0028741,CLAHE
ISIC_0028911,CLAHE
ISIC_0028853,"Brightness Normalization, CLAHE"
ISIC_0025430,"Hair Removal, Brightness Correction, Denoising"
ISIC_0025917,"Brightness Correction, Denoising"
ISIC_0027740,"Hair Removal, Brightness Correction, Denoising"
ISIC_0027981,"Hair Removal, Denoising"
ISIC_0032499,"Hair Removal, Brightness Correction, Denoising"
ISIC_0026977,"Hair Removal, Brightness Normalization, Denoising"
ISIC_0027570,"Brightness Correction, CLAHE"
ISIC_0025951,Brightness Correction
ISIC_0031635,"Brightness Correction, Denoising"
ISIC_0030042,"Hair Removal, Brightness Correction, Denoising"
ISIC_0030764,"Brightness Correction, CLAHE"
ISIC_0030718,
ISIC_0025875,"Brightness Correction, Minimal Enhancement"
ISIC_0031260,Minimal Enhancement
ISIC_0025060,"Brightness Normalization, Minimal Enhancement"
ISIC_0030897,"Hair Removal, Brightness Correction"
ISIC_0030837,Minimal Enhancement
ISIC_0029510,"Brightness Normalization, CLAHE, Denoising"
ISIC_0030068,"Brightness Normalization, Minimal Enhancement"
ISIC_0026972,"Brightness Normalization, Denoising, Minimal Enhancement"
ISIC_0030947,"Brightness Normalization, CLAHE, Denoising, Minimal Enhancement"
ISIC_0030220,Minimal Enhancement
ISIC_0028192,
ISIC_0026653,"Hair Removal, Denoising"
ISIC_0029364,Minimal Enhancement
ISIC_0025241,"Brightness Normalization, Minimal Enhancement"
ISIC_0025125,CLAHE
ISIC_0024621,CLAHE
ISIC_0026699,Brightness Correction
ISIC_0028927,"Brightness Normalization, Minimal Enhancement"
ISIC_0028241,"Brightness Correction, Denoising, Minimal Enhancement"
ISIC_0026747,Denoising
ISIC_0024858,CLAHE
ISIC_0029006,
ISIC_0024568,"Brightness Normalization, Minimal Enhancement"
ISIC_0025561,"Brightness Normalization, CLAHE"
ISIC_0024588,Minimal Enhancement
ISIC_0030857,Minimal Enhancement
ISIC_0025658,"Hair Removal, Denoising, Minimal Enhancement"
ISIC_0029806,"Brightness Normalization, Minimal Enhancement"
ISIC_0030863,"Brightness Normalization, Minimal Enhancement"
ISIC_0029324,"Brightness Correction, CLAHE"
ISIC_0028277,"Hair Removal, Brightness Normalization, Minimal Enhancement"
ISIC_0031864,"Hair Removal, Brightness Correction, Denoising"
ISIC_0029106,"Brightness Correction, Minimal Enhancement"
ISIC_0025817,Brightness Correction
ISIC_0031423,"Hair Removal, Denoising"
ISIC_0025361,"Hair Removal, Minimal Enhancement"
ISIC_0029050,Minimal Enhancement
ISIC_0031816,"Brightness Normalization, CLAHE"
ISIC_0029722,Minimal Enhancement
ISIC_0027682,"Brightness Normalization, CLAHE, Minimal Enhancement"
ISIC_0024671,Minimal Enhancement
ISIC_0030975,CLAHE
ISIC_0032054,"Brightness Correction, CLAHE"
ISIC_0030101,CLAHE
ISIC_0024731,"Brightness Normalization, Minimal Enhancement"
ISIC_0029171,CLAHE
ISIC_0031763,Minimal Enhancement
ISIC_0030295,CLAHE
ISIC_0030342,"Hair Removal, Denoising"
ISIC_0024427,"Brightness Normalization, CLAHE"
ISIC_0029542,"Denoising, Minimal Enhancement"
ISIC_0027247,"Brightness Normalization, CLAHE, Minimal Enhancement"
ISIC_0027116,"CLAHE, Denoising"
ISIC_0029485,"Brightness Correction, CLAHE"
ISIC_0026946,"Brightness Normalization, Minimal Enhancement"
ISIC_0031801,Minimal Enhancement
ISIC_0026966,CLAHE
ISIC_0028752,"Hair Removal, Brightness Correction, Minimal Enhancement"
ISIC_0025884,"Brightness Correction, CLAHE"
ISIC_0029788,"CLAHE, Denoising"
ISIC_0032479,Minimal Enhancement
ISIC_0031471,"Hair Removal, Brightness Normalization, Denoising, Minimal Enhancement"
ISIC_0031030,Minimal Enhancement
ISIC_0031525,"Brightness Normalization, Denoising, Minimal Enhancement"
ISIC_0030480,"Brightness Normalization, Minimal Enhancement"
ISIC_0028667,"Brightness Correction, Denoising, Minimal Enhancement"
ISIC_0027191,Brightness Correction
ISIC_0027032,"Brightness Normalization, CLAHE, Minimal Enhancement"
ISIC_0026191,CLAHE
ISIC_0029595,CLAHE
ISIC_0024990,
ISIC_0030867,"Brightness Normalization, Minimal Enhancement"
ISIC_0030928,Minimal Enhancement
ISIC_0025704,"Brightness Correction, CLAHE, Denoising"
ISIC_0026536,"Hair Removal, Brightness Normalization, Minimal Enhancement"
ISIC_0031954,Minimal Enhancement
ISIC_0031764,CLAHE
ISIC_0029419,Minimal Enhancement
ISIC_0024849,CLAHE
ISIC_0026065,CLAHE
ISIC_0025754,"Brightness Normalization, Minimal Enhancement"
ISIC_0026007,Denoising
ISIC_0028595,"Brightness Correction, Minimal Enhancement"
ISIC_0026413,"Hair Removal, Denoising"
ISIC_0028157,"Brightness Normalization, Minimal Enhancement"
ISIC_0026377,CLAHE
ISIC_0026597,Brightness Correction
ISIC_0024311,"Denoising, Minimal Enhancement"
ISIC_0026259,"Hair Removal, Brightness Correction, CLAHE"
ISIC_0026838,"CLAHE, Denoising"
ISIC_0029074,"Brightness Normalization, Minimal Enhancement"
ISIC_0029016,"Brightness Normalization, CLAHE"
ISIC_0030927,
ISIC_0031348,CLAHE
ISIC_0025717,Brightness Correction
ISIC_0029944,"Brightness Normalization, CLAHE"
ISIC_0031128,"Brightness Normalization, CLAHE, Denoising"
ISIC_0028387,"Hair Removal, Denoising, Minimal Enhancement"
ISIC_0029968,"Brightness Normalization, CLAHE"
ISIC_0024826,"Brightness Normalization, CLAHE, Minimal Enhancement"
ISIC_0028207,Minimal Enhancement
ISIC_0029084,"CLAHE, Minimal Enhancement"
ISIC_0030529,CLAHE
ISIC_0028322,"Hair Removal, CLAHE, Denoising"
ISIC_0030984,"Brightness Normalization, Minimal Enhancement"
ISIC_0029874,"Hair Removal, Brightness Correction, Denoising"
ISIC_0030221,"Hair Removal, Denoising"
ISIC_0032268,CLAHE
ISIC_0028250,
ISIC_0029378,"Hair Removal, Brightness Normalization, Denoising, Minimal Enhancement"
ISIC_0025200,"CLAHE, Denoising"
ISIC_0026695,Denoising
ISIC_0027439,Minimal Enhancement
ISIC_0029225,"Hair Removal, Brightness Normalization, Denoising, Minimal Enhancement"
ISIC_0026904,CLAHE
ISIC_0026461,Minimal Enhancement
ISIC_0026184,"Hair Removal, Brightness Correction, Denoising"
ISIC_0029903,"Brightness Normalization, CLAHE, Denoising, Minimal Enhancement"
ISIC_0031870,"Brightness Normalization, Minimal Enhancement"
ISIC_0025281,"Brightness Normalization, CLAHE"
ISIC_0024455,"Hair Removal, CLAHE, Denoising"
ISIC_0024874,"Brightness Correction, CLAHE"
ISIC_0028501,Minimal Enhancement
ISIC_0031427,"Brightness Normalization, Minimal Enhancement"
ISIC_0029956,"Hair Removal, Denoising"
ISIC_0025259,"Brightness Normalization, CLAHE"
ISIC_0031782,"Brightness Correction, CLAHE"
ISIC_0026975,Brightness Correction
ISIC_0027720,"Brightness Correction, Minimal Enhancement"
ISIC_0029408,"Brightness Correction, Minimal Enhancement"
ISIC_0026564,
ISIC_0029684,
ISIC_0030769,Denoising
ISIC_0030853,"Brightness Normalization, CLAHE, Minimal Enhancement"
ISIC_0025343,Minimal Enhancement
ISIC_0024780,Brightness Correction
ISIC_0032276,"Hair Removal, Brightness Correction, Minimal Enhancement"
ISIC_0029816,"Brightness Normalization, CLAHE, Minimal Enhancement"
ISIC_0028896,Hair Removal
ISIC_0031112,CLAHE
ISIC_0026412,"Brightness Normalization, Minimal Enhancement"
ISIC_0026299,"Brightness Normalization, Minimal Enhancement"
ISIC_0031391,"Brightness Normalization, CLAHE"
ISIC_0032094,Minimal Enhancement
ISIC_0029057,Brightness Correction
ISIC_0027500,"Hair Removal, Brightness Normalization, Denoising, Minimal Enhancement"
ISIC_0026762,Denoising
ISIC_0025332,"Hair Removal, Brightness Normalization, Denoising, Minimal Enhancement"
ISIC_0024414,"Denoising, Minimal Enhancement"
ISIC_0028976,CLAHE
ISIC_0027228,"Hair Removal, Minimal Enhancement"
ISIC_0024749,CLAHE
ISIC_0025560,"Brightness Normalization, Minimal Enhancement"
ISIC_0030612,"Hair Removal, Denoising"
ISIC_0027885,"Hair Removal, Denoising"
ISIC_0028248,"Brightness Normalization, CLAHE, Minimal Enhancement"
ISIC_0028997,"Brightness Normalization, Minimal Enhancement"
ISIC_0031505,"Brightness Correction, CLAHE"
ISIC_0030855,Minimal Enhancement
ISIC_0026469,"Brightness Correction, Minimal Enhancement"
ISIC_0027785,"Hair Removal, Denoising, Minimal Enhancement"
ISIC_0024342,CLAHE
ISIC_0028081,"Hair Removal, Denoising"
ISIC_0024950,"Brightness Normalization, CLAHE, Denoising, Minimal Enhancement"
ISIC_0028991,"Hair Removal, Brightness Normalization, Denoising, Minimal Enhancement"
ISIC_0030495,Minimal Enhancement
ISIC_0026999,Minimal Enhancement
ISIC_0027496,"Brightness Normalization, Minimal Enhancement"
ISIC_0029762,Denoising
ISIC_0031787,"Brightness Correction, CLAHE"
ISIC_0029758,Minimal Enhancement
ISIC_0026002,"Brightness Normalization, Minimal Enhancement"
ISIC_0025632,"Hair Removal, Brightness Correction, Denoising"
ISIC_0027434,"Hair Removal, Brightness Normalization, Denoising, Minimal Enhancement"
ISIC_0028850,"Hair Removal, Brightness Normalization, Denoising, Minimal Enhancement"
ISIC_0024625,"Brightness Normalization, Minimal Enhancement"
ISIC_0026550,"Hair Removal, CLAHE, Denoising"
ISIC_0031244,Minimal Enhancement
ISIC_0029103,"Hair Removal, Brightness Correction, Denoising"
ISIC_0027476,CLAHE
ISIC_0025768,"Brightness Correction, CLAHE"
ISIC_0031467,"Hair Removal, Brightness Correction, Denoising"
ISIC_0032196,"Hair Removal, Brightness Normalization, Minimal Enhancement"
ISIC_0030884,"Hair Removal, Brightness Normalization, Denoising, Minimal Enhancement"
ISIC_0026143,"Hair Removal, Brightness Correction, Denoising"
ISIC_0024939,Brightness Correction
ISIC_0024583,Minimal Enhancement
ISIC_0032213,"Hair Removal, Brightness Correction, Denoising, Minimal Enhancement"
ISIC_0031891,"Brightness Correction, CLAHE"
ISIC_0027205,"Brightness Normalization, Minimal Enhancement"
ISIC_0028729,Brightness Correction
ISIC_0029483,Minimal Enhancement
ISIC_0024601,Minimal Enhancement
ISIC_0027696,Minimal Enhancement
ISIC_0025059,"Brightness Normalization, Minimal Enhancement"
ISIC_0027660,"Brightness Normalization, CLAHE, Minimal Enhancement"
ISIC_0029024,Minimal Enhancement
ISIC_0026165,Minimal Enhancement
ISIC_0024589,"CLAHE, Denoising"
ISIC_0031655,
ISIC_0032106,"Hair Removal, Denoising"
ISIC_0030368,"Hair Removal, Denoising, Minimal Enhancement"
ISIC_0026779,"Brightness Normalization, Minimal Enhancement"
ISIC_0032370,CLAHE
ISIC_0032502,"Brightness Correction, CLAHE"
ISIC_0029071,"Hair Removal, Denoising, Minimal Enhancement"
ISIC_0027349,Brightness Correction
ISIC_0027013,"Brightness Normalization, Minimal Enhancement"
ISIC_0024779,"Brightness Normalization, CLAHE, Denoising, Minimal Enhancement"
ISIC_0028313,"Brightness Correction, CLAHE, Denoising"
ISIC_0029383,
ISIC_0031793,
ISIC_0028324,"Brightness Normalization, CLAHE"
ISIC_0027366,Minimal Enhancement
ISIC_0025629,"Brightness Normalization, CLAHE, Minimal Enhancement"
ISIC_0024755,Brightness Correction
ISIC_0024405,"Hair Removal, Brightness Correction, Denoising"
ISIC_0025591,"Hair Removal, Brightness Correction, Denoising"
ISIC_0029532,CLAHE
ISIC_0029723,"Hair Removal, Denoising"
ISIC_0027376,Minimal Enhancement
ISIC_0024500,"Hair Removal, Brightness Correction, Denoising"
ISIC_0029621,"Hair Removal, Brightness Normalization, Denoising, Minimal Enhancement"
ISIC_0029503,"Brightness Normalization, CLAHE, Minimal Enhancement"
ISIC_0029458,CLAHE
ISIC_0032121,"Hair Removal, Denoising"
ISIC_0029090,"Brightness Normalization, Minimal Enhancement"
ISIC_0025071,Hair Removal
ISIC_0029866,"Brightness Correction, Minimal Enhancement"
ISIC_0029921,"Hair Removal, CLAHE, Denoising"
ISIC_0024388,Minimal Enhancement
ISIC_0032469,CLAHE
ISIC_0030087,Minimal Enhancement
ISIC_0026638,"Hair Removal, Brightness Correction, Denoising"
ISIC_0027833,
ISIC_0026499,
ISIC_0028249,Brightness Correction
ISIC_0024866,Minimal Enhancement
ISIC_0029858,Minimal Enhancement
ISIC_0029925,"Brightness Normalization, CLAHE"
ISIC_0025773,"Brightness Normalization, CLAHE, Minimal Enhancement"
ISIC_0032137,"Brightness Normalization, Minimal Enhancement"
ISIC_0031082,"CLAHE, Denoising"
ISIC_0031492,"Brightness Correction, Denoising"
ISIC_0027273,"Brightness Normalization, CLAHE, Minimal Enhancement"
ISIC_0027035,"Brightness Correction, CLAHE"
ISIC_0028875,"Denoising, Minimal Enhancement"
ISIC_0027132,"Brightness Normalization, Minimal Enhancement"
ISIC_0025998,"Brightness Normalization, Minimal Enhancement"
ISIC_0024719,"Brightness Correction, Minimal Enhancement"
ISIC_0026484,"Brightness Correction, CLAHE, Denoising"
ISIC_0031939,"Denoising, Minimal Enhancement"
ISIC_0027173,"Hair Removal, Denoising"
ISIC_0027943,"Hair Removal, Minimal Enhancement"
ISIC_0028778,"Hair Removal, Brightness Correction, Denoising"
ISIC_0029156,Minimal Enhancement
ISIC_0024648,"Hair Removal, Brightness Correction, Denoising"
ISIC_0030584,"Brightness Normalization, CLAHE"
ISIC_0029399,
ISIC_0030294,"Hair Removal, Denoising"
ISIC_0031861,Minimal Enhancement
ISIC_0030701,"Hair Removal, CLAHE"
ISIC_0028839,Minimal Enhancement
ISIC_0028907,Brightness Correction
ISIC_0028245,"Brightness Normalization, CLAHE, Minimal Enhancement"
ISIC_0026748,"Hair Removal, Brightness Correction, Denoising"
ISIC_0029663,Minimal Enhancement
ISIC_0027518,
ISIC_0031747,"Hair Removal, Minimal Enhancement"
ISIC_0025258,"Hair Removal, Denoising"
ISIC_0032117,CLAHE
ISIC_0032377,"Brightness Normalization, Minimal Enhancement"
ISIC_0030510,"CLAHE, Denoising"
ISIC_0026648,"Brightness Normalization, CLAHE"
ISIC_0025107,
ISIC_0027686,Minimal Enhancement
ISIC_0030163,"Hair Removal, Brightness Correction, CLAHE"
ISIC_0028954,CLAHE
ISIC_0031723,"Hair Removal, Brightness Normalization, Denoising, Minimal Enhancement"
ISIC_0025521,"Brightness Normalization, Minimal Enhancement"
ISIC_0030999,"Brightness Correction, CLAHE"
ISIC_0027592,"Hair Removal, Brightness Correction, Denoising"
ISIC_0025408,"Brightness Correction, Denoising"
ISIC_0026312,"Hair Removal, Brightness Correction, Denoising"
ISIC_0030022,"Hair Removal, Brightness Normalization, Denoising, Minimal Enhancement"
ISIC_0026821,CLAHE
ISIC_0027081,CLAHE
ISIC_0024713,Minimal Enhancement
ISIC_0031884,CLAHE
ISIC_0024775,Minimal Enhancement
ISIC_0028492,Minimal Enhancement
ISIC_0028409,"CLAHE, Denoising"
ISIC_0027460,"Brightness Normalization, Denoising, Minimal Enhancement"
ISIC_0030799,Denoising
ISIC_0031928,"Hair Removal, Denoising"
ISIC_0030286,Minimal Enhancement
ISIC_0031634,Brightness Correction
ISIC_0031664,"Brightness Normalization, Minimal Enhancement"
ISIC_0028796,
ISIC_0030215,"Denoising, Minimal Enhancement"
ISIC_0026860,Minimal Enhancement
ISIC_0028340,Denoising
ISIC_0031669,Minimal Enhancement
ISIC_0026507,"Hair Removal, Brightness Correction, Denoising"
ISIC_0030861,"Brightness Normalization, Minimal Enhancement"
ISIC_0028363,"Hair Removal, Denoising"
ISIC_0029073,"Hair Removal, Brightness Correction"
ISIC_0024659,"Brightness Normalization, Denoising, Minimal Enhancement"
ISIC_0025949,CLAHE
ISIC_0029757,"Hair Removal, Brightness Normalization, Minimal Enhancement"
ISIC_0029521,Hair Removal
ISIC_0024735,"Brightness Normalization, Minimal Enhancement"
ISIC_0026486,"Brightness Normalization, Minimal Enhancement"
ISIC_0026025,
ISIC_0032237,Minimal Enhancement
ISIC_0027092,"Hair Removal, Denoising"
ISIC_0032053,CLAHE
ISIC_0030327,Minimal Enhancement
ISIC_0025307,"Hair Removal, Brightness Correction, CLAHE"
ISIC_0024434,"Brightness Correction, CLAHE"
ISIC_0025369,"Hair Removal, Brightness Normalization, Denoising, Minimal Enhancement"
ISIC_0024542,"Brightness Correction, Minimal Enhancement"
ISIC_0030256,"Hair Removal, Denoising, Minimal Enhancement"
ISIC_0029767,"Brightness Normalization, CLAHE, Minimal Enhancement"
ISIC_0030379,CLAHE
ISIC_0028516,"Hair Removal, CLAHE"
ISIC_0026221,Brightness Correction
ISIC_0029414,"Brightness Normalization, CLAHE"
ISIC_0032216,"Denoising, Minimal Enhancement"
ISIC_0030213,Minimal Enhancement
ISIC_0028782,
ISIC_0025733,CLAHE
ISIC_0026357,Denoising
ISIC_0025827,Minimal Enhancement
ISIC_0031729,Brightness Correction
ISIC_0027185,"Hair Removal, Denoising"
ISIC_0026686,"Brightness Normalization, CLAHE, Minimal Enhancement"
ISIC_0026155,CLAHE
ISIC_0032093,"Brightness Normalization, Minimal Enhancement"
ISIC_0024737,Minimal Enhancement
ISIC_0025923,Minimal Enhancement
ISIC_0028140,"Brightness Normalization, CLAHE"
ISIC_0032449,
ISIC_0031665,"Brightness Normalization, Minimal Enhancement"
ISIC_0025058,CLAHE
ISIC_0024616,"Hair Removal, Brightness Correction, Denoising"
ISIC_0024686,"Hair Removal, Minimal Enhancement"
ISIC_0031135,Minimal Enhancement
ISIC_0025011,CLAHE
ISIC_0028407,Minimal Enhancement
ISIC_0027193,"Brightness Normalization, CLAHE"
ISIC_0029137,
ISIC_0025935,"Brightness Normalization, Minimal Enhancement"
ISIC_0029299,Minimal Enhancement
ISIC_0029605,"Hair Removal, Denoising"
ISIC_0025174,Minimal Enhancement
ISIC_0025348,"Brightness Normalization, CLAHE, Minimal Enhancement"
ISIC_0024956,Minimal Enhancement
ISIC_0027274,Minimal Enhancement
ISIC_0031767,"Brightness Normalization, Minimal Enhancement"
ISIC_0029467,
ISIC_0031110,"Brightness Normalization, CLAHE, Minimal Enhancement"
ISIC_0026257,CLAHE
ISIC_0031587,Minimal Enhancement
ISIC_0029782,Brightness Correction
ISIC_0030103,"Hair Removal, Brightness Normalization, Denoising, Minimal Enhancement"
ISIC_0031370,"Brightness Normalization, CLAHE"
ISIC_0025067,CLAHE
ISIC_0029649,CLAHE
ISIC_0032255,Denoising
ISIC_0028661,CLAHE
ISIC_0026127,Minimal Enhancement
ISIC_0028483,Brightness Correction
ISIC_0031990,"CLAHE, Denoising"
ISIC_0027245,Brightness Correction
ISIC_0031914,"Hair Removal, CLAHE, Denoising"
ISIC_0031382,"Brightness Correction, Denoising, Minimal Enhancement"
ISIC_0027272,"Hair Removal, CLAHE, Denoising"
ISIC_0032252,"Hair Removal, Denoising, Minimal Enhancement"
ISIC_0031739,"Brightness Normalization, CLAHE"
ISIC_0024532,Minimal Enhancement
ISIC_0026162,"Hair Removal, Brightness Correction, Denoising"
ISIC_0027028,"Brightness Normalization, CLAHE"
ISIC_0026344,"Brightness Normalization, CLAHE"
ISIC_0028855,"Brightness Normalization, Minimal Enhancement"
ISIC_0031227,Minimal Enhancement
ISIC_0027940,"Hair Removal, CLAHE, Denoising"
ISIC_0026380,"Brightness Normalization, Minimal Enhancement"
ISIC_0029497,"Brightness Normalization, CLAHE, Minimal Enhancement"
ISIC_0027602,"Hair Removal, Brightness Correction, Denoising"
ISIC_0030398,Minimal Enhancement
ISIC_0029710,"Brightness Correction, CLAHE, Denoising"
ISIC_0026864,CLAHE
ISIC_0028074,Hair Removal
ISIC_0031855,"Brightness Normalization, CLAHE"
ISIC_0029398,Denoising
ISIC_0027380,"Brightness Normalization, CLAHE, Denoising, Minimal Enhancement"
ISIC_0028986,"Brightness Normalization, Minimal Enhancement"
ISIC_0028187,Minimal Enhancement
ISIC_0024398,CLAHE
ISIC_0032038,Minimal Enhancement
ISIC_0032171,"Brightness Correction, Minimal Enhancement"
ISIC_0030250,"Brightness Normalization, Denoising"
ISIC_0027655,CLAHE
ISIC_0024895,"Brightness Correction, Denoising"
ISIC_0030330,"Hair Removal, Minimal Enhancement"
ISIC_0029852,Minimal Enhancement
ISIC_0027372,"Brightness Normalization, Minimal Enhancement"
ISIC_0026750,CLAHE
ISIC_0030869,
ISIC_0030395,"Brightness Normalization, CLAHE"
ISIC_0025852,"Hair Removal, Brightness Normalization, Denoising, Minimal Enhancement"
ISIC_0032403,Brightness Correction
ISIC_0029949,"Brightness Normalization, Minimal Enhancement"
ISIC_0025190,"CLAHE, Denoising"
ISIC_0030222,"Hair Removal, Brightness Correction, Denoising"
ISIC_0026058,"Hair Removal, Denoising, Minimal Enhancement"
ISIC_0031553,"Hair Removal, Denoising"
ISIC_0028942,Minimal Enhancement
ISIC_0028748,"Brightness Correction, CLAHE"
ISIC_0025920,
ISIC_0027321,"Brightness Normalization, Minimal Enhancement"
ISIC_0031235,"Brightness Normalization, Minimal Enhancement"
ISIC_0028391,Hair Removal
ISIC_0029768,"Brightness Correction, Minimal Enhancement"
ISIC_0029261,"Brightness Correction, CLAHE"
ISIC_0026228,"Hair Removal, Brightness Normalization, Denoising, Minimal Enhancement"
ISIC_0028036,"Brightness Normalization, CLAHE, Minimal Enhancement"
ISIC_0031878,Minimal Enhancement
ISIC_0029047,
ISIC_0030494,Hair Removal
ISIC_0029086,CLAHE
ISIC_0027182,
ISIC_0027543,"Hair Removal, Denoising"
ISIC_0030987,"Brightness Normalization, CLAHE"
ISIC_0030527,Minimal Enhancement
ISIC_0028055,CLAHE
ISIC_0030359,"Hair Removal, Denoising, Minimal Enhancement"
ISIC_0024460,Minimal Enhancement
ISIC_0026535,Brightness Correction
ISIC_0024399,"Brightness Normalization, Minimal Enhancement"
ISIC_0026602,"Hair Removal, Denoising, Minimal Enhancement"
ISIC_0029338,Minimal Enhancement
ISIC_0029205,Minimal Enhancement
ISIC_0025608,"Brightness Normalization, Minimal Enhancement"
ISIC_0029122,"Hair Removal, Brightness Correction, Denoising"
ISIC_0026338,"Brightness Normalization, Minimal Enhancement"
ISIC_0032298,Brightness Correction
ISIC_0029732,"Brightness Correction, CLAHE"
ISIC_0024603,
ISIC_0026387,Hair Removal
ISIC_0027296,Minimal Enhancement
ISIC_0027641,"Brightness Correction, Minimal Enhancement"
ISIC_0029868,"Brightness Correction, CLAHE"
ISIC_0025429,Minimal Enhancement
ISIC_0026548,"Brightness Correction, CLAHE"
ISIC_0031687,CLAHE
ISIC_0027134,Minimal Enhancement
ISIC_0026635,"Hair Removal, Denoising"
ISIC_0026771,Minimal Enhancement
ISIC_0027647,"Brightness Normalization, CLAHE"
ISIC_0031992,"CLAHE, Denoising"
ISIC_0031810,CLAHE
ISIC_0028895,"Brightness Normalization, Minimal Enhancement"
ISIC_0029626,Brightness Correction
ISIC_0032416,"Brightness Normalization, Minimal Enhancement"
ISIC_0029175,CLAHE
ISIC_0025480,"Brightness Correction, CLAHE"
ISIC_0029622,"Brightness Correction, Denoising"
ISIC_0027879,Minimal Enhancement
ISIC_0024536,"Hair Removal, Brightness Correction, Denoising"
ISIC_0030763,CLAHE
ISIC_0029587,"Brightness Normalization, Minimal Enhancement"
ISIC_0031846,"Brightness Correction, Minimal Enhancement"
ISIC_0026685,"Brightness Normalization, Minimal Enhancement"
ISIC_0025896,CLAHE
ISIC_0031022,"Brightness Normalization, Minimal Enhancement"
ISIC_0029478,"Hair Removal, Denoising"
ISIC_0029019,Brightness Correction
ISIC_0028204,"Brightness Correction, CLAHE, Denoising"
ISIC_0026724,Brightness Correction
ISIC_0032386,"Brightness Correction, CLAHE"
ISIC_0030199,Minimal Enhancement
ISIC_0026392,"Hair Removal, Brightness Correction, Minimal Enhancement"
ISIC_0028398,"Brightness Correction, Minimal Enhancement"
ISIC_0032275,"Hair Removal, Brightness Normalization, Minimal Enhancement"
ISIC_0032264,Denoising
ISIC_0029365,"Brightness Normalization, CLAHE"
ISIC_0030823,Brightness Correction
ISIC_0029941,Minimal Enhancement
ISIC_0030147,Brightness Correction
ISIC_0025503,"Brightness Correction, CLAHE"
ISIC_0028278,"Brightness Correction, Minimal Enhancement"
ISIC_0029691,"Hair Removal, Denoising"
ISIC_0028394,"Hair Removal, Brightness Normalization"
ISIC_0027687,"Hair Removal, Denoising, Minimal Enhancement"
ISIC_0031551,"Hair Removal, Denoising"
ISIC_0025728,"Hair Removal, Brightness Correction, Denoising"
ISIC_0024508,"Brightness Normalization, Minimal Enhancement"
ISIC_0029882,"Hair Removal, Brightness Correction"
ISIC_0030924,Hair Removal
ISIC_0026066,"Hair Removal, Minimal Enhancement"
ISIC_0024769,"Brightness Normalization, CLAHE, Minimal Enhancement"
ISIC_0027955,Brightness Correction
ISIC_0031862,"Brightness Normalization, CLAHE, Minimal Enhancement"
ISIC_0025494,
ISIC_0029611,"Hair Removal, Brightness Correction, Denoising, Minimal Enhancement"
ISIC_0027289,"Brightness Correction, CLAHE"
ISIC_0024645,"Brightness Correction, Denoising"
ISIC_0030178,"Hair Removal, Brightness Correction, Denoising"
ISIC_0028742,"Hair Removal, Brightness Correction, Denoising"
ISIC_0029058,"Hair Removal, Brightness Correction, Denoising"
ISIC_0026918,Minimal Enhancement
ISIC_0031608,"Brightness Correction, CLAHE"
ISIC_0025913,"Brightness Normalization, CLAHE"
ISIC_0026642,Minimal Enhancement
ISIC_0031590,"Hair Removal, Brightness Correction, CLAHE, Denoising"
ISIC_0032064,"Brightness Normalization, CLAHE"
ISIC_0026331,"Hair Removal, Denoising, Minimal Enhancement"
ISIC_0027362,"Hair Removal, Brightness Correction, CLAHE"
ISIC_0030475,
ISIC_0024689,"Brightness Normalization, Minimal Enhancement"
ISIC_0032464,Minimal Enhancement
ISIC_0028046,"Hair Removal, Brightness Correction, Denoising"
ISIC_0028382,Minimal Enhancement
ISIC_0025333,"Hair Removal, Brightness Correction, Denoising"
ISIC_0028691,CLAHE
ISIC_0026082,"Hair Removal, Brightness Correction, Denoising"
ISIC_0029379,CLAHE
ISIC_0032483,"Brightness Correction, CLAHE"
ISIC_0027508,
ISIC_0032032,"Hair Removal, Brightness Normalization, Denoising, Minimal Enhancement"
ISIC_0030624,"Hair Removal, CLAHE, Denoising"
ISIC_0028161,"Hair Removal, Brightness Correction"
ISIC_0024953,Minimal Enhancement
ISIC_0025023,"Hair Removal, Brightness Correction, Denoising"
ISIC_0025186,CLAHE
ISIC_0027749,"Brightness Normalization, Minimal Enhancement"
ISIC_0029446,CLAHE
ISIC_0029380,Minimal Enhancement
ISIC_0029593,Minimal Enhancement
ISIC_0027603,"Hair Removal, Brightness Correction, Minimal Enhancement"
ISIC_0030703,"Brightness Correction, Denoising"
ISIC_0030467,
ISIC_0025462,"Hair Removal, Denoising"
ISIC_0028432,
ISIC_0028491,"Brightness Correction, CLAHE"
ISIC_0024320,
ISIC_0032503,Minimal Enhancement
ISIC_0025211,"Hair Removal, Denoising, Minimal Enhancement"
ISIC_0029948,Denoising
ISIC_0028824,
ISIC_0030228,"Brightness Normalization, CLAHE, Minimal Enhancement"
ISIC_0028541,"Brightness Normalization, Minimal Enhancement"
ISIC_0028521,Brightness Correction
ISIC_0025762,"Hair Removal, Denoising"
ISIC_0029433,Minimal Enhancement
ISIC_0028470,"Hair Removal, Denoising"
ISIC_0025586,"Hair Removal, Brightness Correction, Denoising"
ISIC_0025114,
ISIC_0029922,"Hair Removal, Brightness Correction, Denoising"
ISIC_0025721,CLAHE
ISIC_0029042,"Brightness Normalization, Minimal Enhancement"
ISIC_0026418,"Hair Removal, Brightness Normalization, Minimal Enhancement"
ISIC_0032062,Brightness Correction
ISIC_0030386,"Brightness Normalization, Minimal Enhancement"
ISIC_0032401,"Hair Removal, Brightness Correction, Denoising"
ISIC_0030252,
ISIC_0024528,"Brightness Correction, CLAHE"
ISIC_0026102,Brightness Correction
ISIC_0024699,CLAHE
ISIC_0029240,"Brightness Normalization, Minimal Enhancement"
ISIC_0025204,"Brightness Correction, Minimal Enhancement"
ISIC_0028000,"Brightness Normalization, Minimal Enhancement"
ISIC_0027934,"Hair Removal, Denoising"
ISIC_0030713,Minimal Enhancement
ISIC_0028634,"Brightness Normalization, Minimal Enhancement"
ISIC_0028506,"Hair Removal, Denoising, Minimal Enhancement"
ISIC_0028256,"Brightness Normalization, Minimal Enhancement"
ISIC_0025858,Brightness Correction
ISIC_0024844,"Brightness Normalization, Minimal Enhancement"
ISIC_0027824,"CLAHE, Denoising"
ISIC_0031262,"Brightness Normalization, Minimal Enhancement"
ISIC_0024551,CLAHE
ISIC_0027611,"Hair Removal, Brightness Correction, CLAHE, Denoising"
ISIC_0031493,"Brightness Correction, Denoising"
ISIC_0027993,Brightness Correction
ISIC_0027599,"Hair Removal, Denoising"
ISIC_0024613,Minimal Enhancement
ISIC_0031574,"Brightness Normalization, Denoising, Minimal Enhancement"
ISIC_0032473,"Brightness Correction, Minimal Enhancement"
ISIC_0031834,Minimal Enhancement
ISIC_0025624,"Brightness Correction, Minimal Enhancement"
ISIC_0027161,"Hair Removal, CLAHE"
ISIC_0026667,"Brightness Normalization, CLAHE, Minimal Enhancement"
ISIC_0025882,CLAHE
ISIC_0028070,CLAHE
ISIC_0030309,Brightness Correction
ISIC_0030895,Minimal Enhancement
ISIC_0031336,"CLAHE, Minimal Enhancement"
ISIC_0032010,"Hair Removal, Denoising, Minimal Enhancement"
ISIC_0027391,"Brightness Normalization, Minimal Enhancement"
ISIC_0025770,CLAHE
ISIC_0032224,"Hair Removal, Denoising, Minimal Enhancement"
ISIC_0031264,Brightness Correction
ISIC_0026639,Denoising
ISIC_0031979,"Brightness Normalization, CLAHE, Minimal Enhancement"
ISIC_0031680,"Brightness Normalization, Minimal Enhancement"
ISIC_0026917,"Brightness Normalization, Minimal Enhancement"
ISIC_0025207,CLAHE
ISIC_0029738,Minimal Enhancement
ISIC_0031627,Minimal Enhancement
ISIC_0027804,"Hair Removal, CLAHE, Denoising"
ISIC_0031828,"Hair Removal, Denoising"
ISIC_0025395,"Brightness Normalization, CLAHE"
ISIC_0030304,"Brightness Normalization, Minimal Enhancement"
ISIC_0030982,"Brightness Normalization, CLAHE, Minimal Enhancement"
ISIC_0025445,
ISIC_0024509,"Hair Removal, Brightness Normalization, Minimal Enhancement"
ISIC_0031419,"Brightness Normalization, Denoising"
ISIC_0031949,"Hair Removal, Denoising"
ISIC_0028996,CLAHE
ISIC_0029586,CLAHE
ISIC_0027059,
ISIC_0028405,"Brightness Normalization, Minimal Enhancement"
ISIC_0031840,"Hair Removal, Brightness Correction, Denoising"
ISIC_0027483,CLAHE
ISIC_0032041,Denoising
ISIC_0028740,"Brightness Normalization, Minimal Enhancement"
ISIC_0024629,"Hair Removal, Brightness Correction, Denoising"
ISIC_0025189,
ISIC_0024549,"Hair Removal, Brightness Correction, Denoising"
ISIC_0032160,"Hair Removal, Brightness Normalization, Minimal Enhancement"
ISIC_0031491,"Brightness Normalization, Minimal Enhancement"
ISIC_0032178,CLAHE
ISIC_0028788,"Hair Removal, Brightness Correction, Denoising"
ISIC_0032451,CLAHE
ISIC_0029625,"Brightness Normalization, CLAHE"
ISIC_0030169,"Brightness Normalization, Minimal Enhancement"
ISIC_0025845,"Brightness Normalization, Minimal Enhancement"
ISIC_0031444,Minimal Enhancement
ISIC_0032452,"Brightness Correction, CLAHE"
ISIC_0028563,"Brightness Normalization, Minimal Enhancement"
ISIC_0030779,"Brightness Normalization, Minimal Enhancement"
ISIC_0029681,"Hair Removal, Brightness Normalization, Minimal Enhancement"
ISIC_0028485,"Brightness Normalization, CLAHE, Minimal Enhancement"
ISIC_0027656,"Brightness Normalization, CLAHE"
ISIC_0027014,"Hair Removal, Denoising"
ISIC_0030113,Minimal Enhancement
ISIC_0030100,"Hair Removal, Brightness Correction, Denoising"
ISIC_0027459,"Hair Removal, Denoising"
ISIC_0027913,Brightness Correction
ISIC_0028206,"Brightness Normalization, Minimal Enhancement"
ISIC_0028374,"Brightness Normalization, Minimal Enhancement"
ISIC_0025991,Minimal Enhancement
ISIC_0024335,"Brightness Normalization, CLAHE"
ISIC_0024785,"Hair Removal, Brightness Normalization, Denoising, Minimal Enhancement"
ISIC_0024614,"Brightness Normalization, Denoising, Minimal Enhancement"
ISIC_0027705,"Hair Removal, CLAHE"
ISIC_0025566,"Brightness Correction, Minimal Enhancement"
ISIC_0028134,Minimal Enhancement
ISIC_0024783,"Hair Removal, Brightness Correction, Denoising"
ISIC_0028259,"Brightness Normalization, Minimal Enhancement"
ISIC_0026187,"Brightness Correction, CLAHE"
ISIC_0025962,Minimal Enhancement
ISIC_0024347,"Hair Removal, Brightness Correction, Denoising"
ISIC_0029631,
ISIC_0029754,CLAHE
ISIC_0028176,"Brightness Correction, CLAHE"
ISIC_0031736,"Hair Removal, Brightness Normalization, Denoising, Minimal Enhancement"
ISIC_0028806,"CLAHE, Denoising"
ISIC_0028416,"Brightness Normalization, Minimal Enhancement"
ISIC_0024607,Minimal Enhancement
ISIC_0025382,Brightness Correction
ISIC_0029692,"Brightness Normalization, Minimal Enhancement"
ISIC_0030572,CLAHE
ISIC_0030931,"Brightness Normalization, Minimal Enhancement"
ISIC_0028717,"Hair Removal, Denoising"
ISIC_0024499,"Hair Removal, Minimal Enhancement"
ISIC_0028181,Brightness Correction
ISIC_0027131,CLAHE
ISIC_0026196,"Denoising, Minimal Enhancement"
ISIC_0028203,"Brightness Normalization, Minimal Enhancement"
ISIC_0025853,Minimal Enhancement
ISIC_0025077,"Brightness Normalization, Minimal Enhancement"
ISIC_0032167,CLAHE
ISIC_0030084,Brightness Correction
ISIC_0029428,"Hair Removal, Brightness Correction, Denoising"
ISIC_0031324,"Brightness Normalization, Minimal Enhancement"
ISIC_0029158,"Hair Removal, Brightness Normalization, Minimal Enhancement"
ISIC_0025306,CLAHE
ISIC_0024903,"Brightness Normalization, Minimal Enhancement"
ISIC_0031514,"Brightness Normalization, Minimal Enhancement"
ISIC_0024413,"Brightness Correction, CLAHE"
ISIC_0024724,"Denoising, Minimal Enhancement"
ISIC_0031058,
ISIC_0026428,"Brightness Normalization, CLAHE"
ISIC_0029114,"Hair Removal, Brightness Correction, Denoising"
ISIC_0030577,"Hair Removal, Brightness Correction, Denoising"
ISIC_0026356,"Brightness Correction, Minimal Enhancement"
ISIC_0027555,Minimal Enhancement
ISIC_0031538,"Hair Removal, Minimal Enhancement"
ISIC_0028886,"Brightness Normalization, Minimal Enhancement"
ISIC_0025420,CLAHE
ISIC_0026204,"Hair Removal, Brightness Correction, Denoising"
ISIC_0030288,Brightness Correction
ISIC_0028753,"Brightness Normalization, Minimal Enhancement"
ISIC_0025495,"Brightness Normalization, Minimal Enhancement"
ISIC_0032351,Minimal Enhancement
ISIC_0027521,"Brightness Correction, CLAHE"
ISIC_0025423,"Brightness Normalization, CLAHE, Denoising"
ISIC_0024993,"Brightness Correction, CLAHE"
ISIC_0029144,Minimal Enhancement
ISIC_0024442,Minimal Enhancement
ISIC_0027619,Brightness Correction
ISIC_0027746,"Hair Removal, Minimal Enhancement"
ISIC_0030438,"Brightness Normalization, Minimal Enhancement"
ISIC_0031155,"Brightness Correction, Minimal Enhancement"
ISIC_0030939,"Brightness Correction, Minimal Enhancement"
ISIC_0031179,Minimal Enhancement
ISIC_0024847,"Hair Removal, Brightness Correction, Denoising"
ISIC_0030212,"Brightness Correction, Denoising"
ISIC_0026612,Brightness Correction
ISIC_0031129,"Brightness Normalization, Minimal Enhancement"
ISIC_0029590,"Brightness Correction, CLAHE"
ISIC_0030043,CLAHE
ISIC_0029451,"Brightness Normalization, CLAHE, Minimal Enhancement"
ISIC_0029990,CLAHE
ISIC_0029648,Minimal Enhancement
ISIC_0030671,Brightness Correction
ISIC_0026662,
ISIC_0026088,
ISIC_0030667,"Hair Removal, Brightness Normalization, Minimal Enhancement"
ISIC_0024742,"Brightness Normalization, Minimal Enhancement"
ISIC_0032127,Minimal Enhancement
ISIC_0029136,"Brightness Correction, CLAHE"
ISIC_0028013,"Hair Removal, Brightness Correction, Denoising"
ISIC_0024622,"CLAHE, Denoising"
ISIC_0024905,"Hair Removal, Denoising"
ISIC_0025203,"Hair Removal, Brightness Correction, CLAHE, Denoising"
ISIC_0030686,Minimal Enhancement
ISIC_0026627,Minimal Enhancement
ISIC_0030881,Brightness Correction
ISIC_0029375,"Brightness Normalization, Minimal Enhancement"
ISIC_0029487,"Hair Removal, Minimal Enhancement"
ISIC_0025185,CLAHE
ISIC_0029935,CLAHE
ISIC_0025750,"Hair Removal, CLAHE, Denoising"
ISIC_0028781,CLAHE
ISIC_0030506,"Brightness Normalization, Minimal Enhancement"
ISIC_0028093,"Hair Removal, Brightness Normalization, Denoising"
ISIC_0031994,Minimal Enhancement
ISIC_0032122,"Brightness Normalization, Minimal Enhancement"
ISIC_0029186,"Hair Removal, Denoising"
ISIC_0026509,"Brightness Correction, Minimal Enhancement"
ISIC_0029131,"Denoising, Minimal Enhancement"
ISIC_0031210,"Hair Removal, Brightness Normalization, Minimal Enhancement"
ISIC_0027618,"Hair Removal, Brightness Correction, Denoising"
ISIC_0024677,"Hair Removal, Brightness Correction, CLAHE"
ISIC_0029304,
ISIC_0032286,"Hair Removal, CLAHE"
ISIC_0024591,
ISIC_0030392,Minimal Enhancement
ISIC_0029228,Brightness Correction
ISIC_0025821,"Brightness Normalization, Minimal Enhancement"
ISIC_0029237,"Hair Removal, Denoising"
ISIC_0028274,"Hair Removal, Denoising, Minimal Enhancement"
ISIC_0027449,Minimal Enhancement
ISIC_0025886,
ISIC_0028269,Denoising
ISIC_0031075,"Brightness Normalization, Minimal Enhancement"
ISIC_0030631,Brightness Correction
ISIC_0026160,"Brightness Correction, CLAHE"
ISIC_0029960,"Brightness Normalization, Minimal Enhancement"
ISIC_0024506,Brightness Correction
ISIC_0030716,"Hair Removal, Denoising, Minimal Enhancement"
ISIC_0030476,CLAHE
ISIC_0024764,"Brightness Normalization, Denoising, Minimal Enhancement"
ISIC_0028072,"Hair Removal, Brightness Correction, Denoising"
ISIC_0027330,Minimal Enhancement
ISIC_0027243,"Denoising, Minimal Enhancement"
ISIC_0031067,CLAHE
ISIC_0026047,Minimal Enhancement
ISIC_0031549,"Hair Removal, Brightness Normalization, Denoising, Minimal Enhancement"
ISIC_0027743,"Hair Removal, CLAHE"
ISIC_0024558,CLAHE
ISIC_0026985,"Brightness Normalization, CLAHE, Denoising"
ISIC_0028096,"Brightness Correction, CLAHE"
ISIC_0031214,"Brightness Normalization, Minimal Enhancement"
ISIC_0025111,Brightness Correction
ISIC_0030482,Minimal Enhancement
ISIC_0024670,Minimal Enhancement
ISIC_0025829,Minimal Enhancement
ISIC_0031902,"Hair Removal, Brightness Correction, Denoising"
ISIC_0031073,CLAHE
ISIC_0029325,CLAHE
ISIC_0024633,"Hair Removal, Denoising"
ISIC_0024766,Brightness Correction
ISIC_0031842,"Brightness Normalization, CLAHE, Minimal Enhancement"
ISIC_0029853,"Hair Removal, Denoising, Minimal Enhancement"
ISIC_0027015,Minimal Enhancement
ISIC_0030834,Brightness Correction
ISIC_0026463,"Brightness Correction, CLAHE"
ISIC_0031856,"Hair Removal, Brightness Correction, Denoising"
ISIC_0031684,"Hair Removal, Brightness Correction"
ISIC_0027923,"Brightness Normalization, CLAHE, Minimal Enhancement"
ISIC_0029283,"Brightness Normalization, Denoising, Minimal Enhancement"
ISIC_0026721,"Hair Removal, CLAHE, Denoising"
ISIC_0026405,
ISIC_0024889,"Hair Removal, Brightness Normalization, CLAHE"
ISIC_0028672,"CLAHE, Denoising"
ISIC_0026078,"Hair Removal, Brightness Normalization, CLAHE, Denoising"
ISIC_0030071,Brightness Correction
ISIC_0025502,Brightness Correction
ISIC_0025163,"Hair Removal, Brightness Correction"
ISIC_0026997,"Hair Removal, Denoising"
ISIC_0025280,Minimal Enhancement
ISIC_0026164,"Brightness Normalization, CLAHE"
ISIC_0030471,Minimal Enhancement
ISIC_0030132,"Brightness Normalization, CLAHE"
ISIC_0029321,"Brightness Normalization, CLAHE"
ISIC_0024921,"Brightness Correction, Minimal Enhancement"
ISIC_0029709,"Brightness Normalization, Minimal Enhancement"
ISIC_0032105,"Brightness Normalization, CLAHE"
ISIC_0030419,Denoising
ISIC_0030474,CLAHE
ISIC_0031280,Brightness Correction
ISIC_0026508,Minimal Enhancement
ISIC_0028244,CLAHE
ISIC_0032259,CLAHE
ISIC_0025666,Minimal Enhancement
ISIC_0027794,
ISIC_0024438,"Hair Removal, Minimal Enhancement"
ISIC_0026077,CLAHE
ISIC_0031274,"Brightness Normalization, CLAHE, Minimal Enhancement"
ISIC_0025796,CLAHE
ISIC_0030745,"Brightness Correction, CLAHE"
ISIC_0031300,"Brightness Normalization, Minimal Enhancement"
ISIC_0029769,"Brightness Normalization, CLAHE, Minimal Enhancement"
ISIC_0026434,
ISIC_0031758,Minimal Enhancement
ISIC_0031780,"Brightness Normalization, CLAHE"
ISIC_0025110,"Hair Removal, Brightness Correction, Denoising"
ISIC_0025895,CLAHE
ISIC_0029766,CLAHE
ISIC_0027694,Denoising
ISIC_0029616,"Hair Removal, Denoising"
ISIC_0030994,Minimal Enhancement
ISIC_0031028,"Brightness Normalization, CLAHE, Denoising"
ISIC_0028624,
ISIC_0030454,Brightness Correction
ISIC_0026899,"Brightness Normalization, CLAHE"
ISIC_0027692,"Brightness Normalization, Minimal Enhancement"
ISIC_0029494,"Hair Removal, Denoising"
ISIC_0030201,CLAHE
ISIC_0025537,
ISIC_0026504,"Hair Removal, Brightness Normalization, Minimal Enhancement"
ISIC_0029421,"Hair Removal, Denoising"
ISIC_0025496,"Hair Removal, Denoising, Minimal Enhancement"
ISIC_0030149,"Hair Removal, Denoising, Minimal Enhancement"
ISIC_0028125,Denoising
ISIC_0026284,"Brightness Correction, CLAHE"
ISIC_0028892,"Hair Removal, Brightness Normalization, Denoising, Minimal Enhancement"
ISIC_0028725,Minimal Enhancement
ISIC_0025216,CLAHE
ISIC_0027050,"Hair Removal, Denoising, Minimal Enhancement"
ISIC_0031843,Minimal Enhancement
ISIC_0027777,
ISIC_0028469,Minimal Enhancement
ISIC_0031252,"Brightness Normalization, CLAHE"
ISIC_0030750,CLAHE
ISIC_0031516,"Brightness Normalization, Minimal Enhancement"
ISIC_0025570,"Brightness Correction, CLAHE"
ISIC_0029934,CLAHE
ISIC_0025270,CLAHE
ISIC_0029506,"Hair Removal, Denoising"
ISIC_0030788,CLAHE
ISIC_0028189,Hair Removal
ISIC_0030046,"Denoising, Minimal Enhancement"
ISIC_0028606,"Brightness Normalization, Minimal Enhancement"
ISIC_0026309,"Brightness Normalization, Minimal Enhancement"
ISIC_0026680,"Brightness Normalization, Minimal Enhancement"
ISIC_0028708,
ISIC_0027524,
ISIC_0031847,Minimal Enhancement
ISIC_0031003,"Brightness Correction, CLAHE"
ISIC_0029262,"Brightness Normalization, CLAHE"
ISIC_0027399,Hair Removal
ISIC_0028794,"Brightness Normalization, Minimal Enhancement"
ISIC_0026278,
ISIC_0025291,Brightness Correction
ISIC_0027511,"Hair Removal, Brightness Correction"
ISIC_0027890,"Brightness Normalization, Minimal Enhancement"
ISIC_0029690,"Hair Removal, Denoising, Minimal Enhancement"
ISIC_0029981,Minimal Enhancement
ISIC_0026198,"Hair Removal, Brightness Correction, Denoising"
ISIC_0030267,"Brightness Normalization, CLAHE"
ISIC_0024354,"Hair Removal, Brightness Correction, Denoising"
ISIC_0028811,"Brightness Normalization, Minimal Enhancement"
ISIC_0027001,
ISIC_0025015,"Brightness Normalization, Minimal Enhancement"
ISIC_0031616,"Brightness Normalization, Minimal Enhancement"
ISIC_0027342,"Hair Removal, Brightness Correction, Denoising"
ISIC_0026919,"Brightness Correction, Denoising"
ISIC_0025802,Brightness Correction
ISIC_0025304,"Hair Removal, Brightness Correction, Denoising"
ISIC_0030864,CLAHE
ISIC_0032295,Brightness Correction
ISIC_0027594,"Brightness Correction, Denoising"
ISIC_0030012,"Brightness Normalization, Minimal Enhancement"
ISIC_0027761,Minimal Enhancement
ISIC_0029969,CLAHE
ISIC_0029361,"Brightness Correction, CLAHE"
ISIC_0027450,
ISIC_0024810,"Hair Removal, CLAHE, Denoising"
ISIC_0024339,Minimal Enhancement
ISIC_0025552,"Hair Removal, CLAHE, Denoising"
ISIC_0024627,"Hair Removal, CLAHE, Denoising"
ISIC_0024513,"Hair Removal, Denoising, Minimal Enhancement"
ISIC_0030152,"Brightness Normalization, Minimal Enhancement"
ISIC_0029207,
ISIC_0029284,"Denoising, Minimal Enhancement"
ISIC_0028867,"Brightness Normalization, CLAHE, Minimal Enhancement"
ISIC_0030381,CLAHE
ISIC_0027586,"Hair Removal, Minimal Enhancement"
ISIC_0031607,"Brightness Normalization, CLAHE"
ISIC_0026183,"Hair Removal, Brightness Normalization, Denoising, Minimal Enhancement"
ISIC_0024801,"Brightness Correction, CLAHE"
ISIC_0031180,"Brightness Normalization, CLAHE, Minimal Enhancement"
ISIC_0026616,"Brightness Normalization, Minimal Enhancement"
ISIC_0026459,Minimal Enhancement
ISIC_0031124,"Hair Removal, Brightness Correction, Denoising"
ISIC_0024384,"Brightness Correction, CLAHE"
ISIC_0029234,Minimal Enhancement
ISIC_0031683,"CLAHE, Denoising"
ISIC_0028002,
ISIC_0025282,Minimal Enhancement
ISIC_0029275,"Hair Removal, CLAHE"
ISIC_0026287,"Brightness Normalization, CLAHE, Denoising"
ISIC_0024530,"Brightness Normalization, CLAHE, Minimal Enhancement"
ISIC_0026483,"Brightness Normalization, Minimal Enhancement"
ISIC_0027748,"Hair Removal, Brightness Correction, Denoising"
ISIC_0027481,"Hair Removal, Denoising"
ISIC_0027880,Hair Removal
ISIC_0027906,Brightness Correction
ISIC_0029718,"Brightness Normalization, Minimal Enhancement"
ISIC_0025857,CLAHE
ISIC_0027489,Minimal Enhancement
ISIC_0024878,"Brightness Normalization, Denoising, Minimal Enhancement"
ISIC_0029076,"Brightness Normalization, Minimal Enhancement"
ISIC_0028697,"Hair Removal, Brightness Correction"
ISIC_0030017,"Brightness Normalization, Minimal Enhancement"
ISIC_0027484,"Hair Removal, Denoising"
ISIC_0025202,"Brightness Normalization, CLAHE, Minimal Enhancement"
ISIC_0030216,"Hair Removal, Brightness Correction, CLAHE, Denoising"
ISIC_0028893,Minimal Enhancement
ISIC_0024954,CLAHE
ISIC_0030808,"Hair Removal, Minimal Enhancement"
ISIC_0030648,"Brightness Correction, CLAHE"
ISIC_0030489,"CLAHE, Denoising"
ISIC_0026332,"Hair Removal, Denoising, Minimal Enhancement"
ISIC_0026944,CLAHE
ISIC_0024326,"Brightness Normalization, Minimal Enhancement"
ISIC_0030879,Brightness Correction
ISIC_0024600,"Brightness Normalization, Minimal Enhancement"
ISIC_0025283,"Brightness Normalization, Minimal Enhancement"
ISIC_0030078,"Hair Removal, Brightness Normalization, Minimal Enhancement"
ISIC_0030345,"Hair Removal, Denoising, Minimal Enhancement"
ISIC_0027676,CLAHE
ISIC_0026063,"Brightness Normalization, Denoising, Minimal Enhancement"
ISIC_0028321,
ISIC_0024316,"Brightness Correction, CLAHE"
ISIC_0026386,"Hair Removal, Denoising"
ISIC_0030601,Brightness Correction
ISIC_0028434,"Brightness Correction, CLAHE"
ISIC_0027386,CLAHE
ISIC_0032085,Minimal Enhancement
ISIC_0028703,"Brightness Normalization, Minimal Enhancement"
ISIC_0025435,"Brightness Correction, CLAHE, Denoising"
ISIC_0024966,Minimal Enhancement
ISIC_0031096,Brightness Correction
ISIC_0031873,"CLAHE, Denoising"
ISIC_0029629,"Brightness Normalization, Minimal Enhancement"
ISIC_0027441,"Brightness Normalization, CLAHE, Denoising"
ISIC_0030254,
ISIC_0028549,"Hair Removal, Denoising"
ISIC_0031251,Minimal Enhancement
ISIC_0024722,"Hair Removal, Brightness Correction, Denoising"
ISIC_0029957,Brightness Correction
ISIC_0027699,Minimal Enhancement
ISIC_0028273,Minimal Enhancement
ISIC_0032438,Minimal Enhancement
ISIC_0030153,"CLAHE, Denoising"
ISIC_0030551,CLAHE
ISIC_0029765,"Brightness Normalization, Minimal Enhancement"
ISIC_0027864,Minimal Enhancement
ISIC_0027383,Minimal Enhancement
ISIC_0029552,Hair Removal
ISIC_0027292,
ISIC_0025010,"Brightness Normalization, Denoising, Minimal Enhancement"
ISIC_0025468,Minimal Enhancement
ISIC_0028657,Denoising
ISIC_0028569,Minimal Enhancement
ISIC_0031788,"Brightness Normalization, Minimal Enhancement"
ISIC_0026354,"Brightness Correction, CLAHE"
ISIC_0025269,Minimal Enhancement
ISIC_0031397,"Brightness Normalization, CLAHE"
ISIC_0025848,
ISIC_0031342,"Hair Removal, Brightness Normalization, Minimal Enhancement"
ISIC_0030325,
ISIC_0028268,"Hair Removal, Denoising"
ISIC_0031548,Minimal Enhancement
ISIC_0028171,CLAHE
ISIC_0031628,"Hair Removal, Brightness Normalization, CLAHE, Denoising"
ISIC_0026898,"Hair Removal, Denoising, Minimal Enhancement"
ISIC_0031859,"Brightness Correction, CLAHE, Denoising"
ISIC_0028333,Minimal Enhancement
ISIC_0030001,CLAHE
ISIC_0027078,Brightness Correction
ISIC_0027792,Minimal Enhancement
ISIC_0029535,"Brightness Normalization, Minimal Enhancement"
ISIC_0032000,Brightness Correction
ISIC_0026410,Minimal Enhancement
ISIC_0024485,
ISIC_0031066,"Hair Removal, Brightness Correction, Denoising"
ISIC_0025582,"Brightness Normalization, CLAHE, Denoising"
ISIC_0029078,Brightness Correction
ISIC_0027841,"Brightness Normalization, Minimal Enhancement"
ISIC_0027443,"Hair Removal, Minimal Enhancement"
ISIC_0025176,CLAHE
ISIC_0031983,Minimal Enhancement
ISIC_0027830,Minimal Enhancement
ISIC_0029180,Minimal Enhancement
ISIC_0026534,Brightness Correction
ISIC_0027396,"Brightness Normalization, Minimal Enhancement"
ISIC_0028040,"Brightness Correction, CLAHE"
ISIC_0026450,CLAHE
ISIC_0025479,Brightness Correction
ISIC_0027980,Minimal Enhancement
ISIC_0024451,"Brightness Normalization, Minimal Enhancement"
ISIC_0029901,"Brightness Normalization, Minimal Enhancement"
ISIC_0028638,"Hair Removal, Denoising"
ISIC_0029989,"Brightness Normalization, CLAHE"
ISIC_0027430,"Brightness Normalization, CLAHE, Minimal Enhancement"
ISIC_0024817,"Hair Removal, Brightness Correction"
ISIC_0031425,"Brightness Correction, Minimal Enhancement"
ISIC_0029154,"Brightness Normalization, CLAHE, Minimal Enhancement"
ISIC_0029734,"Hair Removal, Denoising"
ISIC_0030627,"Brightness Normalization, CLAHE"
ISIC_0030217,"Brightness Correction, CLAHE"
ISIC_0027039,
ISIC_0031109,Minimal Enhancement
ISIC_0026938,"Brightness Correction, CLAHE"
ISIC_0028119,
ISIC_0024390,"Brightness Normalization, Minimal Enhancement"
ISIC_0024802,"Brightness Normalization, Minimal Enhancement"
ISIC_0031307,"Brightness Normalization, Minimal Enhancement"
ISIC_0030992,"Brightness Normalization, Minimal Enhancement"
ISIC_0030638,"Brightness Correction, Minimal Enhancement"
ISIC_0025686,"Hair Removal, Denoising, Minimal Enhancement"
ISIC_0026598,CLAHE
ISIC_0030472,Brightness Correction
ISIC_0030983,"Brightness Correction, CLAHE"
ISIC_0026482,"Hair Removal, Brightness Normalization, Minimal Enhancement"
ISIC_0026035,"Hair Removal, Brightness Correction, Denoising"
ISIC_0026379,"Brightness Normalization, CLAHE"
ISIC_0024912,Minimal Enhancement
ISIC_0027918,"Brightness Normalization, CLAHE"
ISIC_0032431,"Hair Removal, Brightness Correction, CLAHE, Denoising"
ISIC_0029173,"Brightness Correction, Minimal Enhancement"
ISIC_0030647,
ISIC_0026146,Brightness Correction
ISIC_0025014,Minimal Enhancement
ISIC_0031772,"Hair Removal, CLAHE"
ISIC_0026563,Minimal Enhancement
ISIC_0029964,"Hair Removal, Denoising"
ISIC_0029151,Minimal Enhancement
ISIC_0029842,Minimal Enhancement
ISIC_0029807,CLAHE
ISIC_0024691,Minimal Enhancement
ISIC_0027666,Minimal Enhancement
ISIC_0027556,Brightness Correction
ISIC_0029444,"Hair Removal, Brightness Correction, CLAHE, Denoising"
ISIC_0030415,"Hair Removal, Brightness Correction, Denoising"
ISIC_0029178,CLAHE
ISIC_0031020,"Brightness Correction, Denoising"
ISIC_0025572,"Hair Removal, Brightness Correction, Denoising"
ISIC_0025757,"Brightness Normalization, Minimal Enhancement"
ISIC_0025535,Minimal Enhancement
ISIC_0031641,
ISIC_0031512,Brightness Correction
ISIC_0024417,Brightness Correction
ISIC_0025037,"Brightness Normalization, Minimal Enhancement"
ISIC_0029818,"Hair Removal, Denoising, Minimal Enhancement"
ISIC_0031439,
ISIC_0024541,CLAHE
ISIC_0025371,Minimal Enhancement
ISIC_0031255,CLAHE
ISIC_0027823,"Hair Removal, Brightness Correction, Denoising, Minimal Enhancement"
ISIC_0030516,"Hair Removal, Denoising"
ISIC_0031696,"Brightness Normalization, Minimal Enhancement"
ISIC_0031205,"Brightness Normalization, CLAHE"
ISIC_0025646,CLAHE
ISIC_0027835,"Hair Removal, Brightness Correction"
ISIC_0028330,CLAHE
ISIC_0032488,Minimal Enhancement
ISIC_0028138,
ISIC_0027977,"Brightness Normalization, CLAHE"
ISIC_0030634,"Hair Removal, CLAHE"
ISIC_0029165,"Brightness Correction, CLAHE"
ISIC_0030185,"Hair Removal, Brightness Normalization, Denoising, Minimal Enhancement"
ISIC_0029787,"Brightness Normalization, Minimal Enhancement"
ISIC_0025538,Minimal Enhancement
ISIC_0026193,"Hair Removal, Denoising"
ISIC_0027809,"Brightness Normalization, CLAHE"
ISIC_0030200,CLAHE
ISIC_0028312,
ISIC_0025233,Brightness Correction
ISIC_0029607,"Brightness Normalization, CLAHE, Minimal Enhancement"
ISIC_0030696,"Hair Removal, Brightness Correction, Minimal Enhancement"
ISIC_0029863,"Hair Removal, Brightness Normalization, Denoising, Minimal Enhancement"
ISIC_0027095,"Hair Removal, Brightness Correction, Denoising"
ISIC_0024353,"Brightness Normalization, Minimal Enhancement"
ISIC_0030727,
ISIC_0030719,"Brightness Normalization, CLAHE"
ISIC_0025026,CLAHE
ISIC_0026472,
ISIC_0030030,"Hair Removal, Denoising"
ISIC_0028153,Brightness Correction
ISIC_0025933,"Brightness Normalization, Minimal Enhancement"
ISIC_0027965,CLAHE
ISIC_0032493,Denoising
ISIC_0026197,"Brightness Normalization, Denoising, Minimal Enhancement"
ISIC_0032012,CLAHE
ISIC_0030751,"Brightness Correction, CLAHE"
ISIC_0029442,"Hair Removal, Minimal Enhancement"
ISIC_0026004,Minimal Enhancement
ISIC_0027972,Minimal Enhancement
ISIC_0025694,CLAHE
ISIC_0024391,"Brightness Normalization, Minimal Enhancement"
ISIC_0028801,"Brightness Normalization, CLAHE, Minimal Enhancement"
ISIC_0027741,CLAHE
ISIC_0029923,Minimal Enhancement
ISIC_0032208,Minimal Enhancement
ISIC_0024750,Minimal Enhancement
ISIC_0026306,"Brightness Normalization, Minimal Enhancement"
ISIC_0031480,"Brightness Normalization, Minimal Enhancement"
ISIC_0024557,Minimal Enhancement
ISIC_0028722,Minimal Enhancement
ISIC_0031717,
ISIC_0025565,CLAHE
ISIC_0031487,"Hair Removal, Denoising"
ISIC_0025232,Minimal Enhancement
ISIC_0025012,"Brightness Correction, Denoising"
ISIC_0026307,Minimal Enhancement
ISIC_0031858,Minimal Enhancement
ISIC_0025342,Minimal Enhancement
ISIC_0025772,"Brightness Normalization, Minimal Enhancement"
ISIC_0025401,Minimal Enhancement
ISIC_0026579,
ISIC_0031568,"Hair Removal, Brightness Correction, CLAHE, Denoising"
ISIC_0029551,"Brightness Correction, Denoising"
ISIC_0028713,Brightness Correction
ISIC_0029620,"Hair Removal, Denoising"
ISIC_0030917,"Hair Removal, Brightness Normalization, Denoising, Minimal Enhancement"
ISIC_0024483,"Hair Removal, Brightness Normalization, Denoising, Minimal Enhancement"
ISIC_0029477,Minimal Enhancement
ISIC_0031879,"Denoising, Minimal Enhancement"
ISIC_0030637,"Hair Removal, Brightness Correction, Denoising"
ISIC_0027845,CLAHE
ISIC_0025999,CLAHE
ISIC_0032297,"Brightness Normalization, CLAHE, Minimal Enhancement"
ISIC_0026973,"Hair Removal, Denoising"
ISIC_0027313,"Brightness Correction, CLAHE"
ISIC_0026926,"Brightness Normalization, CLAHE, Minimal Enhancement"
ISIC_0024978,Minimal Enhancement
ISIC_0032177,Denoising
ISIC_0027683,"Hair Removal, Brightness Correction, CLAHE"
ISIC_0027992,"Brightness Correction, Minimal Enhancement"
ISIC_0025725,CLAHE
ISIC_0031830,"Brightness Normalization, Minimal Enhancement"
ISIC_0025889,"Hair Removal, Brightness Correction, Denoising, Minimal Enhancement"
ISIC_0028471,"Brightness Normalization, Minimal Enhancement"
ISIC_0031098,CLAHE
ISIC_0028251,"Hair Removal, Brightness Correction"
ISIC_0026462,Minimal Enhancement
ISIC_0030887,Minimal Enhancement
ISIC_0028369,Brightness Correction
ISIC_0028940,"Brightness Normalization, Denoising, Minimal Enhancement"
ISIC_0030708,Minimal Enhancement
ISIC_0027075,CLAHE
ISIC_0032390,"Brightness Normalization, Minimal Enhancement"
ISIC_0026879,"Brightness Correction, CLAHE, Denoising"
ISIC_0028799,"Hair Removal, Denoising"
ISIC_0028601,Minimal Enhancement
ISIC_0032435,"Brightness Normalization, CLAHE, Denoising"
ISIC_0031246,Minimal Enhancement
ISIC_0031899,"Brightness Correction, Denoising"
ISIC_0026542,"Denoising, Minimal Enhancement"
ISIC_0029282,Minimal Enhancement
ISIC_0025490,Brightness Correction
ISIC_0029437,"Brightness Normalization, CLAHE, Minimal Enhancement"
ISIC_0031530,"Hair Removal, Denoising"
ISIC_0030320,
ISIC_0029063,Minimal Enhancement
ISIC_0026479,"Brightness Normalization, Minimal Enhancement"
ISIC_0026881,"Brightness Correction, Minimal Enhancement"
ISIC_0025459,Brightness Correction
ISIC_0031765,"Brightness Correction, Minimal Enhancement"
ISIC_0031818,"Brightness Normalization, Minimal Enhancement"
ISIC_0030098,"Brightness Correction, Minimal Enhancement"
ISIC_0024325,CLAHE
ISIC_0028458,"Brightness Correction, Minimal Enhancement"
ISIC_0026381,Hair Removal
ISIC_0031283,Hair Removal
ISIC_0025715,"Hair Removal, Brightness Correction, Denoising"
ISIC_0029987,"Hair Removal, Denoising"
ISIC_0029256,"Brightness Correction, Denoising, Minimal Enhancement"
ISIC_0030331,Minimal Enhancement
ISIC_0031415,"Brightness Normalization, CLAHE"
ISIC_0024527,Minimal Enhancement
ISIC_0027762,"Denoising, Minimal Enhancement"
ISIC_0029910,Brightness Correction
ISIC_0025464,Brightness Correction
ISIC_0024651,Brightness Correction
ISIC_0029124,"Brightness Correction, Minimal Enhancement"
ISIC_0031265,Minimal Enhancement
ISIC_0029011,"Brightness Normalization, CLAHE, Denoising"
ISIC_0030500,"Brightness Normalization, Minimal Enhancement"
ISIC_0030009,Brightness Correction
ISIC_0031936,"Brightness Correction, Minimal Enhancement"
ISIC_0030563,Brightness Correction
ISIC_0027499,"Brightness Normalization, CLAHE"
ISIC_0025344,"Hair Removal, Denoising"
ISIC_0026951,"Hair Removal, Brightness Correction, Denoising"
ISIC_0024914,CLAHE
ISIC_0031047,Minimal Enhancement
ISIC_0027701,"Hair Removal, Brightness Normalization, Minimal Enhancement"
ISIC_0029244,"Hair Removal, Brightness Correction, Denoising"
ISIC_0027448,"Brightness Normalization, CLAHE, Minimal Enhancement"
ISIC_0025595,Minimal Enhancement
ISIC_0027424,CLAHE
ISIC_0026041,"Hair Removal, Denoising"
ISIC_0031101,"Brightness Normalization, Minimal Enhancement"
ISIC_0030040,"Brightness Normalization, Minimal Enhancement"
ISIC_0025532,"Hair Removal, Brightness Normalization, Denoising, Minimal Enhancement"
ISIC_0025660,"Brightness Normalization, CLAHE, Minimal Enhancement"
ISIC_0030576,Minimal Enhancement
ISIC_0029134,
ISIC_0027532,CLAHE
ISIC_0027070,"Hair Removal, Brightness Correction, Denoising"
ISIC_0026732,"Brightness Normalization, CLAHE"
ISIC_0027979,CLAHE
ISIC_0032147,"Brightness Normalization, Minimal Enhancement"
ISIC_0030290,
ISIC_0030234,"Brightness Correction, Minimal Enhancement"
ISIC_0029285,Brightness Correction
ISIC_0026495,"Brightness Normalization, CLAHE, Denoising"
ISIC_0031885,"Brightness Correction, CLAHE"
ISIC_0031312,"Brightness Normalization, Minimal Enhancement"
ISIC_0032323,Minimal Enhancement
ISIC_0025159,Minimal Enhancement
ISIC_0025739,CLAHE
ISIC_0026925,Denoising
ISIC_0025574,Minimal Enhancement
ISIC_0026304,"Brightness Normalization, CLAHE"
ISIC_0027685,CLAHE
ISIC_0027635,Minimal Enhancement
ISIC_0026464,Denoising
ISIC_0029280,"Hair Removal, Brightness Correction, Denoising, Minimal Enhancement"
ISIC_0024521,"Hair Removal, Brightness Correction"
ISIC_0028883,Minimal Enhancement
ISIC_0031849,Brightness Correction
ISIC_0032472,"Brightness Correction, Minimal Enhancement"
ISIC_0025460,Minimal Enhancement
ISIC_0024334,CLAHE
ISIC_0026939,Minimal Enhancement
ISIC_0028564,"Brightness Normalization, Minimal Enhancement"
ISIC_0027340,Brightness Correction
ISIC_0026937,Brightness Correction
ISIC_0025921,Brightness Correction
ISIC_0030811,"Denoising, Minimal Enhancement"
ISIC_0028553,"Hair Removal, Brightness Normalization, Denoising, Minimal Enhancement"
ISIC_0030062,"Brightness Correction, CLAHE"
ISIC_0029942,"Brightness Normalization, CLAHE, Denoising"
ISIC_0028604,Minimal Enhancement
ISIC_0028433,Minimal Enhancement
ISIC_0026073,"Hair Removal, Brightness Correction, Denoising"
ISIC_0030680,
ISIC_0032229,CLAHE
ISIC_0027446,"Hair Removal, Denoising, Minimal Enhancement"
ISIC_0032406,
ISIC_0030439,CLAHE
ISIC_0027787,"Brightness Correction, CLAHE"
ISIC_0026793,"Brightness Normalization, Minimal Enhancement"
ISIC_0031341,"Hair Removal, Denoising"
ISIC_0030236,Minimal Enhancement
ISIC_0025841,"Hair Removal, Brightness Correction, Denoising"
ISIC_0025797,"Hair Removal, Brightness Correction, Denoising"
ISIC_0028320,CLAHE
ISIC_0025590,"Brightness Normalization, CLAHE, Denoising, Minimal Enhancement"
ISIC_0028949,Minimal Enhancement
ISIC_0027891,
ISIC_0030762,CLAHE
ISIC_0029896,Brightness Correction
ISIC_0030568,Minimal Enhancement
ISIC_0032369,
ISIC_0026863,"Brightness Normalization, Minimal Enhancement"
ISIC_0027726,Brightness Correction
ISIC_0031755,Minimal Enhancement
ISIC_0026703,"Hair Removal, Denoising"
ISIC_0025098,
ISIC_0024811,"Brightness Normalization, CLAHE"
ISIC_0030052,"Brightness Correction, Minimal Enhancement"
ISIC_0026850,"Brightness Correction, CLAHE, Denoising"
ISIC_0030685,Hair Removal
ISIC_0032293,"Hair Removal, Brightness Normalization, Denoising, Minimal Enhancement"
ISIC_0029116,"Brightness Normalization, Minimal Enhancement"
ISIC_0025334,"Denoising, Minimal Enhancement"
ISIC_0027329,"Hair Removal, Denoising"
ISIC_0027233,"Brightness Normalization, CLAHE, Minimal Enhancement"
ISIC_0026931,"Hair Removal, Denoising, Minimal Enhancement"
ISIC_0030433,"Brightness Normalization, Minimal Enhancement"
ISIC_0025820,Minimal Enhancement
ISIC_0028199,Minimal Enhancement
ISIC_0030678,"Brightness Normalization, Denoising, Minimal Enhancement"
ISIC_0030343,Minimal Enhancement
ISIC_0025091,Brightness Correction
ISIC_0025679,Minimal Enhancement
ISIC_0026019,"Hair Removal, Brightness Correction, Denoising"
ISIC_0030055,"Brightness Normalization, CLAHE, Minimal Enhancement"
ISIC_0029097,Minimal Enhancement
ISIC_0029977,"Hair Removal, Brightness Correction, Denoising, Minimal Enhancement"
ISIC_0031328,"Brightness Normalization, Minimal Enhancement"
ISIC_0026851,"CLAHE, Denoising"
ISIC_0031182,"Brightness Correction, Minimal Enhancement"
ISIC_0027818,CLAHE
ISIC_0026894,Brightness Correction
ISIC_0031737,CLAHE
ISIC_0026238,"Hair Removal, Brightness Normalization, Denoising, Minimal Enhancement"
ISIC_0029646,"Hair Removal, Brightness Correction, Denoising"
ISIC_0026617,
ISIC_0027817,"Brightness Normalization, Minimal Enhancement"
ISIC_0025315,"Hair Removal, CLAHE, Denoising"
ISIC_0027180,"Hair Removal, Denoising, Minimal Enhancement"
ISIC_0025187,Minimal Enhancement
ISIC_0031533,
ISIC_0024727,Brightness Correction
ISIC_0027115,CLAHE
ISIC_0024751,"Brightness Normalization, Minimal Enhancement"
ISIC_0025765,"Hair Removal, Brightness Normalization, Minimal Enhancement"
ISIC_0028162,"Hair Removal, Brightness Correction, CLAHE, Denoising"
ISIC_0030749,Minimal Enhancement
ISIC_0025864,Minimal Enhancement
ISIC_0026903,"Brightness Normalization, Minimal Enhancement"
ISIC_0026033,CLAHE
ISIC_0032037,"Hair Removal, Brightness Correction, Denoising"
ISIC_0032319,Brightness Correction
ISIC_0028663,Minimal Enhancement
ISIC_0029800,Minimal Enhancement
ISIC_0031886,"Hair Removal, Minimal Enhancement"
ISIC_0027381,"Brightness Normalization, Minimal Enhancement"
ISIC_0026587,"Brightness Normalization, CLAHE"
ISIC_0025688,Minimal Enhancement
ISIC_0031509,"Hair Removal, Brightness Normalization, Denoising"
ISIC_0030948,Brightness Correction
ISIC_0027413,"Brightness Normalization, Minimal Enhancement"
ISIC_0025405,"Brightness Normalization, Denoising, Minimal Enhancement"
ISIC_0028802,CLAHE
ISIC_0026294,"Hair Removal, Minimal Enhancement"
ISIC_0024992,Brightness Correction
ISIC_0025022,
ISIC_0028018,"Hair Removal, Brightness Correction, CLAHE, Denoising"
ISIC_0029327,"Brightness Correction, CLAHE"
ISIC_0024819,Minimal Enhancement
ISIC_0028617,"Hair Removal, Brightness Correction, Denoising"
ISIC_0025764,"Hair Removal, Brightness Correction, Denoising, Minimal Enhancement"
ISIC_0028019,"Hair Removal, Brightness Normalization, Minimal Enhancement"
ISIC_0030029,"Brightness Normalization, Minimal Enhancement"
ISIC_0025645,"Hair Removal, Denoising"
ISIC_0029712,"Brightness Normalization, CLAHE"
ISIC_0030691,"Hair Removal, Denoising"
ISIC_0029796,"Brightness Normalization, Minimal Enhancement"
ISIC_0026640,CLAHE
ISIC_0024533,Minimal Enhancement
ISIC_0024628,CLAHE
ISIC_0031768,"Brightness Normalization, Minimal Enhancement"
ISIC_0025004,Minimal Enhancement
ISIC_0028522,
ISIC_0024430,
ISIC_0030097,Minimal Enhancement
ISIC_0030393,Brightness Correction
ISIC_0025880,"Brightness Correction, Minimal Enhancement"
ISIC_0028620,Minimal Enhancement
ISIC_0028144,"Hair Removal, Brightness Correction, Denoising"
ISIC_0026181,Brightness Correction
ISIC_0032332,Minimal Enhancement
ISIC_0030558,Brightness Correction
ISIC_0026808,"Brightness Correction, CLAHE"
ISIC_0025705,Hair Removal
ISIC_0027985,"Hair Removal, Minimal Enhancement"
ISIC_0026609,"Brightness Normalization, Minimal Enhancement"
ISIC_0030028,"Hair Removal, Denoising, Minimal Enhancement"
ISIC_0025441,"Hair Removal, Brightness Normalization, Minimal Enhancement"
ISIC_0026130,"Hair Removal, Denoising, Minimal Enhancement"
ISIC_0024487,"Brightness Normalization, Minimal Enhancement"
ISIC_0030004,"Brightness Normalization, Minimal Enhancement"
ISIC_0025788,CLAHE
ISIC_0026189,"Hair Removal, Denoising, Minimal Enhancement"
ISIC_0027551,"Hair Removal, Denoising"
ISIC_0027128,"Hair Removal, Brightness Normalization, Denoising, Minimal Enhancement"
ISIC_0029887,"Hair Removal, Brightness Normalization, Denoising, Minimal Enhancement"
ISIC_0027583,"Brightness Normalization, Minimal Enhancement"
ISIC_0031316,"Hair Removal, Brightness Normalization, Minimal Enhancement"
ISIC_0031445,"Hair Removal, Brightness Correction, Denoising"
ISIC_0025273,Minimal Enhancement
ISIC_0031458,"Hair Removal, Denoising"
ISIC_0030633,
ISIC_0029623,Brightness Correction
ISIC_0028112,"Brightness Normalization, Minimal Enhancement"
ISIC_0025690,Minimal Enhancement
ISIC_0031962,"Hair Removal, Brightness Correction"
ISIC_0032299,"Brightness Normalization, CLAHE, Minimal Enhancement"
ISIC_0027581,CLAHE
ISIC_0026815,"Brightness Normalization, Minimal Enhancement"
ISIC_0028627,"Brightness Normalization, Minimal Enhancement"
ISIC_0024638,
ISIC_0030018,CLAHE
ISIC_0029005,Minimal Enhancement
ISIC_0028641,CLAHE
ISIC_0028733,
ISIC_0025050,"Brightness Correction, Denoising"
ISIC_0024840,"Brightness Normalization, Denoising, Minimal Enhancement"
ISIC_0031305,CLAHE
ISIC_0031414,Hair Removal
ISIC_0029292,"Brightness Correction, CLAHE"
ISIC_0027914,Brightness Correction
ISIC_0030650,CLAHE
ISIC_0026394,Minimal Enhancement
ISIC_0031605,"Brightness Normalization, CLAHE"
ISIC_0032130,Hair Removal
ISIC_0028676,Brightness Correction
ISIC_0029565,
ISIC_0029407,"Brightness Correction, CLAHE"
ISIC_0029890,"Hair Removal, Brightness Correction, Denoising"
ISIC_0032393,Minimal Enhancement
ISIC_0026636,"Brightness Normalization, Minimal Enhancement"
ISIC_0026521,CLAHE
ISIC_0024373,Denoising
ISIC_0026801,Denoising
ISIC_0028837,Minimal Enhancement
ISIC_0030259,"Hair Removal, Brightness Correction, Denoising"
ISIC_0031356,"Hair Removal, Denoising, Minimal Enhancement"
ISIC_0025556,"Hair Removal, Brightness Correction, Denoising"
ISIC_0030715,"CLAHE, Denoising"
ISIC_0031850,"CLAHE, Denoising"
ISIC_0032033,Brightness Correction
ISIC_0031137,"Hair Removal, Denoising"
ISIC_0025995,Minimal Enhancement
ISIC_0030720,
ISIC_0024681,CLAHE
ISIC_0029716,"Brightness Normalization, CLAHE, Minimal Enhancement"
ISIC_0026345,"Brightness Normalization, Minimal Enhancement"
ISIC_0031232,"Hair Removal, Brightness Correction"
ISIC_0029753,CLAHE
ISIC_0024444,CLAHE
ISIC_0029707,"Hair Removal, Denoising"
ISIC_0031027,Brightness Correction
ISIC_0030363,Minimal Enhancement
ISIC_0025602,
ISIC_0027369,Minimal Enhancement
ISIC_0024385,"Hair Removal, Brightness Correction, Denoising, Minimal Enhancement"
ISIC_0027096,"Hair Removal, Denoising, Minimal Enhancement"
ISIC_0031500,"Hair Removal, Brightness Correction, Minimal Enhancement"
ISIC_0030949,CLAHE
ISIC_0028296,"Brightness Normalization, Minimal Enhancement"
ISIC_0028922,Minimal Enhancement
ISIC_0028240,Denoising
ISIC_0030872,"Hair Removal, Minimal Enhancement"
ISIC_0030498,Brightness Correction
ISIC_0026325,"Hair Removal, Brightness Correction, Denoising"
ISIC_0028784,"Brightness Normalization, Minimal Enhancement"
ISIC_0029314,"Brightness Normalization, Minimal Enhancement"
ISIC_0027286,Minimal Enhancement
ISIC_0026543,Brightness Correction
ISIC_0027465,Minimal Enhancement
ISIC_0030938,"Denoising, Minimal Enhancement"
ISIC_0030559,"Hair Removal, Denoising"
ISIC_0025977,Denoising
ISIC_0026880,"Brightness Correction, Minimal Enhancement"
ISIC_0029584,"Hair Removal, Denoising, Minimal Enhancement"
ISIC_0032440,CLAHE
ISIC_0031054,CLAHE
ISIC_0029817,"Brightness Normalization, Minimal Enhancement"
ISIC_0031826,CLAHE
ISIC_0024341,"Hair Removal, Denoising, Minimal Enhancement"
ISIC_0027079,"Brightness Correction, CLAHE"
ISIC_0032448,Brightness Correction
ISIC_0025217,"Hair Removal, Denoising"
ISIC_0029946,Minimal Enhancement
ISIC_0024678,"Brightness Normalization, Minimal Enhancement"
ISIC_0030530,Brightness Correction
ISIC_0029965,"Hair Removal, Denoising"
ISIC_0030364,"Brightness Normalization, Minimal Enhancement"
ISIC_0025475,"Brightness Normalization, CLAHE, Minimal Enhancement"
ISIC_0028402,
ISIC_0028838,Brightness Correction
ISIC_0024606,Minimal Enhancement
ISIC_0029245,
ISIC_0031912,"Hair Removal, Brightness Correction, Minimal Enhancement"
ISIC_0030946,"Brightness Normalization, CLAHE, Denoising"
ISIC_0031722,"Brightness Normalization, Minimal Enhancement"
ISIC_0028028,"Brightness Correction, Minimal Enhancement"
ISIC_0028038,"Hair Removal, CLAHE, Denoising"
ISIC_0028421,"Brightness Normalization, CLAHE, Minimal Enhancement"
ISIC_0029468,CLAHE
ISIC_0029445,"Hair Removal, Brightness Normalization, Denoising, Minimal Enhancement"
ISIC_0030622,"Hair Removal, Brightness Normalization, Minimal Enhancement"
ISIC_0031315,"Hair Removal, Brightness Correction, Denoising"
ISIC_0032432,"Hair Removal, Brightness Correction, CLAHE, Denoising"
ISIC_0029376,"Brightness Correction, Minimal Enhancement"
ISIC_0029952,
ISIC_0030641,"Hair Removal, Denoising, Minimal Enhancement"
ISIC_0031224,Minimal Enhancement
ISIC_0025916,"Hair Removal, Brightness Correction"
ISIC_0026396,"Hair Removal, Brightness Correction, Denoising"
ISIC_0031248,
ISIC_0030317,"Hair Removal, Denoising, Minimal Enhancement"
ISIC_0024667,"Denoising, Minimal Enhancement"
ISIC_0026375,CLAHE
ISIC_0024631,"Brightness Normalization, Minimal Enhancement"
ISIC_0031393,"Brightness Normalization, CLAHE"
ISIC_0026161,Minimal Enhancement
ISIC_0025859,CLAHE
ISIC_0025497,"Brightness Correction, Minimal Enhancement"
ISIC_0029672,"Brightness Normalization, Minimal Enhancement"
ISIC_0030515,Minimal Enhancement
ISIC_0029939,"Brightness Normalization, CLAHE"
ISIC_0025872,CLAHE
ISIC_0028006,Minimal Enhancement
ISIC_0030111,Minimal Enhancement
ISIC_0028626,"Brightness Normalization, CLAHE"
ISIC_0024565,Hair Removal
ISIC_0026005,
ISIC_0025403,CLAHE
ISIC_0029461,"Brightness Normalization, CLAHE, Minimal Enhancement"
ISIC_0028311,"Brightness Normalization, Minimal Enhancement"
ISIC_0027336,"Brightness Normalization, Minimal Enhancement"
ISIC_0028776,"Hair Removal, Brightness Normalization, Denoising, Minimal Enhancement"
ISIC_0028575,CLAHE
ISIC_0029971,"Hair Removal, CLAHE"
ISIC_0026001,"Brightness Normalization, CLAHE"
ISIC_0032097,"Hair Removal, Brightness Normalization, Minimal Enhancement"
ISIC_0028089,Minimal Enhancement
ISIC_0032458,"Hair Removal, Brightness Correction, Denoising"
ISIC_0031562,"Hair Removal, Brightness Correction, Denoising"
ISIC_0025727,"Brightness Normalization, CLAHE, Minimal Enhancement"
ISIC_0024467,Hair Removal
ISIC_0026447,Brightness Correction
ISIC_0025006,"Brightness Normalization, Denoising, Minimal Enhancement"
ISIC_0026373,"Hair Removal, Brightness Correction, Denoising"
ISIC_0027280,"Hair Removal, CLAHE, Denoising"
ISIC_0030662,"Brightness Normalization, CLAHE"
ISIC_0029643,"Brightness Normalization, Minimal Enhancement"
ISIC_0030195,Brightness Correction
ISIC_0029429,Minimal Enhancement
ISIC_0030531,"Hair Removal, Brightness Normalization, Denoising"
ISIC_0027862,"Brightness Normalization, CLAHE"
ISIC_0029326,"Hair Removal, Denoising, Minimal Enhancement"
ISIC_0025151,CLAHE
ISIC_0026485,"Hair Removal, Brightness Correction, Denoising"
ISIC_0026924,"Hair Removal, Brightness Correction, Denoising"
ISIC_0025801,"Brightness Normalization, CLAHE"
ISIC_0030735,"Hair Removal, Brightness Correction, Denoising"
ISIC_0028097,Minimal Enhancement
ISIC_0026837,"Brightness Normalization, CLAHE, Minimal Enhancement"
ISIC_0030353,"Denoising, Minimal Enhancement"
ISIC_0031083,"Brightness Correction, Denoising"
ISIC_0031478,CLAHE
ISIC_0031952,CLAHE
ISIC_0032381,"Hair Removal, Brightness Normalization, Minimal Enhancement"
ISIC_0030266,Hair Removal
ISIC_0026195,"Brightness Normalization, Minimal Enhancement"
ISIC_0032172,Minimal Enhancement
ISIC_0029673,"Brightness Normalization, Minimal Enhancement"
ISIC_0031052,"Brightness Correction, Minimal Enhancement"
ISIC_0028974,"CLAHE, Denoising"
ISIC_0030424,"Brightness Normalization, CLAHE"
ISIC_0031441,"Brightness Normalization, Minimal Enhancement"
ISIC_0026568,"Hair Removal, Denoising, Minimal Enhancement"
ISIC_0031804,"Brightness Correction, Denoising"
ISIC_0030860,CLAHE
ISIC_0030776,Denoising
ISIC_0026264,"Brightness Normalization, CLAHE"
ISIC_0025284,Brightness Correction
ISIC_0032480,"Brightness Normalization, Minimal Enhancement"
ISIC_0028841,CLAHE
ISIC_0025385,"Brightness Normalization, Minimal Enhancement"
ISIC_0029250,"Brightness Normalization, CLAHE, Minimal Enhancement"
ISIC_0032357,"Hair Removal, Brightness Correction, Denoising, Minimal Enhancement"
ISIC_0030724,CLAHE
ISIC_0030025,"Brightness Correction, Minimal Enhancement"
ISIC_0026050,CLAHE
ISIC_0027267,"Hair Removal, Denoising"
ISIC_0028262,"Brightness Correction, Denoising"
ISIC_0029064,"Brightness Normalization, CLAHE"
ISIC_0030997,"Hair Removal, Brightness Normalization, Denoising"
ISIC_0029850,"Brightness Normalization, CLAHE"
ISIC_0027322,"Hair Removal, Denoising"
ISIC_0027664,Minimal Enhancement
ISIC_0030024,Denoising
ISIC_0029295,Brightness Correction
ISIC_0024927,Minimal Enhancement
ISIC_0028379,"Brightness Correction, CLAHE"
ISIC_0025294,Denoising
ISIC_0028762,Minimal Enhancement
ISIC_0026289,"Hair Removal, Brightness Correction, Denoising"
ISIC_0026971,"Hair Removal, Brightness Correction, Denoising, Minimal Enhancement"
ISIC_0028948,
ISIC_0030161,"Brightness Correction, CLAHE"
ISIC_0030218,"Brightness Correction, CLAHE"
ISIC_0026026,CLAHE
ISIC_0031877,"Hair Removal, Denoising"
ISIC_0025042,"Brightness Correction, CLAHE"
ISIC_0031187,"Brightness Normalization, CLAHE, Minimal Enhancement"
ISIC_0029529,"Hair Removal, Brightness Normalization, Minimal Enhancement"
ISIC_0029185,
ISIC_0032394,"Hair Removal, Brightness Correction, Denoising, Minimal Enhancement"
ISIC_0030958,"Hair Removal, Brightness Normalization, CLAHE"
ISIC_0030848,"Brightness Normalization, CLAHE"
ISIC_0027803,"Brightness Correction, CLAHE"
ISIC_0024852,CLAHE
ISIC_0031860,Minimal Enhancement
ISIC_0028039,Brightness Normalization
ISIC_0028852,"Brightness Normalization, Minimal Enhancement"
ISIC_0024703,"Brightness Normalization, CLAHE, Denoising"
ISIC_0029761,"Brightness Normalization, CLAHE, Minimal Enhancement"
ISIC_0030027,Denoising
ISIC_0028064,"Brightness Normalization, Minimal Enhancement"
ISIC_0032256,Minimal Enhancement
ISIC_0030702,Minimal Enhancement
ISIC_0026342,Minimal Enhancement
ISIC_0032104,CLAHE
ISIC_0027252,Brightness Correction
ISIC_0028669,
ISIC_0031010,"Hair Removal, Denoising, Minimal Enhancement"
ISIC_0024401,"Denoising, Minimal Enhancement"
ISIC_0028835,Minimal Enhancement
ISIC_0030044,"Brightness Correction, CLAHE"
ISIC_0024768,"Hair Removal, Denoising"
ISIC_0025357,Minimal Enhancement
ISIC_0026010,"Brightness Normalization, Minimal Enhancement"
ISIC_0028191,"Brightness Correction, Denoising"
ISIC_0032131,"Hair Removal, Brightness Correction, Denoising"
ISIC_0029424,"Brightness Normalization, Minimal Enhancement"
ISIC_0030632,Minimal Enhancement
ISIC_0024567,CLAHE
ISIC_0027288,"Brightness Correction, CLAHE"
ISIC_0027196,"Hair Removal, Brightness Correction, Denoising"
ISIC_0032101,"Hair Removal, CLAHE"
ISIC_0030412,"Brightness Correction, Denoising"
ISIC_0028047,"Hair Removal, CLAHE, Denoising"
ISIC_0030298,"Hair Removal, Denoising, Minimal Enhancement"
ISIC_0029198,Minimal Enhancement
ISIC_0029253,CLAHE
ISIC_0025288,"Brightness Correction, CLAHE"
ISIC_0028396,"Hair Removal, Brightness Correction, Denoising"
ISIC_0031946,CLAHE
ISIC_0026271,"Hair Removal, Denoising"
ISIC_0031732,
ISIC_0030048,"Brightness Correction, Minimal Enhancement"
ISIC_0029936,CLAHE
ISIC_0024754,"Brightness Normalization, Minimal Enhancement"
ISIC_0030854,Minimal Enhancement
ISIC_0027168,"Hair Removal, Denoising, Minimal Enhancement"
ISIC_0025498,"Brightness Normalization, Minimal Enhancement"
ISIC_0029797,"Hair Removal, Brightness Correction, Denoising, Minimal Enhancement"
ISIC_0028257,Brightness Correction
ISIC_0025486,"Brightness Correction, CLAHE"
ISIC_0024759,Brightness Correction
ISIC_0025329,"Brightness Correction, CLAHE"
ISIC_0029834,"Brightness Normalization, CLAHE, Denoising"
ISIC_0025070,Brightness Correction
ISIC_0027877,"Hair Removal, Denoising"
ISIC_0031626,"Hair Removal, Brightness Normalization, Denoising, Minimal Enhancement"
ISIC_0030850,"Hair Removal, CLAHE, Denoising"
ISIC_0029954,
ISIC_0027624,"Brightness Normalization, CLAHE, Minimal Enhancement"
ISIC_0026547,"Hair Removal, Denoising, Minimal Enhancement"
ISIC_0025673,Minimal Enhancement
ISIC_0029737,CLAHE
ISIC_0026669,Minimal Enhancement
ISIC_0029110,"Hair Removal, Minimal Enhancement"
ISIC_0026095,CLAHE
ISIC_0030628,CLAHE
ISIC_0027445,"Hair Removal, Brightness Normalization, Denoising, Minimal Enhancement"
ISIC_0026990,
ISIC_0027395,"Brightness Correction, Denoising"
ISIC_0027207,"Brightness Correction, Minimal Enhancement"
ISIC_0025643,
ISIC_0027377,
ISIC_0025215,"Hair Removal, Brightness Normalization, Minimal Enhancement"
ISIC_0026250,Minimal Enhancement
ISIC_0028366,Minimal Enhancement
ISIC_0029700,"Hair Removal, Brightness Normalization, Denoising, Minimal Enhancement"
ISIC_0025279,"Brightness Normalization, Denoising, Minimal Enhancement"
ISIC_0025021,"Brightness Normalization, Minimal Enhancement"
ISIC_0030405,"Hair Removal, Denoising, Minimal Enhancement"
ISIC_0029229,Minimal Enhancement
ISIC_0030595,CLAHE
ISIC_0027870,"Brightness Correction, CLAHE"
ISIC_0025212,"Hair Removal, Brightness Normalization, CLAHE, Denoising"
ISIC_0026310,Denoising
ISIC_0029928,"Brightness Normalization, CLAHE"
ISIC_0026767,"Brightness Normalization, CLAHE, Minimal Enhancement"
ISIC_0027882,"Brightness Normalization, CLAHE, Minimal Enhancement"
ISIC_0028536,Minimal Enhancement
ISIC_0025440,"Brightness Normalization, Minimal Enhancement"
ISIC_0027104,"Brightness Normalization, Minimal Enhancement"
ISIC_0027404,"Hair Removal, Denoising"
ISIC_0030651,"Hair Removal, Brightness Normalization, Minimal Enhancement"
ISIC_0027516,Minimal Enhancement
ISIC_0024350,Minimal Enhancement
ISIC_0031241,Brightness Correction
ISIC_0024526,Minimal Enhancement
ISIC_0029908,
ISIC_0031968,"Hair Removal, CLAHE, Denoising"
ISIC_0029873,"Hair Removal, Brightness Normalization, Denoising, Minimal Enhancement"
ISIC_0030389,"Hair Removal, Brightness Normalization, Minimal Enhancement"
ISIC_0029743,CLAHE
ISIC_0031760,"Hair Removal, Denoising"
ISIC_0024605,"Brightness Normalization, Minimal Enhancement"
ISIC_0024389,"Denoising, Minimal Enhancement"
ISIC_0029658,Minimal Enhancement
ISIC_0028664,"Brightness Correction, Minimal Enhancement"
ISIC_0027995,"Brightness Normalization, Minimal Enhancement"
ISIC_0031740,
ISIC_0031375,"Brightness Normalization, CLAHE, Minimal Enhancement"
ISIC_0028532,CLAHE
ISIC_0031751,
ISIC_0026719,"Brightness Normalization, Minimal Enhancement"
ISIC_0030590,"Hair Removal, Brightness Correction, Denoising"
ISIC_0026595,"Brightness Normalization, CLAHE, Minimal Enhancement"
ISIC_0032346,"Brightness Normalization, CLAHE"
ISIC_0025609,"Hair Removal, Minimal Enhancement"
ISIC_0026353,"Denoising, Minimal Enhancement"
ISIC_0029988,Minimal Enhancement
ISIC_0030676,Hair Removal
ISIC_0029635,
ISIC_0030548,"Hair Removal, Brightness Normalization, Denoising, Minimal Enhancement"
ISIC_0028024,Minimal Enhancement
ISIC_0026758,Brightness Correction
ISIC_0031910,"Brightness Normalization, Minimal Enhancement"
ISIC_0030437,"Hair Removal, Denoising, Minimal Enhancement"
ISIC_0029037,"Hair Removal, Brightness Correction, Denoising"
ISIC_0025393,CLAHE
ISIC_0028011,"Brightness Correction, Minimal Enhancement"
ISIC_0028475,"Brightness Correction, Denoising"
ISIC_0031790,
ISIC_0031786,"Brightness Normalization, CLAHE"
ISIC_0032491,"Brightness Normalization, Minimal Enhancement"
ISIC_0031835,"Brightness Normalization, Minimal Enhancement"
ISIC_0028629,"Hair Removal, Denoising"
ISIC_0031193,"Brightness Normalization, Minimal Enhancement"
ISIC_0028351,Brightness Correction
ISIC_0026363,"Brightness Correction, Minimal Enhancement"
ISIC_0029832,"Brightness Normalization, Minimal Enhancement"
ISIC_0026723,"Hair Removal, Denoising"
ISIC_0031868,Minimal Enhancement
ISIC_0032326,Brightness Correction
ISIC_0026776,Hair Removal
ISIC_0032383,
ISIC_0026013,Minimal Enhancement
ISIC_0031333,Minimal Enhancement
ISIC_0028078,"Denoising, Minimal Enhancement"
ISIC_0031916,"Hair Removal, Brightness Normalization, Minimal Enhancement"
ISIC_0030934,"Brightness Correction, Minimal Enhancement"
ISIC_0028530,
ISIC_0032289,Minimal Enhancement
ISIC_0027341,
ISIC_0027177,"Hair Removal, Brightness Correction, CLAHE, Denoising"
ISIC_0025055,Brightness Correction
ISIC_0026799,Brightness Correction
ISIC_0028959,Minimal Enhancement
ISIC_0031387,"Brightness Correction, Denoising"
ISIC_0028754,Minimal Enhancement
ISIC_0028267,
ISIC_0032353,"Brightness Correction, Minimal Enhancement"
ISIC_0030090,"Hair Removal, Brightness Correction, Denoising"
ISIC_0027728,"Hair Removal, Brightness Correction, Denoising"
ISIC_0027176,"Hair Removal, Denoising"
ISIC_0026116,CLAHE
ISIC_0029579,Brightness Correction
ISIC_0024812,"Brightness Normalization, CLAHE, Minimal Enhancement"
ISIC_0027750,CLAHE
ISIC_0028743,"Brightness Normalization, Denoising, Minimal Enhancement"
ISIC_0027773,"Brightness Normalization, Minimal Enhancement"
ISIC_0032001,"Brightness Correction, CLAHE"
ISIC_0026059,CLAHE
ISIC_0031072,"Hair Removal, Minimal Enhancement"
ISIC_0028037,Minimal Enhancement
ISIC_0027894,"Brightness Correction, Denoising"
ISIC_0026763,
ISIC_0030805,"Hair Removal, Brightness Normalization, Denoising"
ISIC_0031432,"Brightness Normalization, CLAHE"
ISIC_0030780,
ISIC_0030832,"Hair Removal, Denoising, Minimal Enhancement"
ISIC_0028169,"Hair Removal, Brightness Correction, Denoising"
ISIC_0025787,"Hair Removal, Brightness Correction, Denoising"
ISIC_0031183,
ISIC_0030587,"Brightness Normalization, CLAHE"
ISIC_0028844,Brightness Correction
ISIC_0025523,"Hair Removal, Brightness Normalization, Denoising, Minimal Enhancement"
ISIC_0029096,
ISIC_0030162,
ISIC_0028286,
ISIC_0025115,"Hair Removal, Denoising"
ISIC_0027975,"Brightness Correction, CLAHE"
ISIC_0030886,"Brightness Normalization, CLAHE, Minimal Enhancement"
ISIC_0028738,"Brightness Normalization, CLAHE"
ISIC_0024478,"Hair Removal, Denoising"
ISIC_0024888,"Hair Removal, Denoising"
ISIC_0030969,"Denoising, Minimal Enhancement"
ISIC_0031911,Brightness Correction
ISIC_0025138,"Hair Removal, Brightness Correction, CLAHE, Denoising"
ISIC_0026882,"Brightness Normalization, Minimal Enhancement"
ISIC_0024440,Minimal Enhancement
ISIC_0030699,"Hair Removal, Denoising, Minimal Enhancement"
ISIC_0031484,"Hair Removal, CLAHE"
ISIC_0026797,Minimal Enhancement
ISIC_0024610,Minimal Enhancement
ISIC_0025354,"Brightness Correction, Denoising, Minimal Enhancement"
ISIC_0027464,"Brightness Correction, CLAHE, Denoising"
ISIC_0025478,CLAHE
ISIC_0026134,"Denoising, Minimal Enhancement"
ISIC_0027241,"Hair Removal, Denoising"
ISIC_0029065,CLAHE
ISIC_0026962,"Brightness Normalization, Minimal Enhancement"
ISIC_0031242,Brightness Correction
ISIC_0027520,"Hair Removal, Brightness Correction"
ISIC_0027926,"Brightness Normalization, CLAHE, Minimal Enhancement"
ISIC_0030224,
ISIC_0025220,Minimal Enhancement
ISIC_0031338,"Brightness Normalization, Minimal Enhancement"
ISIC_0024894,Brightness Correction
ISIC_0028049,
ISIC_0032360,Minimal Enhancement
ISIC_0030136,Minimal Enhancement
ISIC_0030112,"Hair Removal, Denoising"
ISIC_0028783,"Brightness Correction, CLAHE"
ISIC_0031610,"Hair Removal, Brightness Normalization, Denoising, Minimal Enhancement"
ISIC_0025706,CLAHE
ISIC_0028726,Minimal Enhancement
ISIC_0031267,"Hair Removal, Denoising, Minimal Enhancement"
ISIC_0029403,"Brightness Correction, Denoising, Minimal Enhancement"
ISIC_0028547,Brightness Correction
ISIC_0031566,Minimal Enhancement
ISIC_0031006,"CLAHE, Denoising"
ISIC_0029727,"Hair Removal, Brightness Normalization"
ISIC_0026408,
ISIC_0025839,Brightness Correction
ISIC_0029416,Minimal Enhancement
ISIC_0025483,CLAHE
ISIC_0027842,"Brightness Normalization, Minimal Enhancement"
ISIC_0028630,
ISIC_0029159,"Brightness Correction, Minimal Enhancement"
ISIC_0026605,Minimal Enhancement
ISIC_0030889,"CLAHE, Denoising"
ISIC_0027866,"Brightness Normalization, CLAHE, Minimal Enhancement"
ISIC_0029777,"Brightness Correction, CLAHE"
ISIC_0030045,Brightness Correction
ISIC_0030496,Minimal Enhancement
ISIC_0029164,Hair Removal
ISIC_0031084,"Hair Removal, Brightness Correction, Denoising"
ISIC_0024423,"Brightness Normalization, Minimal Enhancement"
ISIC_0026800,"Brightness Normalization, CLAHE, Minimal Enhancement"
ISIC_0027733,"Brightness Normalization, Minimal Enhancement"
ISIC_0030430,"Brightness Normalization, Minimal Enhancement"
ISIC_0027968,"Hair Removal, Denoising"
ISIC_0028953,Brightness Correction
ISIC_0028832,Minimal Enhancement
ISIC_0026833,Minimal Enhancement
ISIC_0031944,CLAHE
ISIC_0028590,"Hair Removal, Brightness Correction, CLAHE, Denoising"
ISIC_0030670,Minimal Enhancement
ISIC_0027011,Minimal Enhancement
ISIC_0031161,Hair Removal
ISIC_0032089,"Brightness Correction, CLAHE"
ISIC_0027314,"Hair Removal, Denoising"
ISIC_0031433,Minimal Enhancement
ISIC_0025737,CLAHE
ISIC_0024486,CLAHE
ISIC_0028001,"Hair Removal, Denoising"
ISIC_0027716,"Hair Removal, Brightness Normalization, Minimal Enhancement"
ISIC_0031576,"Hair Removal, Brightness Correction, Minimal Enhancement"
ISIC_0026856,CLAHE
ISIC_0029507,"Brightness Normalization, Minimal Enhancement"
ISIC_0032495,Minimal Enhancement
ISIC_0029255,Minimal Enhancement
ISIC_0026725,CLAHE
ISIC_0030347,"Hair Removal, Brightness Normalization, Denoising"
ISIC_0029400,"Hair Removal, Brightness Correction, Denoising"
ISIC_0030190,"Hair Removal, Denoising"
ISIC_0028300,
ISIC_0030571,"Brightness Normalization, Minimal Enhancement"
ISIC_0032418,"Brightness Normalization, Minimal Enhancement"
ISIC_0027625,Minimal Enhancement
ISIC_0026873,"Brightness Normalization, Minimal Enhancement"
ISIC_0025760,Minimal Enhancement
ISIC_0032324,"Hair Removal, Denoising"
ISIC_0025901,"Hair Removal, Denoising, Minimal Enhancement"
ISIC_0024892,Brightness Correction
ISIC_0028172,Minimal Enhancement
ISIC_0025862,"Brightness Normalization, Minimal Enhancement"
ISIC_0024419,Minimal Enhancement
ISIC_0031139,CLAHE
ISIC_0026969,Minimal Enhancement
ISIC_0024576,CLAHE
ISIC_0025741,"Hair Removal, Denoising, Minimal Enhancement"
ISIC_0028149,CLAHE
ISIC_0030431,"Brightness Normalization, CLAHE"
ISIC_0029813,"Brightness Correction, CLAHE"
ISIC_0026757,"Hair Removal, Brightness Correction, Denoising"
ISIC_0027587,"Brightness Normalization, CLAHE"
ISIC_0025426,"Hair Removal, Brightness Normalization, Denoising, Minimal Enhancement"
ISIC_0028704,CLAHE
ISIC_0032506,"CLAHE, Denoising"
ISIC_0030503,"Hair Removal, Brightness Correction, Denoising"
ISIC_0028533,"Brightness Normalization, CLAHE"
ISIC_0029996,"Hair Removal, Denoising, Minimal Enhancement"
ISIC_0029916,"Brightness Correction, Denoising"
ISIC_0024639,
ISIC_0024569,"Hair Removal, Denoising"
ISIC_0028348,"Brightness Normalization, CLAHE"
ISIC_0028919,"Brightness Normalization, Minimal Enhancement"
ISIC_0025569,CLAHE
ISIC_0032261,"Brightness Correction, Minimal Enhancement"
ISIC_0024359,"Brightness Normalization, Minimal Enhancement"
ISIC_0030051,Minimal Enhancement
ISIC_0031420,"Hair Removal, Brightness Normalization, Minimal Enhancement"
ISIC_0030656,
ISIC_0028435,CLAHE
ISIC_0028526,Minimal Enhancement
ISIC_0029907,"Brightness Normalization, Minimal Enhancement"
ISIC_0026390,"Brightness Normalization, CLAHE"
ISIC_0028295,"Brightness Normalization, Denoising, Minimal Enhancement"
ISIC_0032142,"Brightness Normalization, CLAHE"
ISIC_0028099,CLAHE
ISIC_0026982,"Brightness Normalization, CLAHE"
ISIC_0032354,"Brightness Normalization, CLAHE, Denoising"
ISIC_0032465,Brightness Correction
ISIC_0026785,CLAHE
ISIC_0025399,"Brightness Normalization, Minimal Enhancement"
ISIC_0025229,"Brightness Normalization, Minimal Enhancement"
ISIC_0028956,"Brightness Correction, Minimal Enhancement"
ISIC_0026288,Brightness Correction
ISIC_0026121,"Brightness Normalization, CLAHE, Minimal Enhancement"
ISIC_0028073,"Brightness Correction, Denoising"
ISIC_0026756,"Brightness Normalization, Minimal Enhancement"
ISIC_0024728,
ISIC_0026943,"Brightness Normalization, CLAHE"
ISIC_0029077,Hair Removal
ISIC_0028614,CLAHE
ISIC_0030739,"Brightness Correction, Denoising"
ISIC_0028605,"Hair Removal, Brightness Correction, Denoising"
ISIC_0025418,"Hair Removal, Denoising, Minimal Enhancement"
ISIC_0032077,"Brightness Normalization, CLAHE, Denoising"
ISIC_0030611,CLAHE
ISIC_0027363,"Hair Removal, Denoising"
ISIC_0027414,Minimal Enhancement
ISIC_0027778,"Brightness Normalization, CLAHE, Minimal Enhancement"
ISIC_0027123,"Hair Removal, Brightness Correction, Denoising, Minimal Enhancement"
ISIC_0030619,
ISIC_0030453,CLAHE
ISIC_0029677,CLAHE
ISIC_0029259,Minimal Enhancement
ISIC_0027860,Denoising
ISIC_0028845,"Hair Removal, Brightness Normalization, Denoising, Minimal Enhancement"
ISIC_0026199,CLAHE
ISIC_0029601,"Hair Removal, Brightness Normalization, Denoising, Minimal Enhancement"
ISIC_0025002,CLAHE
ISIC_0032477,Minimal Enhancement
ISIC_0028654,CLAHE
ISIC_0031869,Hair Removal
ISIC_0025380,CLAHE
ISIC_0027088,"Brightness Normalization, CLAHE, Minimal Enhancement"
ISIC_0027158,"Hair Removal, Minimal Enhancement"
ISIC_0032350,Minimal Enhancement
ISIC_0024502,"Brightness Normalization, Minimal Enhancement"
ISIC_0030996,"Hair Removal, Brightness Normalization, Denoising, Minimal Enhancement"
ISIC_0027199,"Brightness Normalization, Minimal Enhancement"
ISIC_0027929,Hair Removal
ISIC_0030753,Minimal Enhancement
ISIC_0027494,"Brightness Normalization, Minimal Enhancement"
ISIC_0025124,"Hair Removal, Brightness Normalization, Minimal Enhancement"
ISIC_0027029,Brightness Correction
ISIC_0031920,"Brightness Normalization, CLAHE, Minimal Enhancement"
ISIC_0027565,CLAHE
ISIC_0028053,"Hair Removal, Brightness Correction"
ISIC_0026315,
ISIC_0028700,Minimal Enhancement
ISIC_0026807,"Brightness Correction, Minimal Enhancement"
ISIC_0029066,Brightness Correction
ISIC_0027074,Minimal Enhancement
ISIC_0025025,CLAHE
ISIC_0031589,"Hair Removal, Brightness Normalization, Minimal Enhancement"
ISIC_0028327,"Brightness Normalization, Minimal Enhancement"
ISIC_0028955,Hair Removal
ISIC_0024873,Minimal Enhancement
ISIC_0029481,"Brightness Normalization, Minimal Enhancement"
ISIC_0030952,CLAHE
ISIC_0027805,Brightness Correction
ISIC_0025961,"Brightness Normalization, Minimal Enhancement"
ISIC_0029356,"Hair Removal, CLAHE, Denoising"
ISIC_0030600,"Brightness Normalization, CLAHE"
ISIC_0029763,"Hair Removal, Brightness Normalization, Denoising"
ISIC_0031841,CLAHE
ISIC_0025263,"Brightness Normalization, Minimal Enhancement"
ISIC_0027844,"Brightness Correction, Denoising"
ISIC_0029670,Minimal Enhancement
ISIC_0026646,"Brightness Normalization, Denoising, Minimal Enhancement"
ISIC_0025455,Hair Removal
ISIC_0028129,
ISIC_0031507,"Brightness Normalization, CLAHE"
ISIC_0030157,"Brightness Normalization, Minimal Enhancement"
ISIC_0026176,Brightness Correction
ISIC_0030497,"Brightness Normalization, Minimal Enhancement"
ISIC_0028946,"Hair Removal, CLAHE, Denoising"
ISIC_0029447,CLAHE
ISIC_0024609,Minimal Enhancement
ISIC_0026878,"Brightness Normalization, Minimal Enhancement"
ISIC_0028292,Minimal Enhancement
ISIC_0029098,Minimal Enhancement
ISIC_0031497,Minimal Enhancement
ISIC_0031673,Minimal Enhancement
ISIC_0028005,CLAHE
ISIC_0032118,Minimal Enhancement
ISIC_0031448,Brightness Correction
ISIC_0025912,"Hair Removal, Denoising, Minimal Enhancement"
ISIC_0028031,"Brightness Normalization, CLAHE"
ISIC_0025191,"Hair Removal, Denoising, Minimal Enhancement"
ISIC_0027986,"Brightness Normalization, CLAHE, Minimal Enhancement"
ISIC_0029069,"Hair Removal, Brightness Correction, CLAHE"
ISIC_0024655,"Hair Removal, Brightness Correction"
ISIC_0028334,
ISIC_0030020,"Hair Removal, Brightness Correction, Denoising"
ISIC_0027952,Minimal Enhancement
ISIC_0025625,"Brightness Normalization, Minimal Enhancement"
ISIC_0031152,
ISIC_0027054,"Brightness Normalization, Minimal Enhancement"
ISIC_0030257,"Hair Removal, Denoising, Minimal Enhancement"
ISIC_0028574,"Hair Removal, Denoising"
ISIC_0028716,"Hair Removal, Denoising"
ISIC_0030075,"Brightness Correction, Minimal Enhancement"
ISIC_0028328,CLAHE
ISIC_0032282,"Hair Removal, Brightness Correction, CLAHE, Denoising"
ISIC_0027547,"Brightness Normalization, Minimal Enhancement"
ISIC_0029750,Minimal Enhancement
ISIC_0031347,"Hair Removal, Brightness Correction, Denoising"
ISIC_0024991,"Brightness Normalization, CLAHE, Minimal Enhancement"
ISIC_0030908,Minimal Enhancement
ISIC_0026684,Brightness Correction
ISIC_0030725,CLAHE
ISIC_0028061,"Brightness Normalization, Minimal Enhancement"
ISIC_0031805,Minimal Enhancement
ISIC_0031688,"Brightness Correction, CLAHE"
ISIC_0029739,"Brightness Normalization, Minimal Enhancement"
ISIC_0024797,"Hair Removal, Brightness Normalization, Denoising, Minimal Enhancement"
ISIC_0025347,"Hair Removal, Brightness Correction, Denoising"
ISIC_0030807,"Brightness Normalization, Minimal Enhancement"
ISIC_0027946,Brightness Correction
ISIC_0032485,"Hair Removal, Denoising"
ISIC_0028342,Brightness Correction
ISIC_0032119,"Brightness Correction, Denoising, Minimal Enhancement"
ISIC_0030301,CLAHE
ISIC_0029804,Denoising
ISIC_0027493,"Brightness Normalization, Minimal Enhancement"
ISIC_0031731,"Hair Removal, Minimal Enhancement"
ISIC_0031147,"Hair Removal, Minimal Enhancement"
ISIC_0029694,"Brightness Normalization, Minimal Enhancement"
ISIC_0024531,
ISIC_0024368,Minimal Enhancement
ISIC_0024397,"Brightness Correction, Denoising"
ISIC_0031327,"Brightness Correction, Minimal Enhancement"
ISIC_0029415,"Hair Removal, Brightness Correction, Denoising"
ISIC_0026285,"Hair Removal, Brightness Normalization, Denoising, Minimal Enhancement"
ISIC_0029200,CLAHE
ISIC_0029224,"Brightness Normalization, CLAHE"
ISIC_0032392,"Hair Removal, Brightness Correction, Denoising"
ISIC_0029509,"Brightness Correction, Minimal Enhancement"
ISIC_0029799,CLAHE
ISIC_0031815,"Brightness Normalization, CLAHE"
ISIC_0025356,"Brightness Correction, CLAHE"
ISIC_0031744,
ISIC_0030728,
ISIC_0028178,"Brightness Normalization, Minimal Enhancement"
ISIC_0028828,CLAHE
ISIC_0028437,"Brightness Normalization, Minimal Enhancement"
ISIC_0029785,"Hair Removal, Brightness Correction, Denoising"
ISIC_0026736,Minimal Enhancement
ISIC_0027779,Brightness Correction
ISIC_0028444,Minimal Enhancement
ISIC_0026772,Minimal Enhancement
ISIC_0027633,"Hair Removal, Brightness Correction, Minimal Enhancement"
ISIC_0029120,"Hair Removal, Brightness Normalization, Denoising, Minimal Enhancement"
ISIC_0026673,
ISIC_0032161,CLAHE
ISIC_0024650,"Brightness Correction, Minimal Enhancement"
ISIC_0025522,"Hair Removal, Denoising, Minimal Enhancement"
ISIC_0028068,
ISIC_0030054,CLAHE
ISIC_0025139,"Hair Removal, Denoising"
ISIC_0027628,"Brightness Normalization, Minimal Enhancement"
ISIC_0026180,CLAHE
ISIC_0027947,"Hair Removal, Denoising, Minimal Enhancement"
ISIC_0026003,Minimal Enhancement
ISIC_0026932,Minimal Enhancement
ISIC_0031361,Minimal Enhancement
ISIC_0031195,Minimal Enhancement
ISIC_0027690,"Brightness Correction, Minimal Enhancement"
ISIC_0030985,"CLAHE, Denoising"
ISIC_0027630,"Brightness Normalization, CLAHE, Minimal Enhancement"
ISIC_0025308,"CLAHE, Denoising"
ISIC_0027222,Hair Removal
ISIC_0029333,Minimal Enhancement
ISIC_0031658,"Hair Removal, Denoising, Minimal Enhancement"
ISIC_0026274,"Brightness Correction, Minimal Enhancement"
ISIC_0030388,"Brightness Normalization, Minimal Enhancement"
ISIC_0025828,"Brightness Normalization, CLAHE"
ISIC_0030499,"Brightness Normalization, Minimal Enhancement"
ISIC_0026578,"Hair Removal, Brightness Correction, Denoising"
ISIC_0031921,"Brightness Correction, CLAHE"
ISIC_0029955,"Brightness Normalization, CLAHE, Minimal Enhancement"
ISIC_0031472,CLAHE
ISIC_0030726,Minimal Enhancement
ISIC_0032301,"Brightness Normalization, CLAHE, Minimal Enhancement"
ISIC_0026619,"Brightness Correction, Minimal Enhancement"
ISIC_0030270,
ISIC_0028452,
ISIC_0031365,"Brightness Normalization, CLAHE, Minimal Enhancement"
ISIC_0025349,CLAHE
ISIC_0027169,
ISIC_0029155,"Brightness Normalization, Minimal Enhancement"
ISIC_0025230,"Brightness Normalization, Minimal Enhancement"
ISIC_0025048,Brightness Correction
ISIC_0031452,"Brightness Correction, Minimal Enhancement"
ISIC_0029511,"Hair Removal, Denoising"
ISIC_0029411,Minimal Enhancement
ISIC_0025888,"Brightness Normalization, Minimal Enhancement"
ISIC_0025682,"Brightness Correction, Minimal Enhancement"
ISIC_0029105,Minimal Enhancement
ISIC_0032068,"Brightness Correction, CLAHE"
ISIC_0028341,"Hair Removal, Brightness Normalization, Minimal Enhancement"
ISIC_0027899,Minimal Enhancement
ISIC_0026431,"CLAHE, Denoising"
ISIC_0025893,"Brightness Normalization, Denoising, Minimal Enhancement"
ISIC_0028440,"Brightness Correction, CLAHE"
ISIC_0024983,"Hair Removal, Brightness Normalization, Minimal Enhancement"
ISIC_0026935,"Brightness Correction, Minimal Enhancement"
ISIC_0032296,"Brightness Normalization, Denoising, Minimal Enhancement"
ISIC_0025745,CLAHE
ISIC_0028456,"Hair Removal, CLAHE"
ISIC_0028950,"Hair Removal, Brightness Correction"
ISIC_0031807,CLAHE
ISIC_0026813,"Hair Removal, Brightness Correction, Denoising"
ISIC_0024988,"Hair Removal, Brightness Correction, Denoising"
ISIC_0029310,"Brightness Normalization, Minimal Enhancement"
ISIC_0027515,"Hair Removal, Minimal Enhancement"
ISIC_0030205,Brightness Correction
ISIC_0029350,"Hair Removal, Denoising, Minimal Enhancement"
ISIC_0028315,CLAHE
ISIC_0030449,Minimal Enhancement
ISIC_0027223,"Hair Removal, Brightness Correction, Denoising"
ISIC_0031456,Minimal Enhancement
ISIC_0024942,"Brightness Normalization, Denoising, Minimal Enhancement"
ISIC_0029395,"CLAHE, Denoising"
ISIC_0026061,"Brightness Normalization, Minimal Enhancement"
ISIC_0026840,"Hair Removal, Brightness Normalization, Minimal Enhancement"
ISIC_0029520,"Hair Removal, Denoising"
ISIC_0030738,CLAHE
ISIC_0025761,"Hair Removal, Brightness Correction, CLAHE, Denoising"
ISIC_0029236,"Brightness Normalization, Minimal Enhancement"
ISIC_0030146,CLAHE
ISIC_0032262,"Hair Removal, Brightness Normalization, Denoising, Minimal Enhancement"
ISIC_0026517,CLAHE
ISIC_0026426,"Hair Removal, Denoising"
ISIC_0031426,Minimal Enhancement
ISIC_0026110,"Denoising, Minimal Enhancement"
ISIC_0026707,Denoising
ISIC_0030831,Minimal Enhancement
ISIC_0029294,"Brightness Correction, Denoising, Minimal Enhancement"
ISIC_0028910,Minimal Enhancement
ISIC_0028234,"Brightness Normalization, Minimal Enhancement"
ISIC_0031416,"Brightness Normalization, CLAHE, Minimal Enhancement"
ISIC_0026582,"Hair Removal, Denoising"
ISIC_0031689,"Brightness Normalization, CLAHE, Denoising, Minimal Enhancement"
ISIC_0029821,Brightness Correction
ISIC_0031906,"Hair Removal, Brightness Correction, Minimal Enhancement"
ISIC_0029686,Minimal Enhancement
ISIC_0027782,"Brightness Normalization, CLAHE"
ISIC_0026334,Minimal Enhancement
ISIC_0027632,Minimal Enhancement
ISIC_0027674,"Hair Removal, Denoising"
ISIC_0031752,Brightness Correction
ISIC_0030865,"Hair Removal, Denoising, Minimal Enhancement"
ISIC_0025034,Brightness Correction
ISIC_0028152,Minimal Enhancement
ISIC_0025697,CLAHE
ISIC_0031254,"Hair Removal, Brightness Correction, CLAHE, Denoising"
ISIC_0030905,"Hair Removal, Denoising"
ISIC_0026630,"Brightness Correction, CLAHE"
ISIC_0030109,"Brightness Normalization, Minimal Enhancement"
ISIC_0031136,CLAHE
ISIC_0025092,"Hair Removal, Denoising"
ISIC_0028439,CLAHE
ISIC_0025360,Brightness Correction
ISIC_0028012,"Hair Removal, Brightness Correction, Denoising"
ISIC_0030108,"Hair Removal, Brightness Normalization, Denoising, Minimal Enhancement"
ISIC_0027921,Minimal Enhancement
ISIC_0030673,"Hair Removal, Denoising"
ISIC_0028253,"Denoising, Minimal Enhancement"
ISIC_0030278,Minimal Enhancement
ISIC_0025194,"Brightness Normalization, Minimal Enhancement"
ISIC_0031446,Brightness Correction
ISIC_0024917,"Hair Removal, Brightness Correction, Denoising"
ISIC_0028566,"Brightness Normalization, Minimal Enhancement"
ISIC_0025604,"Brightness Normalization, Minimal Enhancement"
ISIC_0024717,"Denoising, Minimal Enhancement"
ISIC_0025669,"Hair Removal, Denoising, Minimal Enhancement"
ISIC_0032457,CLAHE
ISIC_0028213,
ISIC_0030618,"Hair Removal, Denoising, Minimal Enhancement"
ISIC_0024484,Minimal Enhancement
ISIC_0025134,Brightness Correction
ISIC_0029774,"Hair Removal, Denoising"
ISIC_0027791,Brightness Correction
ISIC_0027368,Minimal Enhancement
ISIC_0028004,"Brightness Normalization, Minimal Enhancement"
ISIC_0026031,"Brightness Normalization, CLAHE"
ISIC_0030777,"Hair Removal, Denoising"
ISIC_0029875,
ISIC_0029204,"Brightness Correction, Denoising, Minimal Enhancement"
ISIC_0029886,"Brightness Normalization, CLAHE, Minimal Enhancement"
ISIC_0031892,Minimal Enhancement
ISIC_0028904,"Brightness Normalization, Minimal Enhancement"
ISIC_0031409,"Hair Removal, Denoising"
ISIC_0028732,"Hair Removal, CLAHE"
ISIC_0024491,"Hair Removal, Denoising"
ISIC_0031695,"Brightness Normalization, CLAHE"
ISIC_0030478,"Hair Removal, Brightness Correction"
ISIC_0032217,"Brightness Normalization, Minimal Enhancement"
ISIC_0028417,Brightness Correction
ISIC_0028724,"CLAHE, Denoising"
ISIC_0032155,Brightness Correction
ISIC_0030891,"Hair Removal, Denoising, Minimal Enhancement"
ISIC_0027186,CLAHE
ISIC_0029717,Brightness Correction
ISIC_0032205,"Hair Removal, Brightness Normalization, Minimal Enhancement"
ISIC_0030838,CLAHE
ISIC_0029869,"Brightness Normalization, CLAHE, Minimal Enhancement"
ISIC_0026589,"Hair Removal, CLAHE"
ISIC_0026632,CLAHE
ISIC_0032267,
ISIC_0030164,Minimal Enhancement
ISIC_0032069,"Brightness Normalization, Minimal Enhancement"
ISIC_0029007,Minimal Enhancement
ISIC_0029657,Minimal Enhancement
ISIC_0025774,"Brightness Normalization, Minimal Enhancement"
ISIC_0028914,Minimal Enhancement
ISIC_0026020,Minimal Enhancement
ISIC_0030646,"Brightness Normalization, CLAHE"
ISIC_0025177,CLAHE
ISIC_0027530,"Brightness Normalization, CLAHE, Minimal Enhancement"
ISIC_0029049,"Brightness Correction, CLAHE"
ISIC_0029018,"Brightness Normalization, Minimal Enhancement"
ISIC_0026934,Hair Removal
ISIC_0026346,"Hair Removal, Brightness Correction, Denoising"
ISIC_0032475,"Hair Removal, Brightness Correction, Denoising"
ISIC_0032294,Minimal Enhancement
ISIC_0029214,"Hair Removal, Denoising"
ISIC_0027112,"Hair Removal, Brightness Correction, Denoising"
ISIC_0028247,Brightness Correction
ISIC_0028988,Brightness Correction
ISIC_0027757,Minimal Enhancement
ISIC_0026819,CLAHE
ISIC_0028791,
ISIC_0027501,Minimal Enhancement
ISIC_0029190,Minimal Enhancement
ISIC_0027855,"Brightness Normalization, CLAHE, Minimal Enhancement"
ISIC_0026730,"Hair Removal, Denoising"
ISIC_0026890,Minimal Enhancement
ISIC_0026519,"Brightness Normalization, CLAHE, Minimal Enhancement"
ISIC_0030672,"Brightness Correction, CLAHE"
ISIC_0028755,CLAHE
ISIC_0027062,Minimal Enhancement
ISIC_0032363,CLAHE
ISIC_0025638,"Brightness Normalization, Minimal Enhancement"
ISIC_0030980,CLAHE
ISIC_0024597,"Brightness Normalization, CLAHE"
ISIC_0030629,
ISIC_0031178,"Brightness Correction, CLAHE"
ISIC_0029534,"CLAHE, Denoising"
ISIC_0030640,"Brightness Correction, CLAHE, Denoising"
ISIC_0026367,CLAHE
ISIC_0028423,CLAHE
ISIC_0025621,"Hair Removal, CLAHE, Denoising"
ISIC_0024594,CLAHE
ISIC_0029845,"Hair Removal, Brightness Normalization, Denoising, Minimal Enhancement"
ISIC_0027444,"Hair Removal, Denoising, Minimal Enhancement"
ISIC_0025702,Minimal Enhancement
ISIC_0031617,
ISIC_0025173,"Brightness Normalization, Minimal Enhancement"
ISIC_0027644,CLAHE
ISIC_0032376,"CLAHE, Minimal Enhancement"
ISIC_0031091,"Brightness Normalization, CLAHE, Minimal Enhancement"
ISIC_0028576,"Hair Removal, Denoising"
ISIC_0029790,"Brightness Normalization, Minimal Enhancement"
ISIC_0027898,Minimal Enhancement
ISIC_0026726,Minimal Enhancement
ISIC_0032023,"Hair Removal, Brightness Correction, Denoising"
ISIC_0031247,"Hair Removal, Brightness Normalization, Denoising, Minimal Enhancement"
ISIC_0027305,CLAHE
ISIC_0027718,"Brightness Correction, Denoising, Minimal Enhancement"
ISIC_0028918,CLAHE
ISIC_0030697,"Brightness Normalization, CLAHE"
ISIC_0028293,
ISIC_0029093,"Brightness Normalization, Minimal Enhancement"
ISIC_0032428,
ISIC_0032342,"Hair Removal, Brightness Correction"
ISIC_0027264,Brightness Correction
ISIC_0028413,Minimal Enhancement
ISIC_0026012,Brightness Correction
ISIC_0029752,"Brightness Normalization, Minimal Enhancement"
ISIC_0027198,
ISIC_0025779,"Hair Removal, Denoising, Minimal Enhancement"
ISIC_0026140,"Denoising, Minimal Enhancement"
ISIC_0032086,Minimal Enhancement
ISIC_0026251,"Hair Removal, Denoising, Minimal Enhancement"
ISIC_0029072,CLAHE
ISIC_0027839,Minimal Enhancement
ISIC_0027640,CLAHE
ISIC_0024842,"Hair Removal, Brightness Normalization, CLAHE"
ISIC_0028803,
ISIC_0027406,Brightness Correction
ISIC_0030273,CLAHE
ISIC_0027249,"Hair Removal, Denoising"
ISIC_0031563,
ISIC_0029653,"Hair Removal, CLAHE, Denoising"
ISIC_0029374,
ISIC_0032209,CLAHE
ISIC_0028194,"Hair Removal, CLAHE, Denoising"
ISIC_0031404,Minimal Enhancement
ISIC_0026569,"Brightness Correction, Denoising"
ISIC_0027848,"Hair Removal, Brightness Correction, Denoising"
ISIC_0028971,"Brightness Normalization, Minimal Enhancement"
ISIC_0031145,"Brightness Normalization, Minimal Enhancement"
ISIC_0028430,"Brightness Normalization, CLAHE, Minimal Enhancement"
ISIC_0024642,Brightness Correction
ISIC_0025959,"Brightness Normalization, Minimal Enhancement"
ISIC_0032985,Minimal Enhancement
ISIC_0028633,"Hair Removal, Minimal Enhancement"
ISIC_0024798,"Hair Removal, Brightness Correction, Denoising, Minimal Enhancement"
ISIC_0025152,"Brightness Correction, CLAHE"
ISIC_0027235,Minimal Enhancement
ISIC_0027152,CLAHE
ISIC_0029045,Brightness Correction
ISIC_0031160,Minimal Enhancement
ISIC_0029735,CLAHE
ISIC_0028010,"Brightness Normalization, Minimal Enhancement"
ISIC_0026666,"Brightness Correction, CLAHE"
ISIC_0026552,Brightness Correction
ISIC_0029985,"Hair Removal, CLAHE, Denoising"
ISIC_0024891,"Denoising, Minimal Enhancement"
ISIC_0024934,"Brightness Normalization, Minimal Enhancement"
ISIC_0025442,"Hair Removal, Brightness Correction"
ISIC_0028461,"Hair Removal, Denoising"
ISIC_0031474,"Hair Removal, Denoising, Minimal Enhancement"
ISIC_0029719,"Brightness Normalization, CLAHE, Minimal Enhancement"
ISIC_0027684,"Hair Removal, Denoising"
ISIC_0032158,Hair Removal
ISIC_0031678,CLAHE
ISIC_0028453,"Brightness Normalization, CLAHE, Minimal Enhancement"
ISIC_0028154,CLAHE
ISIC_0025672,"Brightness Correction, Denoising"
ISIC_0030664,"Brightness Correction, Denoising"
ISIC_0031733,"Brightness Correction, CLAHE"
ISIC_0027240,"Hair Removal, CLAHE, Denoising"
ISIC_0028332,Minimal Enhancement
ISIC_0032334,"Brightness Normalization, Minimal Enhancement"
ISIC_0030858,Minimal Enhancement
ISIC_0030609,"Hair Removal, Brightness Correction, Denoising"
ISIC_0027987,CLAHE
ISIC_0032257,CLAHE
ISIC_0024314,Brightness Correction
ISIC_0026722,"Brightness Normalization, Minimal Enhancement"
ISIC_0031663,"Hair Removal, Denoising, Minimal Enhancement"
ISIC_0031883,CLAHE
ISIC_0025943,Minimal Enhancement
ISIC_0025568,"Brightness Normalization, CLAHE"
ISIC_0026887,"Brightness Normalization, Minimal Enhancement"
ISIC_0027077,"Brightness Normalization, Minimal Enhancement"
ISIC_0032096,"Hair Removal, Brightness Normalization, Minimal Enhancement"
ISIC_0029366,"Hair Removal, CLAHE, Denoising"
ISIC_0032378,Hair Removal
ISIC_0027679,Minimal Enhancement
ISIC_0024604,CLAHE
ISIC_0027358,"Brightness Normalization, CLAHE, Minimal Enhancement"
ISIC_0030247,"Hair Removal, Denoising, Minimal Enhancement"
ISIC_0030426,"Hair Removal, Denoising"
ISIC_0027734,"Denoising, Minimal Enhancement"
ISIC_0030786,"Brightness Correction, CLAHE"
ISIC_0027662,"Brightness Normalization, Minimal Enhancement"
ISIC_0029104,CLAHE
ISIC_0030520,"Brightness Correction, CLAHE"
ISIC_0032341,Minimal Enhancement
ISIC_0029756,CLAHE
ISIC_0030874,"Hair Removal, Denoising, Minimal Enhancement"
ISIC_0031629,"Brightness Correction, CLAHE, Denoising"
ISIC_0027284,"Brightness Normalization, Minimal Enhancement"
ISIC_0024697,CLAHE
ISIC_0027537,Minimal Enhancement
ISIC_0027002,
ISIC_0026223,"Brightness Correction, CLAHE"
ISIC_0029389,CLAHE
ISIC_0024789,"Brightness Normalization, Minimal Enhancement"
ISIC_0030312,"Brightness Normalization, Minimal Enhancement"
ISIC_0026080,"Brightness Correction, CLAHE"
ISIC_0029430,"Brightness Correction, Denoising"
ISIC_0027312,"Brightness Normalization, CLAHE"
ISIC_0031143,Brightness Correction
ISIC_0031863,"Brightness Normalization, Minimal Enhancement"
ISIC_0031515,"Brightness Normalization, Minimal Enhancement"
ISIC_0029854,"Brightness Normalization, Minimal Enhancement"
ISIC_0031418,"Hair Removal, Minimal Enhancement"
ISIC_0027911,"Hair Removal, Brightness Correction, CLAHE, Denoising"
ISIC_0026874,"Brightness Correction, CLAHE, Denoising"
ISIC_0031705,"Brightness Normalization, CLAHE"
ISIC_0031435,"Hair Removal, Denoising, Minimal Enhancement"
ISIC_0029615,"Brightness Normalization, CLAHE"
ISIC_0030432,
ISIC_0027427,CLAHE
ISIC_0026389,"Hair Removal, Brightness Correction, Denoising"
ISIC_0025428,"Brightness Normalization, Minimal Enhancement"
ISIC_0031618,"Hair Removal, CLAHE"
ISIC_0025847,"Brightness Normalization, Minimal Enhancement"
ISIC_0025958,"Hair Removal, Brightness Correction, Denoising"
ISIC_0028385,Minimal Enhancement
ISIC_0027403,"Hair Removal, Brightness Normalization, Denoising, Minimal Enhancement"
ISIC_0031142,"Brightness Normalization, Minimal Enhancement"
ISIC_0024618,"Brightness Normalization, CLAHE"
ISIC_0031059,"Brightness Normalization, CLAHE"
ISIC_0030355,
ISIC_0024906,CLAHE
ISIC_0025073,"Brightness Normalization, CLAHE, Minimal Enhancement"
ISIC_0027031,CLAHE
ISIC_0024813,"Brightness Normalization, Minimal Enhancement"
ISIC_0028401,
ISIC_0030371,"Brightness Normalization, Denoising, Minimal Enhancement"
ISIC_0028367,"Hair Removal, Brightness Correction, Denoising"
ISIC_0030741,CLAHE
ISIC_0024986,"Brightness Correction, Minimal Enhancement"
ISIC_0031555,Minimal Enhancement
ISIC_0027462,"Brightness Normalization, Minimal Enhancement"
ISIC_0025254,Minimal Enhancement
ISIC_0031660,"Hair Removal, Denoising"
ISIC_0024824,CLAHE
ISIC_0030666,Brightness Correction
ISIC_0031293,Minimal Enhancement
ISIC_0026376,CLAHE
ISIC_0031560,"Hair Removal, Denoising, Minimal Enhancement"
ISIC_0025809,CLAHE
ISIC_0025108,Brightness Correction
ISIC_0029296,"Brightness Normalization, Minimal Enhancement"
ISIC_0031646,Minimal Enhancement
ISIC_0031385,"Brightness Normalization, Minimal Enhancement"
ISIC_0027878,"Hair Removal, Brightness Normalization, Minimal Enhancement"
ISIC_0032055,CLAHE
ISIC_0027738,Minimal Enhancement
ISIC_0031518,"Brightness Normalization, Minimal Enhancement"
ISIC_0027497,"Brightness Correction, CLAHE"
ISIC_0028255,"Hair Removal, CLAHE, Denoising"
ISIC_0028371,"Brightness Normalization, Minimal Enhancement"
ISIC_0030063,CLAHE
ISIC_0029475,"Hair Removal, Brightness Normalization, Denoising, Minimal Enhancement"
ISIC_0029894,Minimal Enhancement
ISIC_0024378,"Brightness Normalization, Minimal Enhancement"
ISIC_0029986,"Hair Removal, Brightness Normalization, Minimal Enhancement"
ISIC_0027010,"Hair Removal, Brightness Normalization, Denoising, Minimal Enhancement"
ISIC_0026501,"Brightness Correction, Minimal Enhancement"
ISIC_0026006,"Brightness Normalization, Minimal Enhancement"
ISIC_0030064,"Hair Removal, Denoising"
ISIC_0027861,"Hair Removal, Denoising"
ISIC_0031817,"Hair Removal, Denoising"
ISIC_0032421,"Brightness Normalization, Minimal Enhancement"
ISIC_0029409,Brightness Correction
ISIC_0032364,"Hair Removal, Brightness Normalization, Minimal Enhancement"
ISIC_0026541,CLAHE
ISIC_0031281,"Denoising, Minimal Enhancement"
ISIC_0030829,"Brightness Correction, Minimal Enhancement"
ISIC_0025367,"Hair Removal, Denoising"
ISIC_0025335,"Brightness Normalization, CLAHE, Minimal Enhancement"
ISIC_0025869,CLAHE
ISIC_0025588,"Brightness Correction, Minimal Enhancement"
ISIC_0027772,"Denoising, Minimal Enhancement"
ISIC_0030688,"Brightness Normalization, CLAHE"
ISIC_0029825,CLAHE
ISIC_0028373,"Hair Removal, Brightness Normalization, Denoising, Minimal Enhancement"
ISIC_0024714,"Hair Removal, Denoising"
ISIC_0028636,Minimal Enhancement
ISIC_0025687,CLAHE
ISIC_0024855,"Brightness Normalization, Minimal Enhancement"
ISIC_0026497,"Brightness Correction, CLAHE"
ISIC_0031959,Hair Removal
ISIC_0032078,Denoising
ISIC_0027812,Minimal Enhancement
ISIC_0026561,Minimal Enhancement
ISIC_0025129,"Brightness Correction, Minimal Enhancement"
ISIC_0027049,"Hair Removal, Denoising, Minimal Enhancement"
ISIC_0027209,Denoising
ISIC_0028966,"Brightness Correction, CLAHE"
ISIC_0032443,"Brightness Normalization, Minimal Enhancement"
ISIC_0028851,Denoising
ISIC_0027408,"Hair Removal, Brightness Correction"
ISIC_0030460,"Hair Removal, Brightness Correction, Denoising"
ISIC_0030793,"Brightness Normalization, Minimal Enhancement"
ISIC_0031221,"Brightness Normalization, Minimal Enhancement"
ISIC_0025370,"Brightness Normalization, Minimal Enhancement"
ISIC_0027768,"Hair Removal, Brightness Normalization, Denoising"
ISIC_0027410,CLAHE
ISIC_0030194,"Hair Removal, CLAHE"
ISIC_0027103,Minimal Enhancement
ISIC_0028527,Minimal Enhancement
ISIC_0027244,"Brightness Correction, Minimal Enhancement"
ISIC_0027907,Minimal Enhancement
ISIC_0025870,"Hair Removal, Denoising"
ISIC_0031380,CLAHE
ISIC_0029543,Minimal Enhancement
ISIC_0029254,"Hair Removal, CLAHE, Denoising"
ISIC_0029223,CLAHE
ISIC_0030930,Brightness Correction
ISIC_0028488,"Denoising, Minimal Enhancement"
ISIC_0025863,"Hair Removal, Denoising"
ISIC_0024387,"Brightness Normalization, CLAHE"
ISIC_0028528,"Brightness Normalization, Denoising, Minimal Enhancement"
ISIC_0029945,"Hair Removal, Brightness Correction, Denoising"
ISIC_0026148,CLAHE
ISIC_0028810,
ISIC_0024869,"Hair Removal, Minimal Enhancement"
ISIC_0024723,Minimal Enhancement
ISIC_0031720,"Brightness Correction, Minimal Enhancement"
ISIC_0026382,Minimal Enhancement
ISIC_0029720,Brightness Correction
ISIC_0032150,Minimal Enhancement
ISIC_0029725,
ISIC_0024924,"Brightness Normalization, Minimal Enhancement"
ISIC_0031094,"CLAHE, Denoising"
ISIC_0032345,
ISIC_0031676,
ISIC_0032151,"Denoising, Minimal Enhancement"
ISIC_0031615,"Brightness Correction, CLAHE"
ISIC_0031592,CLAHE
ISIC_0029488,"Brightness Correction, CLAHE"
ISIC_0027099,"Brightness Normalization, Minimal Enhancement"
ISIC_0025458,Denoising
ISIC_0024664,CLAHE
ISIC_0026303,Minimal Enhancement
ISIC_0030125,"Hair Removal, Denoising"
ISIC_0025008,Minimal Enhancement
ISIC_0025735,CLAHE
ISIC_0028804,Brightness Correction
ISIC_0032191,"Brightness Normalization, Minimal Enhancement"
ISIC_0026911,Minimal Enhancement
ISIC_0030464,"Denoising, Minimal Enhancement"
ISIC_0028015,Brightness Correction
ISIC_0026781,"Brightness Normalization, Minimal Enhancement"
ISIC_0026777,"Denoising, Minimal Enhancement"
ISIC_0031268,CLAHE
ISIC_0025327,Brightness Correction
ISIC_0026839,"Brightness Normalization, CLAHE"
ISIC_0029402,Minimal Enhancement
ISIC_0027571,
ISIC_0025812,"Hair Removal, Denoising"
ISIC_0029357,"Brightness Normalization, CLAHE, Minimal Enhancement"
ISIC_0032309,"Brightness Normalization, CLAHE, Minimal Enhancement"
ISIC_0028759,Minimal Enhancement
ISIC_0029846,Minimal Enhancement
ISIC_0029194,"Brightness Normalization, Minimal Enhancement"
ISIC_0024340,"Hair Removal, Brightness Correction, CLAHE"
ISIC_0027361,
ISIC_0025823,"Hair Removal, Brightness Correction, Denoising"
ISIC_0027458,"Brightness Normalization, Minimal Enhancement"
ISIC_0027034,"Brightness Normalization, Minimal Enhancement"
ISIC_0031887,"Hair Removal, Brightness Correction, Denoising"
ISIC_0025094,"Hair Removal, Brightness Normalization, Denoising, Minimal Enhancement"
ISIC_0026421,"Hair Removal, Denoising, Minimal Enhancement"
ISIC_0026215,"Brightness Normalization, Minimal Enhancement"
ISIC_0032029,Minimal Enhancement
ISIC_0028534,"Hair Removal, Denoising"
ISIC_0030139,"Brightness Normalization, CLAHE, Minimal Enhancement"
ISIC_0031713,"Brightness Normalization, CLAHE, Minimal Enhancement"
ISIC_0032027,Minimal Enhancement
ISIC_0029976,CLAHE
ISIC_0031001,CLAHE
ISIC_0030406,"Brightness Normalization, CLAHE, Denoising"
ISIC_0026633,Denoising
ISIC_0027421,"Hair Removal, Denoising"
ISIC_0028222,"CLAHE, Denoising"
ISIC_0027086,"Brightness Normalization, Minimal Enhancement"
ISIC_0025689,"Brightness Normalization, Minimal Enhancement"
ISIC_0026055,Minimal Enhancement
ISIC_0027645,"Brightness Normalization, CLAHE"
ISIC_0030979,"Brightness Correction, Denoising"
ISIC_0028145,CLAHE
ISIC_0027709,"Hair Removal, Brightness Correction, Denoising"
ISIC_0031674,Denoising
ISIC_0025834,"Denoising, Minimal Enhancement"
ISIC_0029982,Denoising
ISIC_0031622,"Brightness Normalization, CLAHE, Minimal Enhancement"
ISIC_0028368,"Hair Removal, Brightness Correction, Denoising"
ISIC_0028843,Hair Removal
ISIC_0026237,CLAHE
ISIC_0025547,CLAHE
ISIC_0027548,Minimal Enhancement
ISIC_0026826,"Hair Removal, Denoising"
ISIC_0028961,Minimal Enhancement
ISIC_0031080,"Hair Removal, Brightness Correction, Denoising, Minimal Enhancement"
ISIC_0025909,
ISIC_0028831,Brightness Correction
ISIC_0028045,"Brightness Normalization, CLAHE"
ISIC_0030053,"Hair Removal, CLAHE, Denoising"
ISIC_0026743,Brightness Correction
ISIC_0028793,"Brightness Correction, Minimal Enhancement"
ISIC_0025671,Minimal Enhancement
ISIC_0026341,"Brightness Correction, CLAHE"
ISIC_0027697,CLAHE
ISIC_0025789,"Brightness Normalization, CLAHE"
ISIC_0028509,"Hair Removal, Denoising"
ISIC_0029435,
ISIC_0026608,Brightness Correction
ISIC_0030334,Minimal Enhancement
ISIC_0028235,Minimal Enhancement
ISIC_0025850,Minimal Enhancement
ISIC_0029187,"Brightness Normalization, CLAHE"
ISIC_0025905,"Hair Removal, Brightness Normalization, Denoising"
ISIC_0030184,"Hair Removal, Brightness Normalization, Minimal Enhancement"
ISIC_0028098,Brightness Correction
ISIC_0025631,Denoising
ISIC_0031337,"Brightness Normalization, CLAHE"
ISIC_0030473,"Hair Removal, Denoising"
ISIC_0025907,CLAHE
ISIC_0027113,"Brightness Normalization, Minimal Enhancement"
ISIC_0030859,"CLAHE, Minimal Enhancement"
ISIC_0030350,"Hair Removal, Brightness Correction"
ISIC_0024831,CLAHE
ISIC_0026869,
ISIC_0026186,"Brightness Correction, Denoising"
ISIC_0025156,"Hair Removal, Denoising"
ISIC_0031440,CLAHE
ISIC_0027852,Brightness Correction
ISIC_0031975,"Brightness Correction, Denoising"
ISIC_0028195,Hair Removal
ISIC_0025300,
ISIC_0028823,"Brightness Normalization, CLAHE, Minimal Enhancement"
ISIC_0031501,Brightness Correction
ISIC_0032910,Minimal Enhancement
ISIC_0025610,
ISIC_0024615,"Brightness Correction, Minimal Enhancement"
ISIC_0029354,"Hair Removal, Brightness Correction, CLAHE, Denoising"
ISIC_0031748,CLAHE
ISIC_0025555,
ISIC_0032242,Brightness Correction
ISIC_0024317,"Brightness Correction, Minimal Enhancement"
ISIC_0028751,Denoising
ISIC_0027024,"Brightness Normalization, Minimal Enhancement"
ISIC_0025402,"Brightness Normalization, CLAHE, Minimal Enhancement"
ISIC_0033745,Minimal Enhancement
ISIC_0033112,"Hair Removal, Brightness Normalization, Denoising, Minimal Enhancement"
ISIC_0033380,
ISIC_0030326,"Hair Removal, CLAHE, Denoising"
ISIC_0025598,"Hair Removal, Minimal Enhancement"
ISIC_0033356,"CLAHE, Denoising"
ISIC_0033998,"Hair Removal, Brightness Correction, Denoising"
ISIC_0030303,"Hair Removal, Brightness Correction, Denoising"
ISIC_0026544,"Brightness Normalization, Minimal Enhancement"
ISIC_0032470,"Brightness Normalization, CLAHE"
ISIC_0029826,"Hair Removal, CLAHE, Denoising"
ISIC_0025352,"Hair Removal, Denoising, Minimal Enhancement"
ISIC_0029179,"Hair Removal, Denoising"
ISIC_0025158,"Brightness Correction, CLAHE"
ISIC_0025336,"Hair Removal, Denoising"
ISIC_0028977,"Brightness Normalization, CLAHE"
ISIC_0026403,CLAHE
ISIC_0029491,Brightness Correction
ISIC_0025641,Brightness Correction
ISIC_0026494,"Hair Removal, Brightness Correction, Denoising"
ISIC_0025228,"Hair Removal, Brightness Normalization, Denoising, Minimal Enhancement"
ISIC_0029422,Minimal Enhancement
ISIC_0031158,CLAHE
ISIC_0029728,"Hair Removal, Denoising"
ISIC_0032181,
ISIC_0033859,Minimal Enhancement
ISIC_0031546,"Brightness Normalization, Minimal Enhancement"
ISIC_0025049,
ISIC_0028287,Minimal Enhancement
ISIC_0026423,CLAHE
ISIC_0026432,CLAHE
ISIC_0033423,"Hair Removal, CLAHE, Denoising"
ISIC_0033846,Minimal Enhancement
ISIC_0033315,"Hair Removal, Brightness Normalization, Minimal Enhancement"
ISIC_0032691,Minimal Enhancement
ISIC_0032540,Minimal Enhancement
ISIC_0032573,"Brightness Normalization, CLAHE"
ISIC_0032633,"Hair Removal, Denoising"
ISIC_0032007,
ISIC_0034298,"Hair Removal, Denoising"
ISIC_0033686,CLAHE
ISIC_0033251,Minimal Enhancement
ISIC_0033402,Minimal Enhancement
ISIC_0034204,"Hair Removal, Brightness Correction"
ISIC_0030462,"Brightness Correction, CLAHE"
ISIC_0033971,"Brightness Normalization, CLAHE, Denoising"
ISIC_0032527,"Hair Removal, Denoising"
ISIC_0032964,"Hair Removal, Denoising"
ISIC_0033347,Minimal Enhancement
ISIC_0032668,CLAHE
ISIC_0032891,CLAHE
ISIC_0033555,Minimal Enhancement
ISIC_0033963,"Hair Removal, CLAHE, Denoising"
ISIC_0033793,"Hair Removal, Brightness Correction, Denoising"
ISIC_0033363,
ISIC_0033058,"Brightness Correction, CLAHE"
ISIC_0032924,
ISIC_0033712,"Hair Removal, Brightness Correction, Denoising"
ISIC_0032771,"Brightness Normalization, Minimal Enhancement"
ISIC_0033297,
ISIC_0030845,
ISIC_0032555,CLAHE
ISIC_0034254,"Hair Removal, Brightness Correction, Denoising"
ISIC_0033852,"Brightness Normalization, Minimal Enhancement"
ISIC_0033775,"Hair Removal, CLAHE, Denoising"
ISIC_0033561,Denoising
ISIC_0034225,"Brightness Normalization, CLAHE"
ISIC_0032916,Minimal Enhancement
ISIC_0033756,
ISIC_0025619,Minimal Enhancement
ISIC_0033823,"Brightness Normalization, CLAHE, Denoising"
ISIC_0032954,CLAHE
ISIC_0033371,Denoising
ISIC_0033348,"Brightness Correction, CLAHE"
ISIC_0033048,"Hair Removal, Brightness Correction, CLAHE, Denoising"
ISIC_0033870,"Brightness Normalization, Minimal Enhancement"
ISIC_0033032,CLAHE
ISIC_0034227,"Brightness Correction, Minimal Enhancement"
ISIC_0033563,Denoising
ISIC_0031613,CLAHE
ISIC_0029553,"Denoising, Minimal Enhancement"
ISIC_0029953,"Brightness Normalization, CLAHE, Minimal Enhancement"
ISIC_0033276,"Brightness Correction, CLAHE"
ISIC_0034083,"Brightness Normalization, Minimal Enhancement"
ISIC_0033316,"Brightness Normalization, Minimal Enhancement"
ISIC_0026618,CLAHE
ISIC_0026670,"Brightness Normalization, Denoising, Minimal Enhancement"
ISIC_0025456,Minimal Enhancement
ISIC_0034079,"Hair Removal, Brightness Correction, Denoising"
ISIC_0033327,
ISIC_0032871,"Hair Removal, Denoising, Minimal Enhancement"
ISIC_0034290,Minimal Enhancement
ISIC_0033165,"Brightness Normalization, CLAHE"
ISIC_0033430,"Hair Removal, Brightness Correction, Denoising"
ISIC_0027643,CLAHE
ISIC_0027087,"Brightness Correction, CLAHE, Denoising"
ISIC_0030851,Minimal Enhancement
ISIC_0033227,"Hair Removal, Denoising, Minimal Enhancement"
ISIC_0033365,"Brightness Normalization, Minimal Enhancement"
ISIC_0033767,Minimal Enhancement
ISIC_0033755,Minimal Enhancement
ISIC_0033625,
ISIC_0032362,"Hair Removal, CLAHE"
ISIC_0032739,Minimal Enhancement
ISIC_0032874,"Hair Removal, Brightness Correction, CLAHE, Denoising"
ISIC_0032590,CLAHE
ISIC_0033549,Minimal Enhancement
ISIC_0033921,Minimal Enhancement
ISIC_0033959,"Hair Removal, Brightness Normalization, Minimal Enhancement"
ISIC_0032914,Brightness Correction
ISIC_0033309,"Brightness Correction, CLAHE"
ISIC_0034267,
ISIC_0033137,"Brightness Correction, CLAHE, Denoising"
ISIC_0032953,"CLAHE, Denoising"
ISIC_0026584,"Brightness Normalization, CLAHE, Minimal Enhancement"
ISIC_0028110,"Hair Removal, Brightness Correction, Denoising"
ISIC_0034110,"Brightness Correction, CLAHE"
ISIC_0025160,Minimal Enhancement
ISIC_0033389,Minimal Enhancement
ISIC_0031904,Minimal Enhancement
ISIC_0025239,Minimal Enhancement
ISIC_0034234,"Brightness Correction, Denoising"
ISIC_0033308,"Brightness Normalization, CLAHE, Minimal Enhancement"
ISIC_0034274,CLAHE
ISIC_0033331,Brightness Correction
ISIC_0034192,"Brightness Normalization, Minimal Enhancement"
ISIC_0033689,"Brightness Correction, CLAHE, Denoising"
ISIC_0030546,
ISIC_0033989,"Brightness Correction, CLAHE"
ISIC_0032977,"Denoising, Minimal Enhancement"
ISIC_0033664,"Hair Removal, Denoising, Minimal Enhancement"
ISIC_0033759,"Hair Removal, Denoising, Minimal Enhancement"
ISIC_0034144,"CLAHE, Denoising"
ISIC_0032992,"Brightness Normalization, Minimal Enhancement"
ISIC_0026177,"Brightness Normalization, CLAHE"
ISIC_0026979,"Brightness Normalization, CLAHE, Minimal Enhancement"
ISIC_0032950,"Hair Removal, Brightness Correction, Denoising"
ISIC_0034156,"Brightness Correction, CLAHE"
ISIC_0025713,"Brightness Normalization, Minimal Enhancement"
ISIC_0034136,Brightness Correction
ISIC_0033386,"Hair Removal, CLAHE, Denoising"
ISIC_0033003,Brightness Correction
ISIC_0033253,"Hair Removal, Denoising, Minimal Enhancement"
ISIC_0033974,"Brightness Normalization, CLAHE, Denoising, Minimal Enhancement"
ISIC_0033941,"Brightness Correction, CLAHE"
ISIC_0033919,"Hair Removal, Denoising"
ISIC_0033640,"Hair Removal, Brightness Normalization, Denoising"
ISIC_0033927,"Brightness Normalization, Minimal Enhancement"
ISIC_0032664,"Hair Removal, CLAHE, Denoising"
ISIC_0033461,
ISIC_0033511,"Brightness Normalization, CLAHE, Minimal Enhancement"
ISIC_0025990,"Hair Removal, Brightness Correction, CLAHE"
ISIC_0025778,"Hair Removal, Brightness Correction, Denoising"
ISIC_0027250,"Hair Removal, Denoising"
ISIC_0025309,Minimal Enhancement
ISIC_0031466,Minimal Enhancement
ISIC_0031048,"Brightness Normalization, Denoising, Minimal Enhancement"
ISIC_0031694,
ISIC_0025978,"Brightness Correction, CLAHE"
ISIC_0027432,"Brightness Normalization, Minimal Enhancement"
ISIC_0024907,Brightness Correction
ISIC_0028214,CLAHE
ISIC_0025453,"Brightness Normalization, Minimal Enhancement"
ISIC_0026883,"Hair Removal, Brightness Correction, Denoising"
ISIC_0031412,Brightness Correction
ISIC_0025261,"Hair Removal, Denoising, Minimal Enhancement"
ISIC_0027654,Brightness Correction
ISIC_0029656,"CLAHE, Denoising"
ISIC_0025421,"Hair Removal, Brightness Normalization, Denoising, Minimal Enhancement"
ISIC_0029405,Minimal Enhancement
ISIC_0025786,"Hair Removal, Denoising, Minimal Enhancement"
ISIC_0025525,"Brightness Normalization, Minimal Enhancement"
ISIC_0027847,CLAHE
ISIC_0030709,"Brightness Normalization, Minimal Enhancement"
ISIC_0024730,"Brightness Normalization, Minimal Enhancement"
ISIC_0030765,"Hair Removal, Denoising"
ISIC_0028780,"Brightness Normalization, CLAHE, Minimal Enhancement"
ISIC_0029902,Brightness Correction
ISIC_0025871,"Brightness Normalization, CLAHE, Denoising"
ISIC_0031988,"Hair Removal, Brightness Normalization, Minimal Enhancement"
ISIC_0026502,"Brightness Correction, CLAHE, Denoising"
ISIC_0032082,"Hair Removal, Denoising, Minimal Enhancement"
ISIC_0027072,"Brightness Normalization, Minimal Enhancement"
ISIC_0030378,"Brightness Normalization, CLAHE"
ISIC_0024344,"Denoising, Minimal Enhancement"
ISIC_0025836,Minimal Enhancement
ISIC_0026384,CLAHE
ISIC_0028436,
ISIC_0029662,"Hair Removal, Brightness Correction, Denoising"
ISIC_0030582,CLAHE
ISIC_0025001,
ISIC_0028800,Denoising
ISIC_0029636,CLAHE
ISIC_0027931,"Hair Removal, Brightness Correction, CLAHE, Denoising"
ISIC_0028500,Hair Removal
ISIC_0032374,Brightness Correction
ISIC_0025855,
ISIC_0026084,"Hair Removal, Brightness Correction, Denoising, Minimal Enhancement"
ISIC_0025262,
ISIC_0030085,"Hair Removal, Denoising"
ISIC_0029348,"Hair Removal, Brightness Correction, Denoising"
ISIC_0031202,"Brightness Normalization, Denoising, Minimal Enhancement"
ISIC_0030892,"Hair Removal, Brightness Normalization, CLAHE, Denoising"
ISIC_0030429,CLAHE
ISIC_0028159,Minimal Enhancement
ISIC_0030899,
ISIC_0031757,
ISIC_0025541,"Brightness Correction, Denoising"
ISIC_0025117,CLAHE
ISIC_0032009,"Hair Removal, Denoising"
ISIC_0032641,"Denoising, Minimal Enhancement"
ISIC_0033345,
ISIC_0032711,"Hair Removal, Minimal Enhancement"
ISIC_0033207,"Denoising, Minimal Enhancement"
ISIC_0032558,"Brightness Normalization, CLAHE"
ISIC_0034146,Hair Removal
ISIC_0033964,"Brightness Correction, CLAHE"
ISIC_0032951,Minimal Enhancement
ISIC_0033652,"Brightness Normalization, CLAHE, Minimal Enhancement"
ISIC_0033944,Denoising
ISIC_0032717,"Brightness Normalization, Minimal Enhancement"
ISIC_0032651,
ISIC_0033699,"Brightness Normalization, Minimal Enhancement"
ISIC_0033915,CLAHE
ISIC_0032784,"Hair Removal, Brightness Normalization, Minimal Enhancement"
ISIC_0033459,Brightness Correction
ISIC_0032710,"Brightness Normalization, Minimal Enhancement"
ISIC_0032767,"Brightness Correction, CLAHE"
ISIC_0033503,"Hair Removal, Denoising"
ISIC_0033795,"Hair Removal, Brightness Normalization, Minimal Enhancement"
ISIC_0032679,Minimal Enhancement
ISIC_0032529,CLAHE
ISIC_0033119,"Hair Removal, Denoising, Minimal Enhancement"
ISIC_0033850,Hair Removal
ISIC_0032671,"Brightness Normalization, CLAHE, Denoising, Minimal Enhancement"
ISIC_0032566,Minimal Enhancement
ISIC_0033059,Minimal Enhancement
ISIC_0033113,
ISIC_0033547,CLAHE
ISIC_0033172,"Brightness Correction, CLAHE"
ISIC_0033326,Hair Removal
ISIC_0032743,"Brightness Normalization, Denoising, Minimal Enhancement"
ISIC_0033292,"Hair Removal, Brightness Normalization, Minimal Enhancement"
ISIC_0033610,"Brightness Normalization, Minimal Enhancement"
ISIC_0033100,"Brightness Normalization, Minimal Enhancement"
ISIC_0033388,"Brightness Normalization, Minimal Enhancement"
ISIC_0033009,"Brightness Correction, CLAHE, Denoising"
ISIC_0032928,"Hair Removal, Denoising"
ISIC_0032666,
ISIC_0033157,"Hair Removal, Brightness Correction, Denoising"
ISIC_0032811,"Brightness Normalization, Minimal Enhancement"
ISIC_0034131,"Brightness Normalization, Minimal Enhancement"
ISIC_0032901,
ISIC_0033370,"Brightness Normalization, Minimal Enhancement"
ISIC_0033521,Brightness Correction
ISIC_0032623,
ISIC_0032821,"Brightness Normalization, CLAHE, Denoising, Minimal Enhancement"
ISIC_0032783,"Denoising, Minimal Enhancement"
ISIC_0034139,"Brightness Normalization, Minimal Enhancement"
ISIC_0034133,"Brightness Normalization, Minimal Enhancement"
ISIC_0034042,"Brightness Normalization, CLAHE, Minimal Enhancement"
ISIC_0032595,"Brightness Correction, Denoising"
ISIC_0034281,Denoising
ISIC_0034152,"Hair Removal, Brightness Normalization, Denoising, Minimal Enhancement"
ISIC_0033739,"Brightness Correction, CLAHE"
ISIC_0034020,
ISIC_0033727,Minimal Enhancement
ISIC_0033827,"Brightness Normalization, Minimal Enhancement"
ISIC_0033497,"Brightness Normalization, CLAHE"
ISIC_0034308,CLAHE
ISIC_0032957,Minimal Enhancement
ISIC_0033334,"Brightness Normalization, CLAHE, Minimal Enhancement"
ISIC_0034273,"Brightness Normalization, Minimal Enhancement"
ISIC_0032805,Minimal Enhancement
ISIC_0032753,Minimal Enhancement
ISIC_0033706,"Hair Removal, Brightness Correction, Denoising"
ISIC_0033097,Minimal Enhancement
ISIC_0034014,"Brightness Normalization, CLAHE, Minimal Enhancement"
ISIC_0034320,CLAHE
ISIC_0032549,"Hair Removal, Denoising"
ISIC_0033633,"Hair Removal, Brightness Correction, Denoising"
ISIC_0034199,CLAHE
ISIC_0032998,"Brightness Normalization, Minimal Enhancement"
ISIC_0032902,"Hair Removal, Brightness Correction"
ISIC_0032948,CLAHE
ISIC_0034264,Brightness Correction
ISIC_0033657,"Hair Removal, Brightness Correction, Denoising"
ISIC_0034038,"Hair Removal, Brightness Normalization, Minimal Enhancement"
ISIC_0033070,Minimal Enhancement
ISIC_0033837,
ISIC_0032612,"Brightness Correction, CLAHE"
ISIC_0034039,"Brightness Correction, Denoising"
ISIC_0032785,"Hair Removal, Denoising"
ISIC_0032563,Minimal Enhancement
ISIC_0033071,"Brightness Normalization, CLAHE, Denoising, Minimal Enhancement"
ISIC_0034086,Brightness Correction
ISIC_0032577,Brightness Correction
ISIC_0033753,CLAHE
ISIC_0033242,Brightness Correction
ISIC_0032619,Minimal Enhancement
ISIC_0032742,"Hair Removal, Brightness Normalization, Denoising, Minimal Enhancement"
ISIC_0032961,Minimal Enhancement
ISIC_0034112,Brightness Correction
ISIC_0033296,"Brightness Normalization, CLAHE, Minimal Enhancement"
ISIC_0033838,"Hair Removal, Brightness Normalization, Denoising, Minimal Enhancement"
ISIC_0033409,Minimal Enhancement
ISIC_0033990,"Brightness Normalization, CLAHE"
ISIC_0032937,"Brightness Normalization, Minimal Enhancement"
ISIC_0032585,Minimal Enhancement
ISIC_0032899,"Hair Removal, Minimal Enhancement"
ISIC_0034157,Hair Removal
ISIC_0033231,Hair Removal
ISIC_0033035,Minimal Enhancement
ISIC_0032525,"Hair Removal, Brightness Correction, Denoising"
ISIC_0033233,"Brightness Correction, CLAHE"
ISIC_0032770,"Brightness Normalization, Denoising, Minimal Enhancement"
ISIC_0034184,"Brightness Normalization, Minimal Enhancement"
ISIC_0033385,"Hair Removal, Brightness Normalization, Denoising, Minimal Enhancement"
ISIC_0033471,
ISIC_0032831,"Brightness Normalization, Minimal Enhancement"
ISIC_0032780,"Hair Removal, Brightness Normalization, Minimal Enhancement"
ISIC_0033849,"Brightness Normalization, Minimal Enhancement"
ISIC_0032861,
ISIC_0033984,"Brightness Correction, CLAHE"
ISIC_0032640,
ISIC_0032568,"Brightness Normalization, CLAHE"
ISIC_0033126,"Brightness Normalization, Denoising, Minimal Enhancement"
ISIC_0034099,"Brightness Normalization, Minimal Enhancement"
ISIC_0032599,Minimal Enhancement
ISIC_0033472,"Brightness Normalization, CLAHE"
ISIC_0032667,"Brightness Normalization, Minimal Enhancement"
ISIC_0033648,Brightness Correction
ISIC_0032825,Minimal Enhancement
ISIC_0032803,"Brightness Normalization, CLAHE"
ISIC_0033798,"Brightness Correction, Denoising, Minimal Enhancement"
ISIC_0033014,Minimal Enhancement
ISIC_0032516,"Brightness Normalization, Denoising, Minimal Enhancement"
ISIC_0032520,"Brightness Normalization, CLAHE, Minimal Enhancement"
ISIC_0032832,"Hair Removal, Brightness Normalization, Denoising, Minimal Enhancement"
ISIC_0033917,Hair Removal
ISIC_0032815,"Brightness Normalization, CLAHE, Minimal Enhancement"
ISIC_0033094,"Brightness Normalization, Minimal Enhancement"
ISIC_0033162,"Brightness Normalization, CLAHE"
ISIC_0033475,"Denoising, Minimal Enhancement"
ISIC_0033210,CLAHE
ISIC_0033219,"Brightness Correction, Minimal Enhancement"
ISIC_0032885,CLAHE
ISIC_0033291,"Hair Removal, Denoising"
ISIC_0034102,"Brightness Normalization, CLAHE, Minimal Enhancement"
ISIC_0033988,"Brightness Normalization, Minimal Enhancement"
ISIC_0032859,"Brightness Normalization, Minimal Enhancement"
ISIC_0032795,"Brightness Normalization, Minimal Enhancement"
ISIC_0034105,"Hair Removal, Minimal Enhancement"
ISIC_0033138,"Brightness Normalization, Minimal Enhancement"
ISIC_0032728,Brightness Correction
ISIC_0034319,CLAHE
ISIC_0033748,Minimal Enhancement
ISIC_0034044,"Hair Removal, Brightness Normalization, Minimal Enhancement"
ISIC_0032864,CLAHE
ISIC_0033763,Denoising
ISIC_0033650,"Hair Removal, Denoising"
ISIC_0033992,Minimal Enhancement
ISIC_0033715,CLAHE
ISIC_0033920,Minimal Enhancement
ISIC_0033825,"Brightness Correction, CLAHE"
ISIC_0033857,"Hair Removal, Brightness Correction, Denoising"
ISIC_0032731,"Hair Removal, Brightness Normalization, Minimal Enhancement"
ISIC_0033069,"Brightness Normalization, Minimal Enhancement"
ISIC_0032735,
ISIC_0033840,"Brightness Correction, Minimal Enhancement"
ISIC_0033632,"Hair Removal, Denoising"
ISIC_0034025,Minimal Enhancement
ISIC_0033182,Brightness Correction
ISIC_0034257,CLAHE
ISIC_0032999,"Brightness Normalization, CLAHE"
ISIC_0032669,CLAHE
ISIC_0033236,"Hair Removal, Brightness Correction, Denoising"
ISIC_0032802,Minimal Enhancement
ISIC_0032551,"Brightness Normalization, Minimal Enhancement"
ISIC_0033544,"Brightness Normalization, CLAHE"
ISIC_0032749,Brightness Correction
ISIC_0034091,Minimal Enhancement
ISIC_0033738,"Brightness Normalization, Denoising, Minimal Enhancement"
ISIC_0033510,Minimal Enhancement
ISIC_0033222,Denoising
ISIC_0032546,"Hair Removal, Brightness Correction, Denoising"
ISIC_0032521,Denoising
ISIC_0032674,
ISIC_0033958,"Brightness Correction, CLAHE"
ISIC_0032989,
ISIC_0033618,Minimal Enhancement
ISIC_0033016,"Brightness Normalization, Minimal Enhancement"
ISIC_0033906,"Hair Removal, Brightness Correction"
ISIC_0033298,"Hair Removal, Minimal Enhancement"
ISIC_0034210,Brightness Correction
ISIC_0026810,Minimal Enhancement
ISIC_0033351,"Brightness Normalization, CLAHE"
ISIC_0033131,Brightness Correction
ISIC_0033090,Minimal Enhancement
ISIC_0033832,Minimal Enhancement
ISIC_0032893,"Brightness Normalization, Minimal Enhancement"
ISIC_0032683,Minimal Enhancement
ISIC_0034111,
ISIC_0032676,Brightness Correction
ISIC_0034077,"Hair Removal, Brightness Correction"
ISIC_0033641,"Brightness Normalization, Denoising, Minimal Enhancement"
ISIC_0033527,"Hair Removal, Brightness Correction, Denoising"
ISIC_0032895,"Brightness Normalization, Minimal Enhancement"
ISIC_0033091,"Hair Removal, Denoising"
ISIC_0034138,"Brightness Correction, CLAHE, Denoising"
ISIC_0032971,Minimal Enhancement
ISIC_0032781,"Brightness Normalization, Minimal Enhancement"
ISIC_0033237,"Brightness Correction, Minimal Enhancement"
ISIC_0032747,
ISIC_0034286,Minimal Enhancement
ISIC_0033373,CLAHE
ISIC_0033170,CLAHE
ISIC_0032680,Minimal Enhancement
ISIC_0033674,Brightness Correction
ISIC_0032542,
ISIC_0034224,"Brightness Correction, Minimal Enhancement"
ISIC_0033411,"Hair Removal, Brightness Normalization, Minimal Enhancement"
ISIC_0034096,"Brightness Normalization, Minimal Enhancement"
ISIC_0033382,"Hair Removal, Brightness Normalization, Denoising, Minimal Enhancement"
ISIC_0034288,"Brightness Normalization, Minimal Enhancement"
ISIC_0033420,
ISIC_0032661,"Hair Removal, Brightness Correction"
ISIC_0032587,"Brightness Normalization, CLAHE"
ISIC_0033824,"Hair Removal, Brightness Normalization, Denoising, Minimal Enhancement"
ISIC_0033830,Minimal Enhancement
ISIC_0032838,"Brightness Normalization, Minimal Enhancement"
ISIC_0034230,Minimal Enhancement
ISIC_0033057,"Hair Removal, CLAHE"
ISIC_0034300,"Hair Removal, Denoising, Minimal Enhancement"
ISIC_0033155,"Hair Removal, CLAHE"
ISIC_0032609,"Brightness Normalization, Minimal Enhancement"
ISIC_0033729,"Brightness Normalization, Minimal Enhancement"
ISIC_0034307,Minimal Enhancement
ISIC_0034137,Minimal Enhancement
ISIC_0032761,CLAHE
ISIC_0033160,"Hair Removal, Brightness Correction, Denoising"
ISIC_0033930,"Brightness Normalization, Minimal Enhancement"
ISIC_0033096,"Hair Removal, Denoising"
ISIC_0033972,CLAHE
ISIC_0033367,Minimal Enhancement
ISIC_0033904,"Hair Removal, Brightness Correction, CLAHE, Denoising"
ISIC_0033342,"Hair Removal, Brightness Correction, Denoising"
ISIC_0033265,"Brightness Normalization, Minimal Enhancement"
ISIC_0032704,"Hair Removal, Brightness Correction"
ISIC_0033289,Minimal Enhancement
ISIC_0032822,"Hair Removal, Denoising"
ISIC_0033283,
ISIC_0033359,CLAHE
ISIC_0032905,"Brightness Normalization, CLAHE, Minimal Enhancement"
ISIC_0034001,"Brightness Normalization, Denoising, Minimal Enhancement"
ISIC_0032560,"Brightness Correction, Minimal Enhancement"
ISIC_0033427,"Brightness Normalization, Minimal Enhancement"
ISIC_0033948,"Brightness Normalization, CLAHE"
ISIC_0033680,Brightness Correction
ISIC_0033085,"Brightness Correction, CLAHE, Denoising"
ISIC_0033976,"Brightness Normalization, Minimal Enhancement"
ISIC_0034030,"Hair Removal, Brightness Normalization, Minimal Enhancement"
ISIC_0034179,"Brightness Correction, CLAHE, Denoising"
ISIC_0034206,CLAHE
ISIC_0032980,"Brightness Correction, CLAHE"
ISIC_0034314,Minimal Enhancement
ISIC_0034174,"Brightness Normalization, CLAHE, Minimal Enhancement"
ISIC_0028684,"Hair Removal, CLAHE, Denoising"
ISIC_0033983,"Brightness Correction, Minimal Enhancement"
ISIC_0025372,
ISIC_0033018,"Brightness Normalization, Minimal Enhancement"
ISIC_0032541,"Brightness Normalization, CLAHE, Minimal Enhancement"
ISIC_0032515,"Hair Removal, Minimal Enhancement"
ISIC_0025009,Minimal Enhancement
ISIC_0033492,Minimal Enhancement
ISIC_0032548,"Brightness Normalization, Minimal Enhancement"
ISIC_0033106,"Hair Removal, Brightness Correction, Denoising"
ISIC_0033506,"Brightness Normalization, CLAHE, Denoising"
ISIC_0033600,"Hair Removal, Brightness Correction, CLAHE, Denoising"
ISIC_0033714,Denoising
ISIC_0034190,"Brightness Normalization, Minimal Enhancement"
ISIC_0033605,"Hair Removal, Brightness Correction, Denoising"
ISIC_0033961,CLAHE
ISIC_0033702,"Brightness Normalization, CLAHE"
ISIC_0033318,Minimal Enhancement
ISIC_0032615,"Brightness Normalization, Minimal Enhancement"
ISIC_0033862,"Brightness Normalization, Minimal Enhancement"
ISIC_0032942,"Hair Removal, Brightness Correction, Denoising"
ISIC_0025587,"Brightness Correction, Minimal Enhancement"
ISIC_0032628,
ISIC_0033110,"Brightness Normalization, Denoising, Minimal Enhancement"
ISIC_0032701,"Brightness Correction, Minimal Enhancement"
ISIC_0034153,"Brightness Normalization, CLAHE, Minimal Enhancement"
ISIC_0034017,
ISIC_0034215,CLAHE
ISIC_0033743,
ISIC_0033833,Minimal Enhancement
ISIC_0032512,"Hair Removal, Brightness Correction, Denoising"
ISIC_0034149,"Brightness Normalization, Minimal Enhancement"
ISIC_0033800,Brightness Correction
ISIC_0033163,Minimal Enhancement
ISIC_0033887,"Brightness Normalization, Minimal Enhancement"
ISIC_0033145,"Hair Removal, Brightness Correction, CLAHE, Denoising"
ISIC_0033799,Minimal Enhancement
ISIC_0032646,Minimal Enhancement
ISIC_0033627,
ISIC_0033803,"Hair Removal, Denoising"
ISIC_0032860,"Brightness Normalization, Minimal Enhancement"
ISIC_0034292,
ISIC_0034207,Hair Removal
ISIC_0033408,"Brightness Normalization, Minimal Enhancement"
ISIC_0033621,"Brightness Normalization, CLAHE, Minimal Enhancement"
ISIC_0034116,"Hair Removal, Brightness Correction, Denoising"
ISIC_0034073,"Hair Removal, Brightness Normalization, Minimal Enhancement"
ISIC_0032702,"Hair Removal, Minimal Enhancement"
ISIC_0033667,Brightness Correction
ISIC_0033107,"Brightness Normalization, Minimal Enhancement"
ISIC_0032882,"Brightness Normalization, Minimal Enhancement"
ISIC_0034078,"Hair Removal, CLAHE, Denoising"
ISIC_0032818,"Brightness Correction, Minimal Enhancement"
ISIC_0034060,Minimal Enhancement
ISIC_0033002,CLAHE
ISIC_0033683,"Hair Removal, Brightness Correction, Denoising"
ISIC_0032524,"Brightness Normalization, CLAHE, Minimal Enhancement"
ISIC_0033376,CLAHE
ISIC_0033796,Minimal Enhancement
ISIC_0033121,Minimal Enhancement
ISIC_0034158,Hair Removal
ISIC_0033213,Minimal Enhancement
ISIC_0033897,"Brightness Normalization, CLAHE, Minimal Enhancement"
ISIC_0033694,Minimal Enhancement
ISIC_0034013,"Brightness Normalization, CLAHE, Minimal Enhancement"
ISIC_0032705,"Brightness Normalization, Minimal Enhancement"
ISIC_0034198,"Brightness Normalization, Minimal Enhancement"
ISIC_0033658,"Brightness Normalization, CLAHE, Minimal Enhancement"
ISIC_0033046,Minimal Enhancement
ISIC_0032689,"Brightness Normalization, Minimal Enhancement"
ISIC_0034088,Brightness Correction
ISIC_0034268,"Hair Removal, Denoising"
ISIC_0032908,"Brightness Normalization, Minimal Enhancement"
ISIC_0034203,Hair Removal
ISIC_0033311,
ISIC_0032700,"Brightness Normalization, Minimal Enhancement"
ISIC_0032608,Brightness Correction
ISIC_0032746,"Brightness Normalization, Denoising, Minimal Enhancement"
ISIC_0033266,CLAHE
ISIC_0033188,"Brightness Normalization, CLAHE"
ISIC_0033067,Denoising
ISIC_0032787,CLAHE
ISIC_0033936,"Brightness Normalization, Minimal Enhancement"
ISIC_0034121,"Hair Removal, Brightness Correction, Minimal Enhancement"
ISIC_0034232,"Hair Removal, Denoising, Minimal Enhancement"
ISIC_0034282,"Hair Removal, Denoising, Minimal Enhancement"
ISIC_0033357,"Brightness Correction, CLAHE"
ISIC_0034178,Minimal Enhancement
ISIC_0033517,Minimal Enhancement
ISIC_0033513,"Brightness Correction, CLAHE, Denoising"
ISIC_0033649,"Hair Removal, Denoising"
ISIC_0033404,
ISIC_0033478,"Brightness Normalization, Minimal Enhancement"
ISIC_0032707,CLAHE
ISIC_0034311,CLAHE
ISIC_0032786,"Brightness Normalization, Minimal Enhancement"
ISIC_0033788,Minimal Enhancement
ISIC_0033150,"Brightness Correction, CLAHE, Denoising"
ISIC_0033698,"Brightness Normalization, CLAHE, Minimal Enhancement"
ISIC_0034240,CLAHE
ISIC_0033220,
ISIC_0032817,CLAHE
ISIC_0032820,CLAHE
ISIC_0032853,"Hair Removal, CLAHE, Denoising"
ISIC_0034148,Brightness Correction
ISIC_0034241,"Brightness Normalization, Minimal Enhancement"
ISIC_0033665,Minimal Enhancement
ISIC_0032813,"Brightness Correction, CLAHE"
ISIC_0033558,CLAHE
ISIC_0033590,"Hair Removal, Brightness Correction, Denoising"
ISIC_0033303,Brightness Correction
ISIC_0032584,Minimal Enhancement
ISIC_0033731,"Hair Removal, Denoising, Minimal Enhancement"
ISIC_0032644,"Brightness Normalization, Minimal Enhancement"
ISIC_0033637,"Brightness Correction, CLAHE"
ISIC_0033566,"Hair Removal, Denoising, Minimal Enhancement"
ISIC_0033263,Denoising
ISIC_0033815,CLAHE
ISIC_0034194,"Hair Removal, Brightness Correction"
ISIC_0032969,Minimal Enhancement
ISIC_0033894,"Hair Removal, Brightness Correction"
ISIC_0033933,Hair Removal
ISIC_0033447,"Brightness Correction, CLAHE"
ISIC_0033639,Minimal Enhancement
ISIC_0033282,CLAHE
ISIC_0032729,CLAHE
ISIC_0033076,"Brightness Normalization, Minimal Enhancement"
ISIC_0033194,"Hair Removal, Brightness Normalization, Denoising, Minimal Enhancement"
ISIC_0034258,Brightness Correction
ISIC_0034023,"Hair Removal, Brightness Normalization, CLAHE"
ISIC_0033243,Minimal Enhancement
ISIC_0032648,
ISIC_0032620,"Hair Removal, Brightness Correction, Denoising"
ISIC_0030420,
ISIC_0033671,
ISIC_0033711,"Hair Removal, CLAHE"
ISIC_0034084,CLAHE
ISIC_0033273,"Hair Removal, Brightness Correction, Denoising"
ISIC_0034176,Minimal Enhancement
ISIC_0033104,"Brightness Normalization, Denoising, Minimal Enhancement"
ISIC_0032579,CLAHE
ISIC_0033189,Minimal Enhancement
ISIC_0032693,"Hair Removal, Brightness Correction, CLAHE, Denoising"
ISIC_0032734,"Brightness Correction, Minimal Enhancement"
ISIC_0032659,Denoising
ISIC_0032478,Minimal Enhancement
ISIC_0032765,"Hair Removal, Denoising"
ISIC_0033128,"Brightness Correction, Minimal Enhancement"
ISIC_0033115,CLAHE
ISIC_0032625,"Brightness Normalization, Minimal Enhancement"
ISIC_0033867,"Brightness Correction, CLAHE"
ISIC_0033202,Minimal Enhancement
ISIC_0032794,"Brightness Normalization, Minimal Enhancement"
ISIC_0032801,"Brightness Correction, Denoising"
ISIC_0032974,CLAHE
ISIC_0033746,"Hair Removal, CLAHE, Denoising"
ISIC_0033384,
ISIC_0032830,"Brightness Normalization, Minimal Enhancement"
ISIC_0028863,Denoising
ISIC_0030126,"Hair Removal, Denoising, Minimal Enhancement"
ISIC_0032530,"Brightness Normalization, Minimal Enhancement"
ISIC_0033249,Brightness Correction
ISIC_0032650,Minimal Enhancement
ISIC_0034182,"Hair Removal, Brightness Normalization, Denoising, Minimal Enhancement"
ISIC_0034213,"Brightness Normalization, CLAHE"
ISIC_0032561,"Brightness Normalization, CLAHE, Minimal Enhancement"
ISIC_0033839,"Brightness Normalization, CLAHE"
ISIC_0032858,"CLAHE, Denoising"
ISIC_0033965,"Hair Removal, Denoising"
ISIC_0026279,CLAHE
ISIC_0031814,"Hair Removal, Denoising, Minimal Enhancement"
ISIC_0032601,CLAHE
ISIC_0032878,CLAHE
ISIC_0033093,"Brightness Correction, Minimal Enhancement"
ISIC_0033501,"Brightness Normalization, Minimal Enhancement"
ISIC_0032677,CLAHE
ISIC_0032769,
ISIC_0033922,Minimal Enhancement
ISIC_0033108,CLAHE
ISIC_0033940,CLAHE
ISIC_0033818,"Brightness Normalization, Minimal Enhancement"
ISIC_0034029,"Brightness Normalization, Minimal Enhancement"
ISIC_0032649,"Denoising, Minimal Enhancement"
ISIC_0034109,CLAHE
ISIC_0033439,"Brightness Normalization, CLAHE, Minimal Enhancement"
ISIC_0033214,CLAHE
ISIC_0033255,Brightness Correction
ISIC_0033229,Minimal Enhancement
ISIC_0026429,Brightness Correction
ISIC_0025769,"Brightness Normalization, Minimal Enhancement"
ISIC_0032909,"Brightness Correction, CLAHE, Denoising"
ISIC_0033134,
ISIC_0034301,Minimal Enhancement
ISIC_0033914,
ISIC_0033978,
ISIC_0033718,Minimal Enhancement
ISIC_0034237,
ISIC_0034032,Minimal Enhancement
ISIC_0033075,Minimal Enhancement
ISIC_0033406,"Brightness Normalization, Minimal Enhancement"
ISIC_0033493,"Hair Removal, Denoising, Minimal Enhancement"
ISIC_0033007,Denoising
ISIC_0034010,"Brightness Normalization, CLAHE, Denoising, Minimal Enhancement"
ISIC_0032819,"Hair Removal, Denoising"
ISIC_0033451,Minimal Enhancement
ISIC_0033552,"Hair Removal, Brightness Correction, Denoising"
ISIC_0034310,"Brightness Normalization, Minimal Enhancement"
ISIC_0032995,CLAHE
ISIC_0032754,"Hair Removal, Brightness Correction, Denoising"
ISIC_0032714,Hair Removal
ISIC_0033083,Minimal Enhancement
ISIC_0033133,"Hair Removal, Brightness Correction, Denoising"
ISIC_0033352,"Brightness Correction, CLAHE"
ISIC_0032574,"Hair Removal, Brightness Correction, Denoising"
ISIC_0033398,CLAHE
ISIC_0033244,"Hair Removal, Denoising"
ISIC_0032582,"Brightness Normalization, Minimal Enhancement"
ISIC_0033052,"Brightness Normalization, Minimal Enhancement"
ISIC_0032990,"Brightness Normalization, Minimal Enhancement"
ISIC_0033181,"Brightness Normalization, CLAHE"
ISIC_0033661,CLAHE
ISIC_0034004,"Hair Removal, Denoising, Minimal Enhancement"
ISIC_0033645,Minimal Enhancement
ISIC_0028829,"Hair Removal, Denoising"
ISIC_0033530,Minimal Enhancement
ISIC_0032994,Minimal Enhancement
ISIC_0033604,"Hair Removal, Brightness Correction, Denoising"
ISIC_0033634,"Brightness Correction, Minimal Enhancement"
ISIC_0034226,"Brightness Normalization, Minimal Enhancement"
ISIC_0033116,"Hair Removal, Denoising, Minimal Enhancement"
ISIC_0033136,"Brightness Normalization, CLAHE, Minimal Enhancement"
ISIC_0033215,"Brightness Normalization, Minimal Enhancement"
ISIC_0033412,CLAHE
ISIC_0033514,Minimal Enhancement
ISIC_0033876,"Brightness Normalization, CLAHE, Minimal Enhancement"
ISIC_0032737,Minimal Enhancement
ISIC_0033339,"Brightness Normalization, CLAHE, Minimal Enhancement"
ISIC_0031482,Minimal Enhancement
ISIC_0032944,"Hair Removal, Brightness Correction, Denoising"
ISIC_0033516,Minimal Enhancement
ISIC_0032639,Brightness Correction
ISIC_0033525,"Hair Removal, Denoising"
ISIC_0033519,"Brightness Correction, CLAHE, Denoising"
ISIC_0032851,CLAHE
ISIC_0033080,"Hair Removal, Brightness Normalization, Minimal Enhancement"
ISIC_0034129,"CLAHE, Denoising"
ISIC_0033010,Minimal Enhancement
ISIC_0034293,
ISIC_0033350,Brightness Correction
ISIC_0033943,"Hair Removal, Minimal Enhancement"
ISIC_0033434,Minimal Enhancement
ISIC_0033688,CLAHE
ISIC_0033557,"Hair Removal, Brightness Correction, Denoising"
ISIC_0033013,"Hair Removal, Brightness Normalization, Denoising, Minimal Enhancement"
ISIC_0032809,"Brightness Normalization, Minimal Enhancement"
ISIC_0032621,CLAHE
ISIC_0033328,"Hair Removal, Denoising"
ISIC_0033768,"Hair Removal, Brightness Correction, Denoising"
ISIC_0025257,"Hair Removal, Denoising"
ISIC_0033006,CLAHE
ISIC_0032518,"Hair Removal, Brightness Correction"
ISIC_0033548,CLAHE
ISIC_0033433,Brightness Correction
ISIC_0032934,"Hair Removal, Denoising"
ISIC_0033742,"Brightness Correction, Minimal Enhancement"
ISIC_0034127,"Hair Removal, Brightness Normalization, Minimal Enhancement"
ISIC_0033111,Minimal Enhancement
ISIC_0033142,"Brightness Normalization, CLAHE"
ISIC_0032703,
ISIC_0033168,Minimal Enhancement
ISIC_0033077,Minimal Enhancement
ISIC_0033951,"Hair Removal, Denoising, Minimal Enhancement"
ISIC_0033149,Denoising
ISIC_0033343,Brightness Correction
ISIC_0033502,CLAHE
ISIC_0034285,"Denoising, Minimal Enhancement"
ISIC_0033966,"Hair Removal, Brightness Correction, Minimal Enhancement"
ISIC_0034244,Hair Removal
ISIC_0032855,Brightness Correction
ISIC_0032792,
ISIC_0034187,"Brightness Normalization, CLAHE"
ISIC_0027837,"Hair Removal, Denoising"
ISIC_0033179,"Brightness Normalization, Minimal Enhancement"
ISIC_0034251,Minimal Enhancement
ISIC_0033721,"Brightness Correction, CLAHE, Denoising"
ISIC_0034295,Brightness Correction
ISIC_0033929,"Brightness Normalization, Minimal Enhancement"
ISIC_0033044,"Brightness Normalization, Minimal Enhancement"
ISIC_0033787,"Brightness Normalization, Minimal Enhancement"
ISIC_0033599,"Brightness Normalization, Minimal Enhancement"
ISIC_0033764,Minimal Enhancement
ISIC_0033934,"Hair Removal, Brightness Correction, Denoising"
ISIC_0032565,"Brightness Correction, CLAHE"
ISIC_0033512,"Brightness Correction, CLAHE"
ISIC_0032788,Minimal Enhancement
ISIC_0033221,"Hair Removal, Brightness Correction, Denoising"
ISIC_0033340,"Brightness Normalization, Minimal Enhancement"
ISIC_0032920,"Brightness Correction, Denoising"
ISIC_0033673,"Hair Removal, Denoising"
ISIC_0033737,"Brightness Normalization, Minimal Enhancement"
ISIC_0033932,Minimal Enhancement
ISIC_0033062,"Hair Removal, Denoising"
ISIC_0034261,Minimal Enhancement
ISIC_0032758,Minimal Enhancement
ISIC_0033939,"Denoising, Minimal Enhancement"
ISIC_0032772,"Brightness Normalization, Minimal Enhancement"
ISIC_0034041,"Hair Removal, CLAHE"
ISIC_0033598,"Hair Removal, Brightness Correction, Minimal Enhancement"
ISIC_0034021,"Brightness Normalization, CLAHE, Minimal Enhancement"
ISIC_0034220,Minimal Enhancement
ISIC_0032973,"Hair Removal, Minimal Enhancement"
ISIC_0033425,"Brightness Correction, Denoising"
ISIC_0033443,CLAHE
ISIC_0032593,Minimal Enhancement
ISIC_0033935,CLAHE
ISIC_0033288,
ISIC_0033087,"Brightness Normalization, Minimal Enhancement"
ISIC_0033669,"Brightness Normalization, Minimal Enhancement"
ISIC_0033789,"Hair Removal, Brightness Normalization, Minimal Enhancement"
ISIC_0033419,"Brightness Correction, CLAHE"
ISIC_0032338,"Hair Removal, Denoising, Minimal Enhancement"
ISIC_0034067,Minimal Enhancement
ISIC_0031290,CLAHE
ISIC_0033224,"Brightness Correction, Minimal Enhancement"
ISIC_0033360,"Hair Removal, Brightness Correction, Denoising, Minimal Enhancement"
ISIC_0033294,CLAHE
ISIC_0033030,"Brightness Normalization, Minimal Enhancement"
ISIC_0032657,"Brightness Normalization, CLAHE, Minimal Enhancement"
ISIC_0032605,
ISIC_0032779,"Hair Removal, Denoising"
ISIC_0033950,Minimal Enhancement
ISIC_0032886,"Hair Removal, Denoising"
ISIC_0032581,"Brightness Correction, Minimal Enhancement"
ISIC_0032865,"Hair Removal, Brightness Correction, Minimal Enhancement"
ISIC_0033726,"Hair Removal, Minimal Enhancement"
ISIC_0033167,"Hair Removal, Denoising, Minimal Enhancement"
ISIC_0033937,"Brightness Normalization, Minimal Enhancement"
ISIC_0033703,"Brightness Normalization, Minimal Enhancement"
ISIC_0034245,"Brightness Correction, CLAHE"
ISIC_0032708,"Hair Removal, Minimal Enhancement"
ISIC_0033574,"Hair Removal, CLAHE, Denoising"
ISIC_0032846,"Hair Removal, Brightness Normalization, Minimal Enhancement"
ISIC_0033816,"Hair Removal, Denoising"
ISIC_0033672,"Hair Removal, Denoising"
ISIC_0033435,Denoising
ISIC_0034016,"Brightness Normalization, CLAHE, Minimal Enhancement"
ISIC_0033960,"Brightness Normalization, Minimal Enhancement"
ISIC_0033259,"Brightness Correction, Denoising"
ISIC_0033403,
ISIC_0033954,"Hair Removal, CLAHE, Denoising"
ISIC_0033771,Brightness Correction
ISIC_0034035,"Hair Removal, Denoising, Minimal Enhancement"
ISIC_0033880,"Hair Removal, Brightness Correction, Denoising"
ISIC_0033994,"Hair Removal, Brightness Correction, Denoising"
ISIC_0032755,"Brightness Normalization, CLAHE"
ISIC_0033724,"Brightness Normalization, Minimal Enhancement"
ISIC_0033786,"Hair Removal, Denoising, Minimal Enhancement"
ISIC_0034278,"Hair Removal, Denoising, Minimal Enhancement"
ISIC_0033102,"Brightness Correction, Denoising, Minimal Enhancement"
ISIC_0032494,"Brightness Normalization, Denoising, Minimal Enhancement"
ISIC_0032760,"Brightness Normalization, Minimal Enhancement"
ISIC_0034128,Minimal Enhancement
ISIC_0034271,"Hair Removal, Denoising"
ISIC_0033564,"Hair Removal, Denoising, Minimal Enhancement"
ISIC_0032627,"Brightness Normalization, CLAHE"
ISIC_0033845,"Brightness Normalization, Minimal Enhancement"
ISIC_0032884,CLAHE
ISIC_0033532,"Brightness Normalization, CLAHE"
ISIC_0032713,"Hair Removal, Brightness Normalization, Denoising"
ISIC_0033541,Minimal Enhancement
ISIC_0032670,"Hair Removal, Denoising"
ISIC_0033441,Minimal Enhancement
ISIC_0034009,"Brightness Normalization, CLAHE"
ISIC_0034305,"Hair Removal, Brightness Correction, Denoising"
ISIC_0034097,"Brightness Normalization, Minimal Enhancement"
ISIC_0033707,"Brightness Normalization, Minimal Enhancement"
ISIC_0033912,"Hair Removal, Brightness Correction, CLAHE, Denoising"
ISIC_0032380,"Hair Removal, Denoising"
ISIC_0025447,CLAHE
ISIC_0028591,CLAHE
ISIC_0024524,"Hair Removal, Minimal Enhancement"
ISIC_0032663,Minimal Enhancement
ISIC_0032962,Minimal Enhancement
ISIC_0034272,Minimal Enhancement
ISIC_0032911,CLAHE
ISIC_0033792,"Hair Removal, Brightness Normalization, Minimal Enhancement"
ISIC_0030492,"Hair Removal, Brightness Correction, Denoising"
ISIC_0033926,Minimal Enhancement
ISIC_0033021,"Brightness Normalization, CLAHE, Denoising"
ISIC_0033835,Brightness Correction
ISIC_0034122,"Hair Removal, Denoising, Minimal Enhancement"
ISIC_0033281,"Hair Removal, CLAHE, Denoising"
ISIC_0033285,Brightness Correction
ISIC_0033781,CLAHE
ISIC_0034247,"Brightness Correction, Minimal Enhancement"
ISIC_0033455,CLAHE
ISIC_0034056,Denoising
ISIC_0034069,Minimal Enhancement
ISIC_0032673,"Brightness Correction, Minimal Enhancement"
ISIC_0033684,"Hair Removal, Brightness Normalization, Denoising, Minimal Enhancement"
ISIC_0033148,"Hair Removal, CLAHE"
ISIC_0033109,CLAHE
ISIC_0032986,"Brightness Normalization, Minimal Enhancement"
ISIC_0033909,"Brightness Correction, Minimal Enhancement"
ISIC_0033293,Brightness Correction
ISIC_0033026,
ISIC_0033774,CLAHE
ISIC_0034191,"Hair Removal, Brightness Correction, Minimal Enhancement"
ISIC_0033719,"Denoising, Minimal Enhancement"
ISIC_0033442,"Brightness Correction, Denoising"
ISIC_0032943,CLAHE
ISIC_0033723,"Hair Removal, CLAHE, Denoising"
ISIC_0033396,"Hair Removal, Denoising, Minimal Enhancement"
ISIC_0034231,"Brightness Normalization, CLAHE, Denoising"
ISIC_0034033,Minimal Enhancement
ISIC_0032752,"Hair Removal, Brightness Normalization, Denoising, Minimal Enhancement"
ISIC_0033794,"Brightness Normalization, CLAHE, Minimal Enhancement"
ISIC_0033462,"Hair Removal, Denoising"
ISIC_0033191,
ISIC_0033508,"Hair Removal, Brightness Normalization, Minimal Enhancement"
ISIC_0033875,CLAHE
ISIC_0034200,CLAHE
ISIC_0032539,"Hair Removal, Brightness Correction"
ISIC_0032686,"Hair Removal, Denoising"
ISIC_0034249,CLAHE
ISIC_0032881,Brightness Correction
ISIC_0033329,"Brightness Normalization, CLAHE"
ISIC_0034181,"Denoising, Minimal Enhancement"
ISIC_0033277,"Brightness Correction, Minimal Enhancement"
ISIC_0033197,CLAHE
ISIC_0032824,"Hair Removal, Brightness Correction, CLAHE, Denoising"
ISIC_0034209,"Brightness Normalization, Minimal Enhancement"
ISIC_0034297,Minimal Enhancement
ISIC_0034171,Minimal Enhancement
ISIC_0033996,Brightness Correction
ISIC_0033448,"Brightness Normalization, Minimal Enhancement"
ISIC_0034304,"Brightness Normalization, Minimal Enhancement"
ISIC_0033036,"Brightness Correction, CLAHE"
ISIC_0033015,Minimal Enhancement
ISIC_0033928,Minimal Enhancement
ISIC_0034124,Brightness Correction
ISIC_0033861,
ISIC_0033955,"Brightness Normalization, CLAHE, Minimal Enhancement"
ISIC_0033822,"Brightness Correction, CLAHE"
ISIC_0032762,"Brightness Normalization, CLAHE, Minimal Enhancement"
ISIC_0032594,"Hair Removal, CLAHE, Denoising"
ISIC_0033147,"Brightness Correction, Denoising, Minimal Enhancement"
ISIC_0033407,"Hair Removal, Denoising, Minimal Enhancement"
ISIC_0033734,"Hair Removal, CLAHE, Denoising"
ISIC_0033923,Hair Removal
ISIC_0033769,"Hair Removal, Brightness Correction, Denoising"
ISIC_0032904,"Brightness Correction, CLAHE, Denoising"
ISIC_0025970,"Brightness Normalization, Minimal Enhancement"
ISIC_0030447,"Hair Removal, Minimal Enhancement"
ISIC_0027397,CLAHE
ISIC_0034108,"Brightness Normalization, Minimal Enhancement"
ISIC_0033740,"Brightness Normalization, CLAHE"
ISIC_0032519,Minimal Enhancement
ISIC_0034090,"Hair Removal, Denoising"
ISIC_0032896,Denoising
ISIC_0034166,Brightness Correction
ISIC_0034217,Minimal Enhancement
ISIC_0032952,CLAHE
ISIC_0033851,"Hair Removal, Brightness Normalization, Denoising, Minimal Enhancement"
ISIC_0032966,"Hair Removal, Brightness Normalization, Denoising, Minimal Enhancement"
ISIC_0033864,"Brightness Correction, Minimal Enhancement"
ISIC_0034008,Brightness Correction
ISIC_0033250,"Hair Removal, Denoising"
ISIC_0033177,"CLAHE, Denoising"
ISIC_0033086,"Hair Removal, Denoising"
ISIC_0032720,Minimal Enhancement
ISIC_0032946,"Brightness Normalization, CLAHE"
ISIC_0033153,"Hair Removal, Denoising"
ISIC_0033314,"Hair Removal, Denoising, Minimal Enhancement"
ISIC_0033580,CLAHE
ISIC_0033993,"Brightness Normalization, Minimal Enhancement"
ISIC_0032926,Minimal Enhancement
ISIC_0033049,"Hair Removal, Denoising, Minimal Enhancement"
ISIC_0033463,"Brightness Normalization, CLAHE, Minimal Enhancement"
ISIC_0033757,"Hair Removal, Brightness Correction, Denoising, Minimal Enhancement"
ISIC_0032933,Minimal Enhancement
ISIC_0034063,"Brightness Correction, Denoising, Minimal Enhancement"
ISIC_0033045,CLAHE
ISIC_0033873,"Brightness Normalization, Minimal Enhancement"
ISIC_0033143,Minimal Enhancement
ISIC_0032588,"Brightness Correction, Minimal Enhancement"
ISIC_0032510,CLAHE
ISIC_0032798,"Hair Removal, CLAHE, Denoising"
ISIC_0032848,Minimal Enhancement
ISIC_0033697,"Brightness Normalization, Minimal Enhancement"
ISIC_0033656,
ISIC_0034164,"Hair Removal, Denoising"
ISIC_0033228,"Brightness Normalization, CLAHE, Minimal Enhancement"
ISIC_0032744,
ISIC_0033033,"Brightness Correction, Minimal Enhancement"
ISIC_0033390,"Brightness Normalization, Minimal Enhancement"
ISIC_0033836,"Brightness Normalization, CLAHE, Minimal Enhancement"
ISIC_0033585,"Hair Removal, Denoising, Minimal Enhancement"
ISIC_0033319,"Brightness Correction, CLAHE"
ISIC_0029393,Minimal Enhancement
ISIC_0029306,"Brightness Normalization, Minimal Enhancement"
ISIC_0024854,"Denoising, Minimal Enhancement"
ISIC_0030537,"Brightness Correction, Minimal Enhancement"
ISIC_0026348,"Brightness Normalization, Minimal Enhancement"
ISIC_0028280,"Brightness Normalization, Minimal Enhancement"
ISIC_0029654,"Brightness Normalization, Minimal Enhancement"
ISIC_0030023,"Brightness Correction, CLAHE"
ISIC_0028210,CLAHE
ISIC_0029531,Brightness Correction
ISIC_0030961,"Hair Removal, Brightness Correction, Denoising"
ISIC_0030626,Minimal Enhancement
ISIC_0031163,Minimal Enhancement
ISIC_0025210,Minimal Enhancement
ISIC_0026372,Hair Removal
ISIC_0026761,"Hair Removal, Brightness Normalization, Denoising, Minimal Enhancement"
ISIC_0032322,"Hair Removal, Denoising"
ISIC_0031053,"Brightness Normalization, CLAHE"
ISIC_0032496,"Brightness Normalization, Minimal Enhancement"
ISIC_0029775,"Hair Removal, Brightness Correction, Denoising"
ISIC_0024424,Brightness Correction
ISIC_0028290,"Hair Removal, Denoising"
ISIC_0027246,"Brightness Normalization, CLAHE, Minimal Enhancement"
ISIC_0030156,Minimal Enhancement
ISIC_0024695,
ISIC_0031411,CLAHE
ISIC_0031848,
ISIC_0027755,"Brightness Normalization, CLAHE, Minimal Enhancement"
ISIC_0025795,"Brightness Normalization, Minimal Enhancement"
ISIC_0026498,"Brightness Normalization, Minimal Enhancement"
ISIC_0025972,"Brightness Normalization, Minimal Enhancement"
ISIC_0031970,"Hair Removal, Denoising, Minimal Enhancement"
ISIC_0028060,"Hair Removal, Brightness Correction"
ISIC_0027582,"Brightness Correction, Minimal Enhancement"
ISIC_0028429,"Hair Removal, Brightness Correction, Denoising"
ISIC_0032375,"Brightness Correction, Denoising"
ISIC_0030362,Brightness Correction
ISIC_0031460,"Brightness Correction, Minimal Enhancement"
ISIC_0025695,Brightness Correction
ISIC_0026427,"Hair Removal, Brightness Normalization, Denoising, Minimal Enhancement"
ISIC_0031948,Minimal Enhancement
ISIC_0025045,"Brightness Normalization, CLAHE"
ISIC_0030543,Minimal Enhancement
ISIC_0031867,"Hair Removal, Brightness Normalization, Denoising, Minimal Enhancement"
ISIC_0025988,CLAHE
ISIC_0024608,Minimal Enhancement
ISIC_0025267,"Brightness Correction, CLAHE"
ISIC_0029581,"Hair Removal, Brightness Correction"
ISIC_0029814,Minimal Enhancement
ISIC_0031481,Brightness Correction
ISIC_0025887,Minimal Enhancement
ISIC_0025993,"Hair Removal, Brightness Correction, Minimal Enhancement"
ISIC_0028540,"Brightness Normalization, Denoising, Minimal Enhancement"
ISIC_0029704,"Hair Removal, Brightness Correction, Denoising"
ISIC_0029809,"Hair Removal, Brightness Correction"
ISIC_0030771,Minimal Enhancement
ISIC_0026049,
ISIC_0028734,"Brightness Normalization, CLAHE, Minimal Enhancement"
ISIC_0026125,Minimal Enhancement
ISIC_0029904,CLAHE
ISIC_0026370,"Hair Removal, Brightness Normalization"
ISIC_0027505,Brightness Correction
ISIC_0030284,"Brightness Normalization, Denoising, Minimal Enhancement"
ISIC_0025620,"Hair Removal, Brightness Correction, CLAHE, Denoising"
ISIC_0029730,
ISIC_0025618,CLAHE
ISIC_0028425,Brightness Correction
ISIC_0024668,"Hair Removal, Brightness Correction, Denoising, Minimal Enhancement"
ISIC_0028538,Minimal Enhancement
ISIC_0025726,"Hair Removal, Brightness Normalization, Denoising, Minimal Enhancement"
ISIC_0026210,"Denoising, Minimal Enhancement"
ISIC_0025100,"Brightness Normalization, Minimal Enhancement"
ISIC_0024319,CLAHE
ISIC_0031206,Hair Removal
ISIC_0030361,
ISIC_0031796,"Brightness Normalization, Minimal Enhancement"
ISIC_0026402,CLAHE
ISIC_0031923,"Hair Removal, Denoising"
ISIC_0028487,Minimal Enhancement
ISIC_0029222,CLAHE
ISIC_0028573,"Hair Removal, CLAHE"
ISIC_0024458,Minimal Enhancement
ISIC_0027909,CLAHE
ISIC_0030305,CLAHE
ISIC_0030232,Minimal Enhancement
ISIC_0030243,"Hair Removal, Brightness Correction, Denoising"
ISIC_0024682,"Hair Removal, Denoising"
ISIC_0032058,Hair Removal
ISIC_0024653,"Hair Removal, Brightness Correction, Denoising"
ISIC_0026141,"Brightness Normalization, Denoising, Minimal Enhancement"
ISIC_0028625,"Hair Removal, Brightness Normalization, Denoising, Minimal Enhancement"
ISIC_0030504,Brightness Correction
ISIC_0030841,Minimal Enhancement
ISIC_0031654,Brightness Correction
ISIC_0027348,"Brightness Normalization, Minimal Enhancement"
ISIC_0027623,"Hair Removal, Denoising"
ISIC_0026328,Minimal Enhancement
ISIC_0029334,"Hair Removal, Brightness Correction, Denoising, Minimal Enhancement"
ISIC_0030074,"Hair Removal, Denoising"
ISIC_0025226,"Hair Removal, Denoising"
ISIC_0027933,CLAHE
ISIC_0028513,Minimal Enhancement
ISIC_0024361,"Brightness Normalization, Minimal Enhancement"
ISIC_0031703,"CLAHE, Denoising"
ISIC_0026705,"Brightness Normalization, Minimal Enhancement"
ISIC_0031645,"Brightness Normalization, Minimal Enhancement"
ISIC_0031726,"Brightness Correction, Minimal Enhancement"
ISIC_0027248,CLAHE
ISIC_0027567,"Brightness Normalization, CLAHE"
ISIC_0026913,"Hair Removal, Brightness Correction, Denoising, Minimal Enhancement"
ISIC_0026424,Brightness Correction
ISIC_0025734,"Brightness Normalization, CLAHE, Minimal Enhancement"
ISIC_0027670,"Brightness Normalization, CLAHE"
ISIC_0027097,"Hair Removal, Brightness Normalization, CLAHE, Denoising"
ISIC_0030455,CLAHE
ISIC_0028581,"Brightness Correction, Minimal Enhancement"
ISIC_0029431,"Brightness Normalization, CLAHE"
ISIC_0027285,"Brightness Normalization, Minimal Enhancement"
ISIC_0024674,"CLAHE, Denoising"
ISIC_0026886,"Hair Removal, CLAHE, Denoising"
ISIC_0027942,"Hair Removal, Denoising"
ISIC_0027003,"Hair Removal, Brightness Normalization, Denoising"
ISIC_0030264,Minimal Enhancement
ISIC_0030717,"Brightness Correction, Denoising"
ISIC_0026067,"Hair Removal, CLAHE"
ISIC_0028868,"Brightness Normalization, CLAHE"
ISIC_0026419,Minimal Enhancement
ISIC_0027052,
ISIC_0031521,Minimal Enhancement
ISIC_0028894,
ISIC_0032021,Minimal Enhancement
ISIC_0030773,Minimal Enhancement
ISIC_0028692,"Brightness Normalization, Minimal Enhancement"
ISIC_0032260,Minimal Enhancement
ISIC_0029664,CLAHE
ISIC_0024936,Brightness Correction
ISIC_0029276,"Brightness Normalization, CLAHE"
ISIC_0025469,Minimal Enhancement
ISIC_0025133,"Brightness Correction, Minimal Enhancement"
ISIC_0030116,Minimal Enhancement
ISIC_0026270,"Hair Removal, CLAHE"
ISIC_0025096,"Brightness Correction, CLAHE"
ISIC_0028544,"Brightness Normalization, CLAHE, Minimal Enhancement"
ISIC_0029572,CLAHE
ISIC_0030933,"Brightness Correction, CLAHE"
ISIC_0025043,Brightness Correction
ISIC_0025227,"Brightness Normalization, Minimal Enhancement"
ISIC_0030268,Minimal Enhancement
ISIC_0024538,"Brightness Correction, Denoising"
ISIC_0029499,"Hair Removal, Brightness Correction, Denoising"
ISIC_0025208,Minimal Enhancement
ISIC_0031956,
ISIC_0032347,
ISIC_0027398,Minimal Enhancement
ISIC_0032407,"Hair Removal, Brightness Correction"
ISIC_0026272,"Brightness Correction, Minimal Enhancement"
ISIC_0024658,Brightness Correction
ISIC_0025381,"Hair Removal, Brightness Normalization, CLAHE, Denoising"
ISIC_0029027,Minimal Enhancement
ISIC_0027258,"CLAHE, Denoising"
ISIC_0030840,"Brightness Correction, Minimal Enhancement"
ISIC_0032291,"Hair Removal, Brightness Correction, Minimal Enhancement"
ISIC_0028957,"Brightness Normalization, Minimal Enhancement"
ISIC_0030615,
ISIC_0027925,"Hair Removal, Brightness Correction, Denoising, Minimal Enhancement"
ISIC_0031917,"Hair Removal, Brightness Correction, Denoising"
ISIC_0024975,"Brightness Correction, Minimal Enhancement"
ISIC_0025782,"Brightness Correction, Minimal Enhancement"
ISIC_0031308,Brightness Correction
ISIC_0028981,Minimal Enhancement
ISIC_0031079,"Brightness Correction, Minimal Enhancement"
ISIC_0028524,"Brightness Normalization, Minimal Enhancement"
ISIC_0027412,"Brightness Normalization, Minimal Enhancement"
ISIC_0029257,"Hair Removal, Brightness Normalization, Minimal Enhancement"
ISIC_0030225,"Hair Removal, Denoising, Minimal Enhancement"
ISIC_0024846,"Brightness Correction, Minimal Enhancement"
ISIC_0029313,"Brightness Correction, Minimal Enhancement"
ISIC_0030508,"Hair Removal, Denoising"
ISIC_0026804,"Hair Removal, Brightness Correction, Denoising"
ISIC_0031194,"Hair Removal, Brightness Normalization, Denoising, Minimal Enhancement"
ISIC_0025665,Hair Removal
ISIC_0030597,"Brightness Correction, Minimal Enhancement"
ISIC_0026692,"Brightness Normalization, Minimal Enhancement"
ISIC_0024503,"Brightness Normalization, Minimal Enhancement"
ISIC_0029667,"Brightness Normalization, Minimal Enhancement"
ISIC_0029566,"Hair Removal, Minimal Enhancement"
ISIC_0027574,"Brightness Normalization, Minimal Enhancement"
ISIC_0030058,"Brightness Correction, Minimal Enhancement"
ISIC_0027821,"Brightness Correction, Minimal Enhancement"
ISIC_0027715,"Brightness Correction, Minimal Enhancement"
ISIC_0027519,"Brightness Correction, Minimal Enhancement"
ISIC_0024753,"Brightness Correction, Minimal Enhancement"
ISIC_0030990,"Hair Removal, Brightness Correction, Denoising, Minimal Enhancement"
ISIC_0029359,"Brightness Correction, Denoising"
ISIC_0029746,Minimal Enhancement
ISIC_0029188,Minimal Enhancement
ISIC_0027800,"Hair Removal, Minimal Enhancement"
ISIC_0029450,Minimal Enhancement
ISIC_0027887,"Hair Removal, Brightness Correction, Denoising"
ISIC_0024928,"Brightness Correction, Minimal Enhancement"
ISIC_0026841,"Hair Removal, Denoising"
ISIC_0025945,
ISIC_0031149,Minimal Enhancement
ISIC_0027902,"Brightness Correction, Minimal Enhancement"
ISIC_0027226,"Brightness Normalization, Minimal Enhancement"
ISIC_0028263,"Hair Removal, Brightness Normalization, Minimal Enhancement"
ISIC_0028610,Minimal Enhancement
ISIC_0031360,"Hair Removal, Brightness Correction"
ISIC_0028360,
ISIC_0029861,
ISIC_0024366,"Hair Removal, Minimal Enhancement"
ISIC_0027208,"Brightness Correction, Minimal Enhancement"
ISIC_0032368,Minimal Enhancement
ISIC_0029504,"Hair Removal, Denoising"
ISIC_0032492,"Hair Removal, Brightness Normalization, Denoising, Minimal Enhancement"
ISIC_0027853,Minimal Enhancement
ISIC_0028545,"Hair Removal, Brightness Normalization, Minimal Enhancement"
ISIC_0025078,"Brightness Correction, CLAHE"
ISIC_0025516,"Brightness Correction, Minimal Enhancement"
ISIC_0029835,"Hair Removal, Brightness Correction, Denoising"
ISIC_0028101,Minimal Enhancement
ISIC_0024941,"CLAHE, Minimal Enhancement"
ISIC_0026028,Minimal Enhancement
ISIC_0031447,Minimal Enhancement
ISIC_0024837,Minimal Enhancement
ISIC_0031667,"Brightness Correction, Minimal Enhancement"
ISIC_0026027,"Hair Removal, Denoising"
ISIC_0031839,"Brightness Correction, Minimal Enhancement"
ISIC_0026455,Minimal Enhancement
ISIC_0028265,"Hair Removal, Brightness Correction, Denoising, Minimal Enhancement"
ISIC_0028057,Minimal Enhancement
ISIC_0031502,"Brightness Correction, Minimal Enhancement"
ISIC_0025020,"Hair Removal, Denoising, Minimal Enhancement"
ISIC_0026106,Minimal Enhancement
ISIC_0031905,"Hair Removal, Brightness Normalization, Denoising, Minimal Enhancement"
ISIC_0030367,Minimal Enhancement
ISIC_0032227,Minimal Enhancement
ISIC_0031657,
ISIC_0030077,Brightness Correction
ISIC_0029865,Brightness Correction
ISIC_0025545,Brightness Correction
ISIC_0032003,Minimal Enhancement
ISIC_0025840,Minimal Enhancement
ISIC_0030466,Minimal Enhancement
ISIC_0024529,"Brightness Normalization, Minimal Enhancement"
ISIC_0025662,Minimal Enhancement
ISIC_0027510,"Brightness Normalization, Minimal Enhancement"
ISIC_0027338,"Hair Removal, Brightness Correction, Minimal Enhancement"
ISIC_0025534,"Brightness Normalization, Minimal Enhancement"
ISIC_0030135,"Hair Removal, Brightness Normalization, Denoising, Minimal Enhancement"
ISIC_0024355,"Brightness Normalization, Minimal Enhancement"
ISIC_0030941,"Hair Removal, Brightness Correction, Denoising, Minimal Enhancement"
ISIC_0029938,"Brightness Correction, Minimal Enhancement"
ISIC_0024777,"Brightness Correction, Minimal Enhancement"
ISIC_0029196,Hair Removal
ISIC_0024394,Minimal Enhancement
ISIC_0029516,Hair Removal
ISIC_0030066,CLAHE
ISIC_0028944,Minimal Enhancement
ISIC_0027827,"Brightness Correction, Minimal Enhancement"
ISIC_0025491,Brightness Correction
ISIC_0031631,"Hair Removal, Brightness Correction, Minimal Enhancement"
ISIC_0027150,CLAHE
ISIC_0030588,"Brightness Correction, Minimal Enhancement"
ISIC_0025511,"Brightness Normalization, CLAHE"
ISIC_0029640,"Brightness Normalization, Minimal Enhancement"
ISIC_0029724,Minimal Enhancement
ISIC_0027707,Brightness Correction
ISIC_0027423,"Brightness Correction, Minimal Enhancement"
ISIC_0030057,Minimal Enhancement
ISIC_0028737,"Hair Removal, Brightness Correction, Denoising"
ISIC_0032165,"Brightness Normalization, Minimal Enhancement"
ISIC_0024718,"Hair Removal, Denoising"
ISIC_0024834,"Hair Removal, Denoising, Minimal Enhancement"
ISIC_0024587,"Brightness Normalization, Denoising, Minimal Enhancement"
ISIC_0029666,
ISIC_0027698,Minimal Enhancement
ISIC_0025412,"Hair Removal, Brightness Normalization, Denoising, Minimal Enhancement"
ISIC_0025785,"Brightness Normalization, Minimal Enhancement"
ISIC_0028494,"Brightness Normalization, Minimal Enhancement"
ISIC_0031541,"Hair Removal, Denoising, Minimal Enhancement"
ISIC_0027596,Brightness Correction
ISIC_0028960,Minimal Enhancement
ISIC_0025240,Minimal Enhancement
ISIC_0026933,"Brightness Correction, Minimal Enhancement"
ISIC_0024349,"Brightness Correction, Minimal Enhancement"
ISIC_0026126,Brightness Correction
ISIC_0028271,"Brightness Correction, Minimal Enhancement"
ISIC_0026305,"Brightness Correction, Minimal Enhancement"
ISIC_0028454,"Hair Removal, Brightness Correction, Denoising"
ISIC_0030852,Minimal Enhancement
ISIC_0030652,"Brightness Correction, Minimal Enhancement"
ISIC_0031204,Minimal Enhancement
ISIC_0030179,"Brightness Normalization, Minimal Enhancement"
ISIC_0029215,Minimal Enhancement
ISIC_0028362,"Brightness Normalization, CLAHE"
ISIC_0030894,Minimal Enhancement
ISIC_0027658,
ISIC_0028678,Minimal Enhancement
ISIC_0030610,Minimal Enhancement
ISIC_0024694,Minimal Enhancement
ISIC_0027122,"Brightness Normalization, Minimal Enhancement"
ISIC_0031340,"Hair Removal, Minimal Enhancement"
ISIC_0024793,Minimal Enhancement
ISIC_0024938,Minimal Enhancement
ISIC_0030065,"Brightness Correction, Minimal Enhancement"
ISIC_0025231,"Brightness Normalization, Minimal Enhancement"
ISIC_0027514,
ISIC_0029382,"Brightness Correction, Minimal Enhancement"
ISIC_0030093,"Brightness Correction, Minimal Enhancement"
ISIC_0028645,"Brightness Correction, Minimal Enhancement"
ISIC_0031857,"Brightness Normalization, Minimal Enhancement"
ISIC_0028621,CLAHE
ISIC_0025683,"Brightness Normalization, Minimal Enhancement"
ISIC_0031621,Minimal Enhancement
ISIC_0031822,
ISIC_0030654,Minimal Enhancement
ISIC_0025170,"Hair Removal, Brightness Correction, Denoising, Minimal Enhancement"
ISIC_0031811,"Hair Removal, Brightness Normalization, Denoising, Minimal Enhancement"
ISIC_0024520,Brightness Correction
ISIC_0031984,Minimal Enhancement
ISIC_0026487,"Brightness Normalization, Minimal Enhancement"
ISIC_0030945,"Brightness Correction, Minimal Enhancement"
ISIC_0024721,
ISIC_0027020,"Hair Removal, Brightness Correction, Denoising"
ISIC_0028390,"Denoising, Minimal Enhancement"
ISIC_0029199,Brightness Correction
ISIC_0026611,Minimal Enhancement
ISIC_0026052,Minimal Enhancement
ISIC_0029609,Minimal Enhancement
ISIC_0029661,"Hair Removal, Brightness Correction"
ISIC_0029269,"Hair Removal, Denoising"
ISIC_0024518,"Brightness Correction, Minimal Enhancement"
ISIC_0031623,"Brightness Correction, Minimal Enhancement"
ISIC_0025047,"Brightness Normalization, Minimal Enhancement"
ISIC_0028706,"Brightness Correction, Minimal Enhancement"
ISIC_0027364,"Hair Removal, Brightness Correction, Minimal Enhancement"
ISIC_0029493,"Hair Removal, Brightness Correction, Denoising"
ISIC_0027667,"Hair Removal, Denoising, Minimal Enhancement"
ISIC_0024328,"Hair Removal, Brightness Normalization, CLAHE, Denoising"
ISIC_0031559,"Hair Removal, Brightness Correction, Denoising, Minimal Enhancement"
ISIC_0028115,"Hair Removal, Brightness Correction, Denoising"
ISIC_0029482,Hair Removal
ISIC_0025386,"Brightness Correction, CLAHE"
ISIC_0028518,Minimal Enhancement
ISIC_0026764,"Brightness Correction, Minimal Enhancement"
ISIC_0032305,Hair Removal
ISIC_0028510,Minimal Enhancement
ISIC_0024870,"Brightness Correction, Minimal Enhancement"
ISIC_0031756,"Brightness Normalization, Minimal Enhancement"
ISIC_0028999,Minimal Enhancement
ISIC_0024406,
ISIC_0028723,"Hair Removal, Denoising, Minimal Enhancement"
ISIC_0027751,"Brightness Normalization, Minimal Enhancement"
ISIC_0028030,Minimal Enhancement
ISIC_0025942,Minimal Enhancement
ISIC_0025039,CLAHE
ISIC_0030127,
ISIC_0025969,CLAHE
ISIC_0031725,Minimal Enhancement
ISIC_0027040,"Brightness Correction, Minimal Enhancement"
ISIC_0026888,Minimal Enhancement
ISIC_0026030,CLAHE
ISIC_0030397,"Hair Removal, Brightness Normalization, Denoising, Minimal Enhancement"
ISIC_0027129,"Hair Removal, Denoising"
ISIC_0032427,"Denoising, Minimal Enhancement"
ISIC_0032355,
ISIC_0024428,Brightness Correction
ISIC_0031405,"Hair Removal, Brightness Correction, Denoising"
ISIC_0027897,"Hair Removal, Brightness Correction, Denoising"
ISIC_0031092,CLAHE
ISIC_0027390,"Brightness Correction, CLAHE"
ISIC_0028450,CLAHE
ISIC_0028758,"Hair Removal, Brightness Correction, Minimal Enhancement"
ISIC_0028167,"Hair Removal, Denoising"
ISIC_0027147,Brightness Correction
ISIC_0029339,"Hair Removal, Brightness Correction, Denoising"
ISIC_0032184,"Hair Removal, Minimal Enhancement"
ISIC_0031399,"Brightness Correction, Minimal Enhancement"
ISIC_0025149,Brightness Correction
ISIC_0025938,Brightness Correction
ISIC_0029277,CLAHE
ISIC_0028117,Minimal Enhancement
ISIC_0028216,Hair Removal
ISIC_0030621,Hair Removal
ISIC_0031510,"Brightness Correction, Minimal Enhancement"
ISIC_0026209,"Hair Removal, Denoising, Minimal Enhancement"
ISIC_0031727,"Hair Removal, Minimal Enhancement"
ISIC_0028757,"Hair Removal, Denoising"
ISIC_0031483,"Hair Removal, Denoising"
ISIC_0027323,Minimal Enhancement
ISIC_0032274,Minimal Enhancement
ISIC_0032436,"Hair Removal, Brightness Correction, Denoising"
ISIC_0025518,Minimal Enhancement
ISIC_0026101,Brightness Correction
ISIC_0028825,
ISIC_0025181,"Hair Removal, Brightness Normalization, Denoising, Minimal Enhancement"
ISIC_0031603,"Brightness Correction, Minimal Enhancement"
ISIC_0029867,"Brightness Normalization, CLAHE, Minimal Enhancement"
ISIC_0031070,"Brightness Correction, Minimal Enhancement"
ISIC_0024996,"Brightness Correction, Minimal Enhancement"
ISIC_0028092,Minimal Enhancement
ISIC_0027978,"Brightness Normalization, Denoising, Minimal Enhancement"
ISIC_0027045,CLAHE
ISIC_0027213,Minimal Enhancement
ISIC_0032176,Minimal Enhancement
ISIC_0029589,"Brightness Correction, Minimal Enhancement"
ISIC_0027224,Brightness Correction
ISIC_0029641,"Hair Removal, Denoising"
ISIC_0026784,"Brightness Correction, Minimal Enhancement"
ISIC_0025633,Minimal Enhancement
ISIC_0031564,"Brightness Normalization, Minimal Enhancement"
ISIC_0027236,"Brightness Normalization, Minimal Enhancement"
ISIC_0025742,CLAHE
ISIC_0032141,
ISIC_0031798,"Brightness Normalization, Minimal Enhancement"
ISIC_0031015,"Hair Removal, Denoising, Minimal Enhancement"
ISIC_0028484,"Hair Removal, Denoising, Minimal Enhancement"
ISIC_0031354,"Hair Removal, Minimal Enhancement"
ISIC_0027293,"Hair Removal, Minimal Enhancement"
ISIC_0032163,"Brightness Normalization, CLAHE, Minimal Enhancement"
ISIC_0026454,Brightness Correction
ISIC_0030842,"Brightness Normalization, Minimal Enhancement"
ISIC_0025562,"Brightness Correction, Minimal Enhancement"
ISIC_0028598,Brightness Correction
ISIC_0026759,"Hair Removal, Denoising"
ISIC_0026147,"Hair Removal, Minimal Enhancement"
ISIC_0027874,"Brightness Normalization, Minimal Enhancement"
ISIC_0025340,"Brightness Correction, Minimal Enhancement"
ISIC_0030967,"Brightness Normalization, Minimal Enhancement"
ISIC_0030675,Minimal Enhancement
ISIC_0032474,Minimal Enhancement
ISIC_0030819,CLAHE
ISIC_0025657,"Hair Removal, Brightness Normalization, Denoising, Minimal Enhancement"
ISIC_0032015,Minimal Enhancement
ISIC_0031285,Brightness Correction
ISIC_0030532,"Brightness Correction, Minimal Enhancement"
ISIC_0028304,"Hair Removal, Denoising, Minimal Enhancement"
ISIC_0026615,CLAHE
ISIC_0024862,Minimal Enhancement
ISIC_0029459,Brightness Correction
ISIC_0029528,
ISIC_0028135,"Brightness Normalization, Minimal Enhancement"
ISIC_0026782,Minimal Enhancement
ISIC_0030581,"Hair Removal, Brightness Normalization, Denoising, Minimal Enhancement"
ISIC_0029438,Minimal Enhancement
ISIC_0028715,
ISIC_0029994,Minimal Enhancement
ISIC_0029926,"Hair Removal, Denoising"
ISIC_0031934,Brightness Correction
ISIC_0026400,Brightness Correction
ISIC_0027495,"Brightness Correction, CLAHE"
ISIC_0029583,"Hair Removal, Brightness Normalization, Minimal Enhancement"
ISIC_0028212,Brightness Correction
ISIC_0030399,
ISIC_0024937,"Denoising, Minimal Enhancement"
ISIC_0032136,"Hair Removal, Brightness Correction, Minimal Enhancement"
ISIC_0031353,"Brightness Normalization, Minimal Enhancement"
ISIC_0025960,Minimal Enhancement
ISIC_0025198,"Brightness Normalization, Minimal Enhancement"
ISIC_0029693,Minimal Enhancement
ISIC_0029162,Minimal Enhancement
ISIC_0027486,
ISIC_0025410,Minimal Enhancement
ISIC_0026599,"Brightness Normalization, Minimal Enhancement"
ISIC_0031932,Brightness Correction
ISIC_0030592,"Hair Removal, Brightness Correction, Denoising, Minimal Enhancement"
ISIC_0026987,"Brightness Normalization, Denoising, Minimal Enhancement"
ISIC_0027201,
ISIC_0024841,"Hair Removal, Denoising, Minimal Enhancement"
ISIC_0029121,"Hair Removal, Denoising"
ISIC_0031302,"Hair Removal, Denoising, Minimal Enhancement"
ISIC_0029457,Minimal Enhancement
ISIC_0027237,Minimal Enhancement
ISIC_0030525,"Hair Removal, Brightness Correction"
ISIC_0026901,CLAHE
ISIC_0025245,"Brightness Correction, Denoising, Minimal Enhancement"
ISIC_0030296,"Brightness Normalization, Minimal Enhancement"
ISIC_0028679,"Hair Removal, Brightness Correction"
ISIC_0029001,"Brightness Correction, Minimal Enhancement"
ISIC_0026739,"Hair Removal, Denoising"
ISIC_0025946,Brightness Correction
ISIC_0024899,"Hair Removal, Denoising, Minimal Enhancement"
ISIC_0027671,"Hair Removal, Denoising"
ISIC_0026546,"Brightness Correction, Minimal Enhancement"
ISIC_0030121,"Hair Removal, Brightness Correction"
ISIC_0031126,
ISIC_0029736,"Brightness Correction, Minimal Enhancement"
ISIC_0024343,"Brightness Normalization, Minimal Enhancement"
ISIC_0031311,
ISIC_0030816,Minimal Enhancement
ISIC_0025506,"Hair Removal, Denoising, Minimal Enhancement"
ISIC_0025013,Brightness Correction
ISIC_0027724,"Brightness Normalization, CLAHE"
ISIC_0030796,
ISIC_0026592,Brightness Correction
ISIC_0030790,Hair Removal
ISIC_0030914,"Hair Removal, CLAHE"
ISIC_0029169,"Denoising, Minimal Enhancement"
ISIC_0029197,Brightness Correction
ISIC_0028408,"Brightness Normalization, Minimal Enhancement"
ISIC_0028998,"Brightness Normalization, Minimal Enhancement"
ISIC_0025118,CLAHE
ISIC_0026512,Minimal Enhancement
ISIC_0032300,"Brightness Normalization, Minimal Enhancement"
ISIC_0026034,Minimal Enhancement
ISIC_0026404,"Brightness Correction, Minimal Enhancement"
ISIC_0029183,Minimal Enhancement
ISIC_0028420,CLAHE
ISIC_0032126,Brightness Correction
ISIC_0026573,Minimal Enhancement
ISIC_0025563,"Brightness Normalization, Denoising, Minimal Enhancement"
ISIC_0026340,
ISIC_0029298,Brightness Correction
ISIC_0028217,"Brightness Correction, Minimal Enhancement"
ISIC_0032067,"Hair Removal, Brightness Normalization, Minimal Enhancement"
ISIC_0024790,"Brightness Correction, Minimal Enhancement"
ISIC_0028551,Brightness Correction
ISIC_0027988,Minimal Enhancement
ISIC_0024963,"Brightness Normalization, Minimal Enhancement"
ISIC_0027114,"Hair Removal, Brightness Correction, Denoising"
ISIC_0032489,"Brightness Normalization, Minimal Enhancement"
ISIC_0030733,"Hair Removal, Brightness Correction, Denoising"
ISIC_0025597,Minimal Enhancement
ISIC_0025225,Minimal Enhancement
ISIC_0027569,"Brightness Correction, Minimal Enhancement"
ISIC_0026698,"Brightness Correction, Minimal Enhancement"
ISIC_0030544,"Brightness Normalization, Minimal Enhancement"
ISIC_0030962,Minimal Enhancement
ISIC_0025305,"Brightness Normalization, Minimal Enhancement"
ISIC_0029978,Minimal Enhancement
ISIC_0025926,Minimal Enhancement
ISIC_0029577,
ISIC_0024560,Minimal Enhancement
ISIC_0029993,"Brightness Correction, Minimal Enhancement"
ISIC_0026741,"Hair Removal, Brightness Correction"
ISIC_0026222,"Brightness Correction, Minimal Enhancement"
ISIC_0031117,Hair Removal
ISIC_0027308,Minimal Enhancement
ISIC_0031046,"Brightness Normalization, Minimal Enhancement"
ISIC_0029046,Minimal Enhancement
ISIC_0029138,"Hair Removal, Brightness Correction, Denoising"
ISIC_0029349,Minimal Enhancement
ISIC_0032047,Minimal Enhancement
ISIC_0027963,
ISIC_0024425,"Brightness Correction, Minimal Enhancement"
ISIC_0028557,Minimal Enhancement
ISIC_0027471,"Brightness Normalization, Minimal Enhancement"
ISIC_0026706,Minimal Enhancement
ISIC_0032243,"Brightness Normalization, Minimal Enhancement"
ISIC_0029109,"Hair Removal, Minimal Enhancement"
ISIC_0028675,Minimal Enhancement
ISIC_0030328,"Brightness Correction, Minimal Enhancement"
ISIC_0030117,
ISIC_0031363,"CLAHE, Minimal Enhancement"
ISIC_0031220,
ISIC_0026654,"Hair Removal, Brightness Correction, Denoising"
ISIC_0029369,
ISIC_0024808,"Hair Removal, Brightness Correction, Denoising"
ISIC_0028297,Minimal Enhancement
ISIC_0026921,"Brightness Correction, Minimal Enhancement"
ISIC_0027401,"Hair Removal, CLAHE"
ISIC_0028637,"Brightness Normalization, Minimal Enhancement"
ISIC_0031942,"Brightness Normalization, Minimal Enhancement"
ISIC_0028357,"Brightness Correction, Minimal Enhancement"
ISIC_0026226,"Hair Removal, Brightness Correction, Denoising"
ISIC_0028174,"Hair Removal, Minimal Enhancement"
ISIC_0024566,
ISIC_0029452,Minimal Enhancement
ISIC_0025112,"Hair Removal, Minimal Enhancement"
ISIC_0028507,"Brightness Correction, Denoising"
ISIC_0029773,Minimal Enhancement
ISIC_0029203,"Hair Removal, Brightness Correction"
ISIC_0026712,"Brightness Normalization, Denoising, Minimal Enhancement"
ISIC_0032444,"Brightness Correction, Minimal Enhancement"
ISIC_0028305,"Hair Removal, Brightness Normalization, Minimal Enhancement"
ISIC_0026452,"Hair Removal, Brightness Correction"
ISIC_0027007,Hair Removal
ISIC_0029645,Minimal Enhancement
ISIC_0026398,"Hair Removal, Minimal Enhancement"
ISIC_0026655,"Hair Removal, Denoising, Minimal Enhancement"
ISIC_0026672,"Hair Removal, Denoising"
ISIC_0028186,Minimal Enhancement
ISIC_0026099,"Hair Removal, Brightness Correction, Denoising, Minimal Enhancement"
ISIC_0024836,Minimal Enhancement
ISIC_0028983,"Hair Removal, Minimal Enhancement"
ISIC_0030416,"Hair Removal, Denoising, Minimal Enhancement"
ISIC_0030180,"Brightness Normalization, Minimal Enhancement"
ISIC_0026043,CLAHE
ISIC_0031451,Minimal Enhancement
ISIC_0025074,"Hair Removal, CLAHE, Denoising"
ISIC_0029544,"Brightness Correction, Minimal Enhancement"
ISIC_0028859,"Brightness Correction, Minimal Enhancement"
ISIC_0031612,"Brightness Normalization, Minimal Enhancement"
ISIC_0028744,
ISIC_0028529,Minimal Enhancement
ISIC_0026588,"Brightness Correction, Minimal Enhancement"
ISIC_0030115,"Brightness Correction, Minimal Enhancement"
ISIC_0029898,Minimal Enhancement
ISIC_0028364,"Hair Removal, Brightness Normalization, Minimal Enhancement"
ISIC_0024599,Minimal Enhancement
ISIC_0024352,"Hair Removal, Denoising"
ISIC_0026885,Minimal Enhancement
ISIC_0026293,Hair Removal
ISIC_0029286,Minimal Enhancement
ISIC_0025784,CLAHE
ISIC_0032112,"Hair Removal, Brightness Correction"
ISIC_0031306,Minimal Enhancement
ISIC_0025902,"Brightness Correction, Minimal Enhancement"
ISIC_0030704,"Brightness Normalization, Minimal Enhancement"
ISIC_0028631,"Hair Removal, Denoising"
ISIC_0027490,
ISIC_0029597,Brightness Correction
ISIC_0026601,"Hair Removal, Brightness Correction, Denoising, Minimal Enhancement"
ISIC_0024439,"Brightness Correction, Minimal Enhancement"
ISIC_0025492,"Hair Removal, Brightness Correction, Minimal Enhancement"
ISIC_0030082,Minimal Enhancement
ISIC_0027568,"Hair Removal, Brightness Normalization, Denoising"
ISIC_0029679,"Hair Removal, Minimal Enhancement"
ISIC_0026053,"Hair Removal, Denoising, Minimal Enhancement"
ISIC_0025443,"Brightness Correction, Minimal Enhancement"
ISIC_0030006,"Hair Removal, Brightness Correction, Denoising, Minimal Enhancement"
ISIC_0028599,Minimal Enhancement
ISIC_0027917,CLAHE
ISIC_0026974,
ISIC_0026097,CLAHE
ISIC_0028767,"Brightness Correction, Minimal Enhancement"
ISIC_0028378,"Brightness Correction, Minimal Enhancement"
ISIC_0026852,"Hair Removal, Brightness Normalization, Minimal Enhancement"
ISIC_0028589,Minimal Enhancement
ISIC_0029432,"Hair Removal, Denoising"
ISIC_0025846,"Hair Removal, Denoising"
ISIC_0027928,"Brightness Correction, Minimal Enhancement"
ISIC_0030079,"Brightness Correction, Minimal Enhancement"
ISIC_0024908,CLAHE
ISIC_0031596,Minimal Enhancement
ISIC_0029881,"Hair Removal, Denoising, Minimal Enhancement"
ISIC_0031115,"Hair Removal, Denoising, Minimal Enhancement"
ISIC_0031919,Minimal Enhancement
ISIC_0026491,"Brightness Normalization, Minimal Enhancement"
ISIC_0030039,"Brightness Correction, Minimal Enhancement"
ISIC_0027883,Brightness Correction
ISIC_0030535,"Brightness Correction, Minimal Enhancement"
ISIC_0028808,"Hair Removal, CLAHE"
ISIC_0026513,"Brightness Normalization, CLAHE"
ISIC_0027540,"Brightness Correction, Minimal Enhancement"
ISIC_0031700,CLAHE
ISIC_0030209,Minimal Enhancement
ISIC_0027073,"Hair Removal, Brightness Normalization, Denoising, Minimal Enhancement"
ISIC_0031019,"Brightness Correction, Minimal Enhancement"
ISIC_0029959,Minimal Enhancement
ISIC_0024959,"Brightness Correction, Minimal Enhancement"
ISIC_0028202,
ISIC_0025289,"Brightness Correction, Minimal Enhancement"
ISIC_0028689,"Hair Removal, Denoising, Minimal Enhancement"
ISIC_0028151,"Brightness Normalization, Minimal Enhancement"
ISIC_0028857,Minimal Enhancement
ISIC_0025341,Denoising
ISIC_0028993,"Hair Removal, Brightness Normalization, Minimal Enhancement"
ISIC_0029696,Minimal Enhancement
ISIC_0027466,Brightness Correction
ISIC_0029975,"Brightness Normalization, Minimal Enhancement"
ISIC_0031042,"Brightness Normalization, Minimal Enhancement"
ISIC_0031049,"Brightness Normalization, Minimal Enhancement"
ISIC_0030219,"Brightness Correction, Minimal Enhancement"
ISIC_0030981,Brightness Correction
ISIC_0025899,"Hair Removal, Denoising, Minimal Enhancement"
ISIC_0031710,"Brightness Normalization, Minimal Enhancement"
ISIC_0028923,Minimal Enhancement
ISIC_0029127,"Brightness Normalization, Minimal Enhancement"
ISIC_0025476,"Hair Removal, Brightness Correction, Denoising"
ISIC_0025950,"Brightness Correction, CLAHE"
ISIC_0027382,"Hair Removal, Denoising"
ISIC_0026437,"Brightness Correction, Minimal Enhancement"
ISIC_0026414,"Hair Removal, Minimal Enhancement"
ISIC_0024926,Minimal Enhancement
ISIC_0025424,Minimal Enhancement
ISIC_0027503,"Hair Removal, Brightness Correction, Denoising"
ISIC_0029160,Minimal Enhancement
ISIC_0026559,"Brightness Normalization, Minimal Enhancement"
ISIC_0025396,
ISIC_0031708,"Hair Removal, Brightness Correction"
ISIC_0027949,"Brightness Normalization, Minimal Enhancement"
ISIC_0026795,"Brightness Normalization, Minimal Enhancement"
ISIC_0027181,Minimal Enhancement
ISIC_0025983,
ISIC_0026818,Minimal Enhancement
ISIC_0032251,Denoising
ISIC_0032253,
ISIC_0029665,"Brightness Correction, Minimal Enhancement"
ISIC_0029191,Minimal Enhancement
ISIC_0024356,"Brightness Correction, Minimal Enhancement"
ISIC_0024476,"Brightness Normalization, Minimal Enhancement"
ISIC_0028307,Brightness Correction
ISIC_0026551,"Hair Removal, Brightness Correction, Denoising"
ISIC_0024596,Minimal Enhancement
ISIC_0030966,Minimal Enhancement
ISIC_0026560,Minimal Enhancement
ISIC_0025051,"Hair Removal, Brightness Correction, Denoising"
ISIC_0026103,"Hair Removal, Brightness Normalization, Minimal Enhancement"
ISIC_0029614,Minimal Enhancement
ISIC_0032189,CLAHE
ISIC_0032281,Minimal Enhancement
ISIC_0030425,Denoising
ISIC_0026029,"Hair Removal, Brightness Correction"
ISIC_0026610,"Hair Removal, Brightness Correction"
ISIC_0028559,Brightness Correction
ISIC_0028032,"Brightness Correction, CLAHE, Denoising"
ISIC_0032145,Minimal Enhancement
ISIC_0028951,"Hair Removal, Brightness Normalization, Denoising, Minimal Enhancement"
ISIC_0028600,"Denoising, Minimal Enhancement"
ISIC_0027469,"Brightness Correction, Minimal Enhancement"
ISIC_0028130,"Brightness Correction, Minimal Enhancement"
ISIC_0026359,"Brightness Correction, Minimal Enhancement"
ISIC_0030973,"Brightness Normalization, Minimal Enhancement"
ISIC_0030444,"Brightness Normalization, Minimal Enhancement"
ISIC_0024781,Brightness Correction
ISIC_0030645,"Denoising, Minimal Enhancement"
ISIC_0032292,"Brightness Correction, Minimal Enhancement"
ISIC_0032107,"Brightness Correction, Minimal Enhancement"
ISIC_0031076,Minimal Enhancement
ISIC_0028400,CLAHE
ISIC_0026998,"Hair Removal, Denoising, Minimal Enhancement"
ISIC_0032218,"Brightness Correction, Minimal Enhancement"
ISIC_0031838,Minimal Enhancement
ISIC_0032028,"Hair Removal, Brightness Normalization, Denoising, Minimal Enhancement"
ISIC_0028648,"Brightness Correction, Minimal Enhancement"
ISIC_0030253,"Hair Removal, Brightness Normalization, Denoising, Minimal Enhancement"
ISIC_0029733,Minimal Enhancement
ISIC_0025684,"Hair Removal, Denoising, Minimal Enhancement"
ISIC_0026329,Minimal Enhancement
ISIC_0028476,"Hair Removal, Minimal Enhancement"
ISIC_0031832,Hair Removal
ISIC_0027051,"Brightness Normalization, Minimal Enhancement"
ISIC_0030340,"Brightness Correction, Minimal Enhancement"
ISIC_0031278,"Hair Removal, Denoising"
ISIC_0028580,
ISIC_0025798,"Brightness Correction, Minimal Enhancement"
ISIC_0026922,Minimal Enhancement
ISIC_0028478,"CLAHE, Denoising"
ISIC_0029054,"Brightness Normalization, CLAHE"
ISIC_0028150,"Brightness Normalization, Denoising, Minimal Enhancement"
ISIC_0025214,"Brightness Correction, Minimal Enhancement"
ISIC_0030069,"Hair Removal, Brightness Normalization, Minimal Enhancement"
ISIC_0026133,"Brightness Normalization, Minimal Enhancement"
ISIC_0026674,"Denoising, Minimal Enhancement"
ISIC_0031924,"Hair Removal, Minimal Enhancement"
ISIC_0028963,
ISIC_0025088,"Brightness Normalization, Minimal Enhancement"
ISIC_0026964,"Brightness Correction, Minimal Enhancement"
ISIC_0028905,CLAHE
ISIC_0030167,Minimal Enhancement
ISIC_0032175,CLAHE
ISIC_0032327,"Brightness Correction, Minimal Enhancement"
ISIC_0026786,"Hair Removal, Brightness Correction, Denoising"
ISIC_0028578,"Hair Removal, Brightness Correction"
ISIC_0024809,
ISIC_0027461,"Hair Removal, Minimal Enhancement"
ISIC_0025310,
ISIC_0026752,"Brightness Normalization, Minimal Enhancement"
ISIC_0027889,Minimal Enhancement
ISIC_0032423,CLAHE
ISIC_0030873,Minimal Enhancement
ISIC_0026076,"Brightness Correction, Minimal Enhancement"
ISIC_0024363,Minimal Enhancement
ISIC_0028355,"Brightness Normalization, Minimal Enhancement"
ISIC_0025171,"Brightness Normalization, Minimal Enhancement"
ISIC_0031014,"Hair Removal, Denoising"
ISIC_0024969,Brightness Correction
ISIC_0032936,CLAHE
ISIC_0030732,"Hair Removal, Brightness Correction, Denoising"
ISIC_0030802,Minimal Enhancement
ISIC_0025169,"Hair Removal, Denoising, Minimal Enhancement"
ISIC_0030742,"Hair Removal, Minimal Enhancement"
ISIC_0028441,"Hair Removal, Denoising, Minimal Enhancement"
ISIC_0031374,Brightness Correction
ISIC_0030422,"Brightness Correction, Minimal Enhancement"
ISIC_0031681,Minimal Enhancement
ISIC_0027242,"Brightness Correction, Minimal Enhancement"
ISIC_0030313,
ISIC_0025463,Minimal Enhancement
ISIC_0028179,"Brightness Correction, Minimal Enhancement"
ISIC_0030008,"Brightness Correction, Denoising"
ISIC_0033232,Minimal Enhancement
ISIC_0032405,Minimal Enhancement
ISIC_0031933,"Hair Removal, Denoising"
ISIC_0025579,"Hair Removal, Denoising"
ISIC_0029905,"Brightness Normalization, Minimal Enhancement"
ISIC_0027197,CLAHE
ISIC_0027627,"Brightness Normalization, CLAHE"
ISIC_0031081,Brightness Correction
ISIC_0029983,Minimal Enhancement
ISIC_0025542,"Hair Removal, Minimal Enhancement"
ISIC_0024514,Brightness Correction
ISIC_0031662,Brightness Correction
ISIC_0031583,"Brightness Normalization, Minimal Enhancement"
ISIC_0032109,Minimal Enhancement
ISIC_0031031,"Hair Removal, Brightness Correction, Denoising, Minimal Enhancement"
ISIC_0025533,Minimal Enhancement
ISIC_0031742,"Hair Removal, Denoising, Minimal Enhancement"
ISIC_0028183,Minimal Enhancement
ISIC_0026108,"Brightness Correction, Minimal Enhancement"
ISIC_0031113,Minimal Enhancement
ISIC_0030792,"Brightness Normalization, Minimal Enhancement"
ISIC_0032459,Minimal Enhancement
ISIC_0025655,Minimal Enhancement
ISIC_0026658,Minimal Enhancement
ISIC_0025730,"Brightness Normalization, Minimal Enhancement"
ISIC_0032195,"Brightness Correction, Minimal Enhancement"
ISIC_0031813,"Brightness Correction, Minimal Enhancement"
ISIC_0030354,"Brightness Correction, Minimal Enhancement"
ISIC_0031476,"Hair Removal, Brightness Correction, Denoising"
ISIC_0028166,
ISIC_0026406,Brightness Correction
ISIC_0025000,"Brightness Correction, Minimal Enhancement"
ISIC_0031754,"Hair Removal, Minimal Enhancement"
ISIC_0029803,CLAHE
ISIC_0027066,"Brightness Correction, Minimal Enhancement"
ISIC_0025106,Denoising
ISIC_0026805,"Brightness Normalization, Minimal Enhancement"
ISIC_0024680,"Hair Removal, Brightness Normalization, Denoising, Minimal Enhancement"
ISIC_0029465,"Brightness Normalization, Minimal Enhancement"
ISIC_0031894,Minimal Enhancement
ISIC_0027091,CLAHE
ISIC_0027271,CLAHE
ISIC_0024497,Brightness Correction
ISIC_0031594,"Hair Removal, Denoising"
ISIC_0029855,"Hair Removal, Denoising"
ISIC_0029530,Brightness Correction
ISIC_0025967,Minimal Enhancement
ISIC_0028091,
ISIC_0028023,"Brightness Correction, Denoising, Minimal Enhancement"
ISIC_0031960,CLAHE
ISIC_0027360,Minimal Enhancement
ISIC_0029554,Minimal Enhancement
ISIC_0024578,"Hair Removal, Denoising, Minimal Enhancement"
ISIC_0025759,Minimal Enhancement
ISIC_0031366,Minimal Enhancement
ISIC_0025640,"Brightness Normalization, Minimal Enhancement"
ISIC_0031644,"Brightness Normalization, Minimal Enhancement"
ISIC_0027036,Minimal Enhancement
ISIC_0026096,"Hair Removal, Brightness Correction, Denoising, Minimal Enhancement"
ISIC_0028139,"Hair Removal, Denoising"
ISIC_0031802,"Hair Removal, Brightness Correction, Denoising"
ISIC_0026825,CLAHE
ISIC_0026445,Brightness Correction
ISIC_0030625,"Hair Removal, Brightness Normalization, Denoising, Minimal Enhancement"
ISIC_0029026,"Hair Removal, Brightness Correction, Denoising, Minimal Enhancement"
ISIC_0028310,"Brightness Normalization, CLAHE, Minimal Enhancement"
ISIC_0024684,"Hair Removal, Brightness Correction, Denoising, Minimal Enhancement"
ISIC_0028230,
ISIC_0026023,Minimal Enhancement
ISIC_0028281,"Hair Removal, Minimal Enhancement"
ISIC_0032233,Brightness Correction
ISIC_0028116,
ISIC_0029174,"Brightness Correction, Minimal Enhancement"
ISIC_0028870,"Brightness Correction, Minimal Enhancement"
ISIC_0026330,"Brightness Correction, Minimal Enhancement"
ISIC_0030251,"Brightness Correction, Minimal Enhancement"
ISIC_0032144,Minimal Enhancement
ISIC_0030598,"Hair Removal, Denoising"
ISIC_0030740,Brightness Correction
ISIC_0026600,
ISIC_0028205,"Brightness Normalization, Minimal Enhancement"
ISIC_0030772,
ISIC_0029479,
ISIC_0032278,Brightness Correction
ISIC_0026111,
ISIC_0027255,"Brightness Correction, Denoising"
ISIC_0028588,"Hair Removal, Minimal Enhancement"
ISIC_0026581,Minimal Enhancement
ISIC_0025936,Minimal Enhancement
ISIC_0026231,
ISIC_0025179,"Hair Removal, Brightness Normalization, Denoising"
ISIC_0026216,"Brightness Correction, Minimal Enhancement"
ISIC_0027109,"Hair Removal, Brightness Normalization, Minimal Enhancement"
ISIC_0029095,CLAHE
ISIC_0030580,
ISIC_0030620,"Hair Removal, Brightness Correction, Denoising"
ISIC_0028987,Brightness Correction
ISIC_0028874,Brightness Correction
ISIC_0028592,"Hair Removal, Brightness Correction, Denoising"
ISIC_0027005,Minimal Enhancement
ISIC_0031871,"Hair Removal, Brightness Correction"
ISIC_0029075,Minimal Enhancement
ISIC_0028887,CLAHE
ISIC_0031567,Minimal Enhancement
ISIC_0028358,Brightness Correction
ISIC_0027766,"Hair Removal, Denoising"
ISIC_0030809,
ISIC_0032311,"Brightness Correction, Denoising"
ISIC_0030920,"Brightness Normalization, Minimal Enhancement"
ISIC_0026401,"Hair Removal, Brightness Normalization, Minimal Enhancement"
ISIC_0030370,Minimal Enhancement
ISIC_0024441,
ISIC_0030534,"Brightness Correction, Minimal Enhancement"
ISIC_0032284,"Brightness Correction, Minimal Enhancement"
ISIC_0031107,"Hair Removal, Minimal Enhancement"
ISIC_0026022,Minimal Enhancement
ISIC_0026577,"Hair Removal, Minimal Enhancement"
ISIC_0027639,"Hair Removal, Minimal Enhancement"
ISIC_0031314,"Hair Removal, Denoising, Minimal Enhancement"
ISIC_0031249,Minimal Enhancement
ISIC_0031121,Brightness Correction
ISIC_0032034,"Hair Removal, Minimal Enhancement"
ISIC_0030451,"Brightness Correction, Minimal Enhancement"
ISIC_0031301,
ISIC_0031111,"Hair Removal, Minimal Enhancement"
ISIC_0024882,
ISIC_0025667,Brightness Correction
ISIC_0028982,
ISIC_0028602,"Brightness Correction, Minimal Enhancement"
ISIC_0027137,"Hair Removal, Brightness Correction, Denoising, Minimal Enhancement"
ISIC_0030833,"Brightness Normalization, Minimal Enhancement"
ISIC_0029182,"Hair Removal, Brightness Normalization, Denoising"
ISIC_0032140,"Hair Removal, CLAHE"
ISIC_0026956,"Brightness Normalization, CLAHE, Minimal Enhancement"
ISIC_0031982,"Hair Removal, Denoising, Minimal Enhancement"
ISIC_0029833,"Brightness Correction, Minimal Enhancement"
ISIC_0031806,"Brightness Normalization, Minimal Enhancement"
ISIC_0030635,"Brightness Normalization, CLAHE"
ISIC_0028736,Brightness Correction
ISIC_0031991,Brightness Correction
ISIC_0030817,"Brightness Correction, Minimal Enhancement"
ISIC_0029470,"Brightness Correction, Minimal Enhancement"
ISIC_0028472,CLAHE
ISIC_0030674,"Brightness Correction, Minimal Enhancement"
ISIC_0032065,"Brightness Correction, Minimal Enhancement"
ISIC_0027840,
ISIC_0024447,"Hair Removal, Brightness Correction, Denoising, Minimal Enhancement"
ISIC_0024998,"Hair Removal, Brightness Correction, Denoising"
ISIC_0029749,Minimal Enhancement
ISIC_0030922,"Hair Removal, Minimal Enhancement"
ISIC_0026671,Minimal Enhancement
ISIC_0024933,"Brightness Normalization, Minimal Enhancement"
ISIC_0031192,"Brightness Normalization, Minimal Enhancement"
ISIC_0027498,"Hair Removal, Brightness Normalization, Denoising, Minimal Enhancement"
ISIC_0028128,"Brightness Correction, Minimal Enhancement"
ISIC_0026488,"Hair Removal, CLAHE, Denoising"
ISIC_0026554,"Brightness Normalization, Minimal Enhancement"
ISIC_0031074,CLAHE
ISIC_0030603,"Brightness Correction, Minimal Enhancement"
ISIC_0031085,"Hair Removal, Brightness Correction, Denoising, Minimal Enhancement"
ISIC_0029221,Brightness Correction
ISIC_0027688,Hair Removal
ISIC_0024704,"Brightness Normalization, Minimal Enhancement"
ISIC_0030260,CLAHE
ISIC_0031462,Minimal Enhancement
ISIC_0028643,Minimal Enhancement
ISIC_0024657,"Hair Removal, Denoising"
ISIC_0031981,
ISIC_0032279,"Hair Removal, Minimal Enhancement"
ISIC_0027922,"Hair Removal, Denoising"
ISIC_0025184,"Hair Removal, Brightness Correction, Denoising"
ISIC_0027298,"Brightness Correction, Minimal Enhancement"
ISIC_0024561,Minimal Enhancement
ISIC_0028261,Brightness Correction
ISIC_0030198,Minimal Enhancement
ISIC_0027535,Minimal Enhancement
ISIC_0027098,Minimal Enhancement
ISIC_0026071,"Brightness Correction, Minimal Enhancement"
ISIC_0027908,Minimal Enhancement
ISIC_0032186,Denoising
ISIC_0030923,Minimal Enhancement
ISIC_0028243,"Hair Removal, Brightness Correction, Denoising"
ISIC_0025436,"Hair Removal, Brightness Correction"
ISIC_0025989,Minimal Enhancement
ISIC_0026179,"Hair Removal, Brightness Correction, Denoising"
ISIC_0032340,"Hair Removal, Denoising"
ISIC_0024620,"Brightness Correction, Minimal Enhancement"
ISIC_0026217,"Brightness Correction, Minimal Enhancement"
ISIC_0028447,"Brightness Normalization, Minimal Enhancement"
ISIC_0025027,Minimal Enhancement
ISIC_0032090,
ISIC_0029079,"Brightness Correction, Minimal Enhancement"
ISIC_0025571,"Brightness Normalization, CLAHE"
ISIC_0025776,"Brightness Correction, Minimal Enhancement"
ISIC_0025908,"Brightness Normalization, CLAHE"
ISIC_0028945,Brightness Correction
ISIC_0030401,
ISIC_0032035,"Hair Removal, Minimal Enhancement"
ISIC_0032412,Minimal Enhancement
ISIC_0026048,"Brightness Normalization, Minimal Enhancement"
ISIC_0031930,"Brightness Normalization, Minimal Enhancement"
ISIC_0031131,Minimal Enhancement
ISIC_0031473,"Brightness Correction, Minimal Enhancement"
ISIC_0029671,CLAHE
ISIC_0027789,"Hair Removal, Denoising"
ISIC_0031011,"Brightness Correction, Minimal Enhancement"
ISIC_0028761,
ISIC_0028873,Minimal Enhancement
ISIC_0028787,Minimal Enhancement
ISIC_0026008,Minimal Enhancement
ISIC_0026753,"Brightness Correction, Minimal Enhancement"
ISIC_0031134,"Brightness Normalization, Minimal Enhancement"
ISIC_0028882,"Brightness Correction, Minimal Enhancement"
ISIC_0024466,CLAHE
ISIC_0025892,"Brightness Normalization, Minimal Enhancement"
ISIC_0026866,Minimal Enhancement
ISIC_0027351,CLAHE
ISIC_0025488,"Brightness Correction, Minimal Enhancement"
ISIC_0027999,Hair Removal
ISIC_0030061,Minimal Enhancement
ISIC_0030960,Hair Removal
ISIC_0030311,Minimal Enhancement
ISIC_0025505,Minimal Enhancement
ISIC_0027346,Minimal Enhancement
ISIC_0031875,"Brightness Correction, Minimal Enhancement"
ISIC_0027997,Minimal Enhancement
ISIC_0024784,"Denoising, Minimal Enhancement"
ISIC_0024922,"Brightness Correction, Denoising, Minimal Enhancement"
ISIC_0029119,Minimal Enhancement
ISIC_0026151,"Brightness Correction, Minimal Enhancement"
ISIC_0027127,
ISIC_0028849,Minimal Enhancement
ISIC_0027756,"Hair Removal, Denoising"
ISIC_0032125,"Hair Removal, CLAHE"
ISIC_0025172,"Hair Removal, Brightness Normalization, Denoising, Minimal Enhancement"
ISIC_0032471,Minimal Enhancement
ISIC_0027578,Minimal Enhancement
ISIC_0032148,Minimal Enhancement
ISIC_0031889,"Brightness Correction, CLAHE"
ISIC_0025517,"Hair Removal, Minimal Enhancement"
ISIC_0030553,"Hair Removal, Brightness Correction, Denoising"
ISIC_0025295,"Brightness Correction, Minimal Enhancement"
ISIC_0025477,"Brightness Correction, Minimal Enhancement"
ISIC_0028571,"Brightness Normalization, Minimal Enhancement"
ISIC_0031573,"Brightness Normalization, Minimal Enhancement"
ISIC_0025123,"Brightness Correction, Minimal Enhancement"
ISIC_0028276,Minimal Enhancement
ISIC_0027183,"Brightness Normalization, Minimal Enhancement"
ISIC_0031238,Minimal Enhancement
ISIC_0026374,"Brightness Correction, Minimal Enhancement"
ISIC_0026297,"Brightness Correction, Minimal Enhancement"
ISIC_0027379,CLAHE
ISIC_0027468,"Hair Removal, Brightness Correction, Minimal Enhancement"
ISIC_0027203,"Brightness Correction, Minimal Enhancement"
ISIC_0029771,"Brightness Correction, Minimal Enhancement"
ISIC_0027475,Minimal Enhancement
ISIC_0031064,Minimal Enhancement
ISIC_0027538,CLAHE
ISIC_0026751,"Brightness Correction, Minimal Enhancement"
ISIC_0029332,"Hair Removal, Brightness Correction, Denoising, Minimal Enhancement"
ISIC_0024827,CLAHE
ISIC_0031304,CLAHE
ISIC_0030856,
ISIC_0029476,Minimal Enhancement
ISIC_0028809,Brightness Correction
ISIC_0028016,Minimal Enhancement
ISIC_0030456,Minimal Enhancement
ISIC_0030942,Minimal Enhancement
ISIC_0031913,"Brightness Correction, Minimal Enhancement"
ISIC_0031880,"Brightness Correction, Minimal Enhancement"
ISIC_0029344,"Hair Removal, Brightness Correction, Denoising"
ISIC_0029812,CLAHE
ISIC_0026347,Minimal Enhancement
ISIC_0030639,"Hair Removal, CLAHE"
ISIC_0025165,CLAHE
ISIC_0028698,
ISIC_0030694,Minimal Enhancement
ISIC_0028865,"Hair Removal, Denoising"
ISIC_0028464,"Brightness Correction, Denoising"
ISIC_0025237,"Brightness Normalization, Minimal Enhancement"
ISIC_0029390,Minimal Enhancement
ISIC_0029145,"Brightness Normalization, Denoising, Minimal Enhancement"
ISIC_0029441,"Hair Removal, Denoising"
ISIC_0024480,"Brightness Normalization, Minimal Enhancement"
ISIC_0027798,CLAHE
ISIC_0028141,Minimal Enhancement
ISIC_0032310,"Hair Removal, Brightness Correction, Denoising"
ISIC_0026323,"Brightness Correction, Minimal Enhancement"
ISIC_0030663,"Hair Removal, Brightness Correction, Minimal Enhancement"
ISIC_0028673,Minimal Enhancement
ISIC_0030151,"Brightness Correction, Minimal Enhancement"
ISIC_0030279,
ISIC_0024380,Minimal Enhancement
ISIC_0027873,"Hair Removal, Brightness Correction"
ISIC_0032344,"Hair Removal, Brightness Normalization, Denoising, Minimal Enhancement"
ISIC_0031866,Minimal Enhancement
ISIC_0028344,Brightness Correction
ISIC_0025422,Minimal Enhancement
ISIC_0030033,"Hair Removal, Brightness Correction"
ISIC_0027262,"Brightness Correction, Minimal Enhancement"
ISIC_0024916,"Hair Removal, Brightness Correction, Denoising"
ISIC_0031039,Minimal Enhancement
ISIC_0026665,Minimal Enhancement
ISIC_0031611,"Brightness Normalization, Minimal Enhancement"
ISIC_0032074,"Brightness Correction, Minimal Enhancement"
ISIC_0028468,Minimal Enhancement
ISIC_0028608,"Hair Removal, Brightness Correction, Denoising"
ISIC_0030978,"Brightness Correction, Minimal Enhancement"
ISIC_0028649,CLAHE
ISIC_0024416,
ISIC_0026166,Minimal Enhancement
ISIC_0028131,Minimal Enhancement
ISIC_0024377,"Brightness Correction, Minimal Enhancement"
ISIC_0027984,"Hair Removal, CLAHE, Denoising"
ISIC_0030810,"Hair Removal, Brightness Correction, Denoising, Minimal Enhancement"
ISIC_0025918,"Hair Removal, Brightness Correction, Minimal Enhancement"
ISIC_0026124,
ISIC_0026711,"Hair Removal, Brightness Correction"
ISIC_0024876,Minimal Enhancement
ISIC_0030839,"Brightness Correction, Minimal Enhancement"
ISIC_0028504,"Hair Removal, Brightness Correction"
ISIC_0029862,
ISIC_0028118,Minimal Enhancement
ISIC_0030593,"Brightness Normalization, Minimal Enhancement"
ISIC_0027959,"Hair Removal, Denoising, Minimal Enhancement"
ISIC_0031045,"Hair Removal, CLAHE"
ISIC_0031794,"Brightness Correction, Minimal Enhancement"
ISIC_0026809,"Brightness Normalization, Minimal Enhancement"
ISIC_0030176,"Hair Removal, Minimal Enhancement"
ISIC_0031379,Brightness Correction
ISIC_0027711,"Brightness Correction, Minimal Enhancement"
ISIC_0025763,Brightness Correction
ISIC_0026157,"Hair Removal, Minimal Enhancement"
ISIC_0028947,"Hair Removal, Denoising"
ISIC_0029252,"Hair Removal, Denoising, Minimal Enhancement"
ISIC_0026017,
ISIC_0031599,"Brightness Correction, Minimal Enhancement"
ISIC_0028226,Brightness Correction
ISIC_0031965,Brightness Correction
ISIC_0025148,"Hair Removal, Brightness Correction, Denoising"
ISIC_0030140,"Hair Removal, CLAHE"
ISIC_0027614,"Brightness Normalization, Denoising, Minimal Enhancement"
ISIC_0025243,
ISIC_0024716,"Hair Removal, Denoising, Minimal Enhancement"
ISIC_0030159,Minimal Enhancement
ISIC_0027512,
ISIC_0030847,Minimal Enhancement
ISIC_0027945,"Brightness Correction, Minimal Enhancement"
ISIC_0032157,"Brightness Correction, Minimal Enhancement"
ISIC_0030434,Minimal Enhancement
ISIC_0032236,"Hair Removal, Denoising"
ISIC_0026580,"Hair Removal, CLAHE, Denoising"
ISIC_0030919,Minimal Enhancement
ISIC_0028498,"Hair Removal, Brightness Correction, Minimal Enhancement"
ISIC_0025346,"Hair Removal, Brightness Correction"
ISIC_0030210,Minimal Enhancement
ISIC_0028686,Brightness Correction
ISIC_0029560,"Brightness Correction, Minimal Enhancement"
ISIC_0027849,"Hair Removal, Brightness Correction, Minimal Enhancement"
ISIC_0031809,"Brightness Normalization, Minimal Enhancement"
ISIC_0025681,Minimal Enhancement
ISIC_0030912,"Brightness Correction, Minimal Enhancement"
ISIC_0024995,CLAHE
ISIC_0026260,Minimal Enhancement
ISIC_0027783,"Brightness Normalization, Minimal Enhancement"
ISIC_0030940,
ISIC_0030263,"Brightness Correction, Minimal Enhancement"
ISIC_0029963,"Hair Removal, Brightness Correction, Denoising"
ISIC_0030937,Minimal Enhancement
ISIC_0025400,"Hair Removal, Brightness Correction, Denoising"
ISIC_0026123,
ISIC_0026991,
ISIC_0029792,Minimal Enhancement
ISIC_0029208,Brightness Correction
ISIC_0028009,Minimal Enhancement
ISIC_0028891,
ISIC_0032018,"Brightness Normalization, Minimal Enhancement"
ISIC_0025540,"Brightness Correction, Minimal Enhancement"
ISIC_0032333,"Hair Removal, Denoising, Minimal Enhancement"
ISIC_0028596,Brightness Correction
ISIC_0024902,"Hair Removal, Brightness Correction"
ISIC_0027415,Minimal Enhancement
ISIC_0024519,"Hair Removal, Denoising, Minimal Enhancement"
ISIC_0026676,"Hair Removal, Brightness Correction, Denoising"
ISIC_0025166,Minimal Enhancement
ISIC_0028938,Brightness Correction
ISIC_0024479,"Brightness Correction, Minimal Enhancement"
ISIC_0032328,
ISIC_0026358,"Brightness Normalization, Minimal Enhancement"
ISIC_0025193,Brightness Correction
ISIC_0028884,"Brightness Normalization, Minimal Enhancement"
ISIC_0028785,"Brightness Normalization, Minimal Enhancement"
ISIC_0025141,Brightness Correction
ISIC_0026660,"Hair Removal, Brightness Correction"
ISIC_0026218,Minimal Enhancement
ISIC_0028766,"Brightness Correction, Minimal Enhancement"
ISIC_0027211,"Hair Removal, Brightness Normalization, Denoising, Minimal Enhancement"
ISIC_0030900,"Hair Removal, Denoising"
ISIC_0027549,"Hair Removal, Brightness Correction, Denoising"
ISIC_0025581,"Hair Removal, Denoising, Minimal Enhancement"
ISIC_0028384,Minimal Enhancement
ISIC_0030155,Minimal Enhancement
ISIC_0026451,Minimal Enhancement
ISIC_0032385,Minimal Enhancement
ISIC_0027523,Minimal Enhancement
ISIC_0028531,Minimal Enhancement
ISIC_0025065,Brightness Correction
ISIC_0027319,"Brightness Correction, Minimal Enhancement"
ISIC_0029247,"Brightness Correction, Minimal Enhancement"
ISIC_0024752,"Brightness Normalization, Minimal Enhancement"
ISIC_0029328,"Hair Removal, Denoising, Minimal Enhancement"
ISIC_0030384,"Brightness Normalization, CLAHE"
ISIC_0029498,Brightness Correction
ISIC_0026333,CLAHE
ISIC_0031829,CLAHE
ISIC_0027729,Minimal Enhancement
ISIC_0031036,"Hair Removal, Brightness Normalization, Denoising, Minimal Enhancement"
ISIC_0026820,Minimal Enhancement
ISIC_0029650,Minimal Enhancement
ISIC_0029879,"Hair Removal, Brightness Correction, Denoising, Minimal Enhancement"
ISIC_0029838,Minimal Enhancement
ISIC_0025446,Minimal Enhancement
ISIC_0024712,"Hair Removal, Minimal Enhancement"
ISIC_0028586,Minimal Enhancement
ISIC_0030182,"Hair Removal, Brightness Correction, Minimal Enhancement"
ISIC_0026182,"Brightness Normalization, Minimal Enhancement"
ISIC_0025061,Minimal Enhancement
ISIC_0028477,"Brightness Normalization, Minimal Enhancement"
ISIC_0024577,Minimal Enhancement
ISIC_0028272,"Hair Removal, Brightness Correction, Denoising"
ISIC_0026603,"Hair Removal, Denoising"
ISIC_0025647,Brightness Correction
ISIC_0025323,Minimal Enhancement
ISIC_0026371,Brightness Correction
ISIC_0024857,Minimal Enhancement
ISIC_0026295,"Hair Removal, Brightness Normalization, Minimal Enhancement"
ISIC_0030019,"Brightness Correction, Minimal Enhancement"
ISIC_0028042,CLAHE
ISIC_0030229,"Hair Removal, CLAHE"
ISIC_0027133,Minimal Enhancement
ISIC_0028756,"Brightness Normalization, Minimal Enhancement"
ISIC_0030485,"Hair Removal, Brightness Correction, Denoising"
ISIC_0031803,Minimal Enhancement
ISIC_0025278,"Hair Removal, Brightness Correction, Denoising"
ISIC_0032312,CLAHE
ISIC_0029055,"Hair Removal, Brightness Correction, Denoising, Minimal Enhancement"
ISIC_0026834,"Hair Removal, Minimal Enhancement"
ISIC_0026657,"Brightness Correction, Minimal Enhancement"
ISIC_0028067,"Brightness Normalization, Minimal Enhancement"
ISIC_0030977,Brightness Correction
ISIC_0024762,"Brightness Correction, Minimal Enhancement"
ISIC_0024818,Minimal Enhancement
ISIC_0031595,"Hair Removal, Minimal Enhancement"
ISIC_0031071,"Hair Removal, Brightness Correction, Denoising"
ISIC_0031475,Minimal Enhancement
ISIC_0031127,"Brightness Correction, Minimal Enhancement"
ISIC_0027558,Minimal Enhancement
ISIC_0029794,
ISIC_0024821,"Brightness Normalization, Minimal Enhancement"
ISIC_0027266,
ISIC_0025271,"Brightness Correction, Minimal Enhancement"
ISIC_0027867,"Brightness Correction, Minimal Enhancement"
ISIC_0026788,"Brightness Normalization, Minimal Enhancement"
ISIC_0029759,Minimal Enhancement
ISIC_0030348,"Hair Removal, Brightness Normalization, Denoising, Minimal Enhancement"
ISIC_0032042,Minimal Enhancement
ISIC_0031602,Brightness Correction
ISIC_0024683,Minimal Enhancement
ISIC_0026122,Minimal Enhancement
ISIC_0026024,Minimal Enhancement
ISIC_0025168,"Brightness Normalization, Minimal Enhancement"
ISIC_0024617,"Brightness Correction, Minimal Enhancement"
ISIC_0026816,Minimal Enhancement
ISIC_0028635,Minimal Enhancement
ISIC_0029231,"Brightness Correction, Minimal Enhancement"
ISIC_0030144,Brightness Correction
ISIC_0028909,Minimal Enhancement
ISIC_0028562,CLAHE
ISIC_0025553,Minimal Enhancement
ISIC_0029920,"Brightness Normalization, Minimal Enhancement"
ISIC_0031188,CLAHE
ISIC_0030589,"Brightness Correction, Minimal Enhancement"
ISIC_0030091,CLAHE
ISIC_0028720,"Brightness Normalization, Minimal Enhancement"
ISIC_0026318,Brightness Correction
ISIC_0026742,Minimal Enhancement
ISIC_0028665,CLAHE
ISIC_0026480,"Hair Removal, Brightness Correction, Denoising"
ISIC_0029668,Minimal Enhancement
ISIC_0026942,"Hair Removal, Brightness Normalization, Minimal Enhancement"
ISIC_0030410,"Hair Removal, Brightness Correction, Denoising"
ISIC_0031750,"Hair Removal, Denoising"
ISIC_0030710,"Brightness Correction, Minimal Enhancement"
ISIC_0027714,"Brightness Correction, Minimal Enhancement"
ISIC_0030585,"Brightness Normalization, Minimal Enhancement"
ISIC_0028903,"Brightness Normalization, Minimal Enhancement"
ISIC_0030567,"Hair Removal, Brightness Correction"
ISIC_0025729,Brightness Correction
ISIC_0029140,"Brightness Normalization, Minimal Enhancement"
ISIC_0030557,Minimal Enhancement
ISIC_0025865,Minimal Enhancement
ISIC_0024935,Minimal Enhancement
ISIC_0029091,Minimal Enhancement
ISIC_0032026,"Hair Removal, Brightness Correction, Denoising"
ISIC_0026889,"Brightness Correction, Minimal Enhancement"
ISIC_0030963,"Brightness Normalization, Minimal Enhancement"
ISIC_0030336,"Hair Removal, Denoising, Minimal Enhancement"
ISIC_0027970,"Brightness Normalization, Minimal Enhancement"
ISIC_0027140,
ISIC_0031322,Minimal Enhancement
ISIC_0031985,"Brightness Correction, Minimal Enhancement"
ISIC_0030890,"Brightness Correction, Minimal Enhancement"
ISIC_0030404,Minimal Enhancement
ISIC_0027311,"Hair Removal, Brightness Correction, Denoising"
ISIC_0031896,"Hair Removal, Minimal Enhancement"
ISIC_0025355,"Hair Removal, Minimal Enhancement"
ISIC_0032388,
ISIC_0031973,Minimal Enhancement
ISIC_0025956,Minimal Enhancement
ISIC_0027607,CLAHE
ISIC_0025860,"Hair Removal, CLAHE, Denoising"
ISIC_0025473,CLAHE
ISIC_0025670,"Brightness Normalization, Minimal Enhancement"
ISIC_0025898,"Brightness Correction, Denoising"
ISIC_0029786,Minimal Enhancement
ISIC_0027642,"Brightness Correction, Minimal Enhancement"
ISIC_0024540,"Brightness Correction, Minimal Enhancement"
ISIC_0027948,
ISIC_0032008,
ISIC_0031317,Minimal Enhancement
ISIC_0024734,"Hair Removal, Brightness Correction, Denoising"
ISIC_0027012,"Brightness Normalization, CLAHE, Minimal Enhancement"
ISIC_0029592,Minimal Enhancement
ISIC_0026037,CLAHE
ISIC_0025062,"Brightness Correction, Minimal Enhancement"
ISIC_0030299,Minimal Enhancement
ISIC_0028866,
ISIC_0025253,CLAHE
ISIC_0027961,"Hair Removal, Brightness Correction, Denoising"
ISIC_0026749,Minimal Enhancement
ISIC_0029895,"Brightness Correction, Minimal Enhancement"
ISIC_0030059,CLAHE
ISIC_0028658,"Brightness Normalization, Minimal Enhancement"
ISIC_0032020,"Brightness Correction, Minimal Enhancement"
ISIC_0024745,Minimal Enhancement
ISIC_0026190,"Hair Removal, Brightness Correction, Denoising"
ISIC_0025881,"Brightness Correction, Minimal Enhancement"
ISIC_0029970,"Brightness Correction, Minimal Enhancement"
ISIC_0025101,
ISIC_0030358,"Hair Removal, Minimal Enhancement"
ISIC_0028632,
ISIC_0029537,
ISIC_0031668,"Hair Removal, Brightness Normalization, Denoising, Minimal Enhancement"
ISIC_0027431,"Hair Removal, Minimal Enhancement"
ISIC_0030479,Minimal Enhancement
ISIC_0028834,"Hair Removal, Brightness Normalization, CLAHE"
ISIC_0030300,Brightness Correction
ISIC_0025252,
ISIC_0027143,Brightness Correction
ISIC_0030086,Minimal Enhancement
ISIC_0031395,"Brightness Correction, Minimal Enhancement"
ISIC_0034265,"Brightness Correction, CLAHE"
ISIC_0033011,"Brightness Correction, Minimal Enhancement"
ISIC_0032706,"Hair Removal, Minimal Enhancement"
ISIC_0033445,
ISIC_0032697,Hair Removal
ISIC_0032589,Minimal Enhancement
ISIC_0032931,Minimal Enhancement
ISIC_0033140,"Hair Removal, Brightness Normalization, CLAHE"
ISIC_0033313,"Brightness Correction, Minimal Enhancement"
ISIC_0033234,"Hair Removal, Minimal Enhancement"
ISIC_0033765,"Brightness Correction, Minimal Enhancement"
ISIC_0033903,Minimal Enhancement
ISIC_0032939,"Hair Removal, Minimal Enhancement"
ISIC_0033682,"Brightness Normalization, Minimal Enhancement"
ISIC_0033105,"Brightness Correction, CLAHE"
ISIC_0032979,"Brightness Correction, Minimal Enhancement"
ISIC_0033890,"Brightness Correction, Minimal Enhancement"
ISIC_0033381,Minimal Enhancement
ISIC_0033474,"Brightness Normalization, CLAHE, Minimal Enhancement"
ISIC_0034270,"Brightness Normalization, CLAHE"
ISIC_0032572,
ISIC_0032912,"Hair Removal, Brightness Correction, Denoising"
ISIC_0029808,Minimal Enhancement
ISIC_0025897,CLAHE
ISIC_0028252,"Hair Removal, Minimal Enhancement"
ISIC_0028170,Minimal Enhancement
ISIC_0031524,CLAHE
ISIC_0024507,Hair Removal
ISIC_0034043,Brightness Correction
ISIC_0029401,"Hair Removal, Minimal Enhancement"
ISIC_0033484,Minimal Enhancement
ISIC_0033540,Minimal Enhancement
ISIC_0034279,Minimal Enhancement
ISIC_0033589,"Brightness Correction, Minimal Enhancement"
ISIC_0033888,Minimal Enhancement
ISIC_0033338,Brightness Correction
ISIC_0032880,Minimal Enhancement
ISIC_0032600,"Hair Removal, Brightness Correction, Denoising"
ISIC_0032791,Minimal Enhancement
ISIC_0032721,"Brightness Correction, Minimal Enhancement"
ISIC_0033537,CLAHE
ISIC_0032837,"Hair Removal, Brightness Correction, Denoising"
ISIC_0032682,"Brightness Normalization, Minimal Enhancement"
ISIC_0033223,"Brightness Correction, Minimal Enhancement"
ISIC_0032764,"Brightness Correction, Minimal Enhancement"
ISIC_0032907,"Hair Removal, Denoising, Minimal Enhancement"
ISIC_0033760,"Brightness Normalization, CLAHE, Minimal Enhancement"
ISIC_0033335,Minimal Enhancement
ISIC_0034053,"Brightness Normalization, Minimal Enhancement"
ISIC_0032930,"Hair Removal, Brightness Correction, Denoising"
ISIC_0032616,
ISIC_0033614,
ISIC_0033436,"Hair Removal, Minimal Enhancement"
ISIC_0033572,"Hair Removal, Denoising, Minimal Enhancement"
ISIC_0033596,Minimal Enhancement
ISIC_0034212,Minimal Enhancement
ISIC_0033489,"Brightness Correction, Minimal Enhancement"
ISIC_0033907,Minimal Enhancement
ISIC_0033139,"Hair Removal, Brightness Correction, Denoising"
ISIC_0033225,Minimal Enhancement
ISIC_0033615,"Brightness Correction, Minimal Enhancement"
ISIC_0033418,Hair Removal
ISIC_0034054,Minimal Enhancement
ISIC_0033364,Brightness Correction
ISIC_0034163,Minimal Enhancement
ISIC_0034277,Minimal Enhancement
ISIC_0034147,"Brightness Correction, Minimal Enhancement"
ISIC_0033247,CLAHE
ISIC_0033918,
ISIC_0032889,"Brightness Correction, Minimal Enhancement"
ISIC_0033132,
ISIC_0033821,"Hair Removal, Brightness Normalization, Denoising, Minimal Enhancement"
ISIC_0033457,"Brightness Normalization, Minimal Enhancement"
ISIC_0033588,Minimal Enhancement
ISIC_0033144,Minimal Enhancement
ISIC_0033916,"Hair Removal, Brightness Normalization, Minimal Enhancement"
ISIC_0032554,"Brightness Correction, CLAHE"
ISIC_0033777,Minimal Enhancement
ISIC_0033078,"Brightness Correction, Minimal Enhancement"
ISIC_0034055,"Brightness Normalization, Minimal Enhancement"
ISIC_0033997,"Hair Removal, Denoising, Minimal Enhancement"
ISIC_0032712,"Brightness Normalization, CLAHE, Minimal Enhancement"
ISIC_0033164,"Hair Removal, Denoising, Minimal Enhancement"
ISIC_0033395,
ISIC_0033355,"Hair Removal, Brightness Correction, Denoising"
ISIC_0033095,Minimal Enhancement
ISIC_0033082,CLAHE
ISIC_0034098,"Brightness Correction, Minimal Enhancement"
ISIC_0033040,Denoising
ISIC_0034238,"Brightness Normalization, Minimal Enhancement"
ISIC_0032543,"Hair Removal, Brightness Correction, Denoising, Minimal Enhancement"
ISIC_0033176,Minimal Enhancement
ISIC_0032658,"Brightness Correction, Minimal Enhancement"
ISIC_0032868,
ISIC_0032631,"Brightness Correction, Minimal Enhancement"
ISIC_0032528,Minimal Enhancement
ISIC_0034018,"Brightness Normalization, Minimal Enhancement"
ISIC_0033879,"Brightness Correction, CLAHE"
ISIC_0033211,Minimal Enhancement
ISIC_0033617,Brightness Correction
ISIC_0033889,Minimal Enhancement
ISIC_0033495,Minimal Enhancement
ISIC_0033161,Minimal Enhancement
ISIC_0032796,Minimal Enhancement
ISIC_0033346,"Brightness Normalization, Minimal Enhancement"
ISIC_0034219,"Hair Removal, Brightness Correction, Denoising"
ISIC_0033098,"Hair Removal, Minimal Enhancement"
ISIC_0032607,"Brightness Normalization, Minimal Enhancement"
ISIC_0033584,
ISIC_0033118,CLAHE
ISIC_0032523,Brightness Correction
ISIC_0033159,Hair Removal
ISIC_0033542,Minimal Enhancement
ISIC_0032748,Brightness Correction
ISIC_0034260,Brightness Correction
ISIC_0034027,"Brightness Correction, Minimal Enhancement"
ISIC_0032580,"Brightness Normalization, Minimal Enhancement"
ISIC_0033692,CLAHE
ISIC_0032575,"Brightness Correction, Minimal Enhancement"
ISIC_0032793,"Hair Removal, Brightness Correction"
ISIC_0033766,Brightness Correction
ISIC_0033008,Minimal Enhancement
ISIC_0033543,Minimal Enhancement
ISIC_0034185,"Brightness Correction, Minimal Enhancement"
ISIC_0033842,Brightness Correction
ISIC_0032923,"Brightness Normalization, Minimal Enhancement"
ISIC_0032935,
ISIC_0034229,Minimal Enhancement
ISIC_0028066,"Hair Removal, Brightness Correction"
ISIC_0032828,Minimal Enhancement
ISIC_0033464,"Hair Removal, Minimal Enhancement"
ISIC_0033577,Brightness Correction
ISIC_0033895,Minimal Enhancement
ISIC_0032678,"Hair Removal, Brightness Correction, Minimal Enhancement"
ISIC_0033970,Minimal Enhancement
ISIC_0033896,CLAHE
ISIC_0034250,Minimal Enhancement
ISIC_0033690,Minimal Enhancement
ISIC_0034193,"Brightness Normalization, Minimal Enhancement"
ISIC_0033208,Minimal Enhancement
ISIC_0032402,"Brightness Normalization, Minimal Enhancement"
ISIC_0034309,"Brightness Correction, Minimal Enhancement"
ISIC_0032900,"Hair Removal, Brightness Correction, Denoising"
ISIC_0033898,"Brightness Normalization, Minimal Enhancement"
ISIC_0033173,Minimal Enhancement
ISIC_0032647,"Brightness Normalization, Minimal Enhancement"
ISIC_0024715,"Brightness Normalization, Minimal Enhancement"
ISIC_0029152,Minimal Enhancement
ISIC_0032800,Minimal Enhancement
ISIC_0033622,"Brightness Correction, Minimal Enhancement"
ISIC_0027689,Minimal Enhancement
ISIC_0032655,"Brightness Correction, Minimal Enhancement"
ISIC_0033290,"Hair Removal, Denoising"
ISIC_0034072,CLAHE
ISIC_0034177,"Hair Removal, Denoising"
ISIC_0033681,"Hair Removal, Brightness Correction, Denoising, Minimal Enhancement"
ISIC_0033741,"Hair Removal, Brightness Correction, Denoising, Minimal Enhancement"
ISIC_0033341,"Brightness Normalization, Minimal Enhancement"
ISIC_0032849,Hair Removal
ISIC_0033043,"Brightness Normalization, Minimal Enhancement"
ISIC_0032632,Minimal Enhancement
ISIC_0034302,"Brightness Normalization, Minimal Enhancement"
ISIC_0032635,"Brightness Correction, Minimal Enhancement"
ISIC_0034114,"Brightness Normalization, Minimal Enhancement"
ISIC_0032562,"Brightness Normalization, Minimal Enhancement"
ISIC_0033826,Hair Removal
ISIC_0033421,Minimal Enhancement
ISIC_0033602,"Brightness Normalization, Minimal Enhancement"
ISIC_0034248,"Brightness Normalization, CLAHE"
ISIC_0033467,"Hair Removal, Brightness Normalization, Minimal Enhancement"
ISIC_0033797,
ISIC_0033772,"Brightness Correction, Minimal Enhancement"
ISIC_0033039,
ISIC_0032996,"Hair Removal, Brightness Correction, Minimal Enhancement"
ISIC_0032591,Minimal Enhancement
ISIC_0034228,"Brightness Normalization, Minimal Enhancement"
ISIC_0033556,CLAHE
ISIC_0033892,"Hair Removal, Brightness Correction, Denoising"
ISIC_0032571,"Hair Removal, Brightness Normalization, Denoising, Minimal Enhancement"
ISIC_0033101,"Brightness Normalization, CLAHE, Minimal Enhancement"
ISIC_0033623,
ISIC_0034075,CLAHE
ISIC_0032606,"Brightness Correction, Minimal Enhancement"
ISIC_0033066,Brightness Correction
ISIC_0033383,"Hair Removal, Brightness Correction, Denoising, Minimal Enhancement"
ISIC_0033858,Denoising
ISIC_0034081,Minimal Enhancement
ISIC_0033072,
ISIC_0032759,CLAHE
ISIC_0033647,Brightness Correction
ISIC_0032634,CLAHE
ISIC_0032956,"Hair Removal, Brightness Normalization, Denoising, Minimal Enhancement"
ISIC_0033481,Minimal Enhancement
ISIC_0034082,
ISIC_0033567,Minimal Enhancement
ISIC_0034312,"Brightness Normalization, CLAHE, Minimal Enhancement"
ISIC_0033025,"Brightness Normalization, Minimal Enhancement"
ISIC_0033053,CLAHE
ISIC_0033374,"Brightness Correction, Minimal Enhancement"
ISIC_0033877,
ISIC_0032578,Minimal Enhancement
ISIC_0033841,"Hair Removal, Denoising, Minimal Enhancement"
ISIC_0033882,Minimal Enhancement
ISIC_0034266,Brightness Correction
ISIC_0033751,"Brightness Correction, Minimal Enhancement"
ISIC_0033065,Brightness Correction
ISIC_0033375,"Brightness Correction, Denoising"
ISIC_0033628,Minimal Enhancement
ISIC_0033733,"Hair Removal, Brightness Normalization, Denoising, Minimal Enhancement"
ISIC_0032738,CLAHE
ISIC_0033353,Brightness Correction
ISIC_0034019,
ISIC_0032852,"Hair Removal, Brightness Correction"
ISIC_0034080,Minimal Enhancement
ISIC_0034154,"Brightness Correction, Minimal Enhancement"
ISIC_0032789,Minimal Enhancement
ISIC_0033417,"Brightness Correction, Minimal Enhancement"
ISIC_0033782,CLAHE
ISIC_0033332,Minimal Enhancement
ISIC_0034130,CLAHE
ISIC_0032945,Minimal Enhancement
ISIC_0033597,"Brightness Correction, Minimal Enhancement"
ISIC_0034045,"Brightness Correction, Minimal Enhancement"
ISIC_0033028,Minimal Enhancement
ISIC_0033809,"Brightness Correction, Minimal Enhancement"
ISIC_0033187,Minimal Enhancement
ISIC_0032814,Minimal Enhancement
ISIC_0033190,"Hair Removal, Minimal Enhancement"
ISIC_0033535,"Brightness Correction, Minimal Enhancement"
ISIC_0033330,Minimal Enhancement
ISIC_0033064,"Hair Removal, Denoising"
ISIC_0033515,Minimal Enhancement
ISIC_0033735,"Brightness Correction, Minimal Enhancement"
ISIC_0033982,"Brightness Normalization, Minimal Enhancement"
ISIC_0034195,"Brightness Normalization, Minimal Enhancement"
ISIC_0033620,"Brightness Normalization, Minimal Enhancement"
ISIC_0034040,Minimal Enhancement
ISIC_0029355,Minimal Enhancement
ISIC_0024725,"Brightness Normalization, Minimal Enhancement"
ISIC_0031259,Brightness Correction
ISIC_0027138,Minimal Enhancement
ISIC_0024757,"Hair Removal, Denoising"
ISIC_0027492,"Hair Removal, Brightness Correction"
ISIC_0027528,"Brightness Correction, Minimal Enhancement"
ISIC_0026391,"Hair Removal, CLAHE, Denoising"
ISIC_0025122,"Brightness Correction, Minimal Enhancement"
ISIC_0031216,
ISIC_0031769,Minimal Enhancement
ISIC_0025816,"Hair Removal, Denoising, Minimal Enhancement"
ISIC_0031209,Minimal Enhancement
ISIC_0028014,"Hair Removal, Minimal Enhancement"
ISIC_0025499,"Hair Removal, Minimal Enhancement"
ISIC_0032379,"Hair Removal, Brightness Correction, Denoising, Minimal Enhancement"
ISIC_0029368,Brightness Correction
ISIC_0025653,"Brightness Correction, Minimal Enhancement"
ISIC_0027265,Minimal Enhancement
ISIC_0024437,Minimal Enhancement
ISIC_0031105,"Hair Removal, Denoising, Minimal Enhancement"
ISIC_0027418,"Hair Removal, Denoising, Minimal Enhancement"
ISIC_0029030,Minimal Enhancement
ISIC_0031359,Minimal Enhancement
ISIC_0031454,CLAHE
ISIC_0024955,Minimal Enhancement
ISIC_0030038,"CLAHE, Denoising"
ISIC_0030909,"Brightness Normalization, Minimal Enhancement"
ISIC_0031323,"Brightness Normalization, Minimal Enhancement"
ISIC_0031791,"Hair Removal, Brightness Correction, Denoising"
ISIC_0028338,"Brightness Normalization, Minimal Enhancement"
ISIC_0028618,Minimal Enhancement
ISIC_0031488,Minimal Enhancement
ISIC_0027345,
ISIC_0031148,CLAHE
ISIC_0028008,Brightness Correction
ISIC_0026440,
ISIC_0028399,Brightness Correction
ISIC_0029143,"Brightness Normalization, CLAHE, Minimal Enhancement"
ISIC_0025652,"Brightness Correction, Minimal Enhancement"
ISIC_0028585,"Brightness Correction, Denoising, Minimal Enhancement"
ISIC_0029038,"Hair Removal, CLAHE"
ISIC_0031222,
ISIC_0026326,Brightness Correction
ISIC_0032102,Brightness Correction
ISIC_0032273,"Hair Removal, Brightness Correction, Minimal Enhancement"
ISIC_0031299,"Brightness Correction, Minimal Enhancement"
ISIC_0028438,Minimal Enhancement
ISIC_0024830,
ISIC_0028380,Hair Removal
ISIC_0027924,
ISIC_0031547,Minimal Enhancement
ISIC_0032221,"Hair Removal, Denoising, Minimal Enhancement"
ISIC_0030693,Minimal Enhancement
ISIC_0031649,
ISIC_0029417,"Brightness Normalization, Minimal Enhancement"
ISIC_0029915,Minimal Enhancement
ISIC_0029360,Brightness Correction
ISIC_0026152,"Brightness Normalization, CLAHE, Minimal Enhancement"
ISIC_0029659,Brightness Correction
ISIC_0026575,Brightness Correction
ISIC_0030586,"Hair Removal, Brightness Correction, Denoising, Minimal Enhancement"
ISIC_0025178,"Hair Removal, Denoising, Minimal Enhancement"
ISIC_0028730,"Brightness Correction, Minimal Enhancement"
ISIC_0029041,Brightness Correction
ISIC_0031040,"Hair Removal, Brightness Normalization, Denoising, Minimal Enhancement"
ISIC_0031929,Minimal Enhancement
ISIC_0032173,"Brightness Correction, Minimal Enhancement"
ISIC_0033456,Minimal Enhancement
ISIC_0030408,"Hair Removal, Brightness Correction, Denoising"
ISIC_0027795,Minimal Enhancement
ISIC_0024913,Minimal Enhancement
ISIC_0032329,Denoising
ISIC_0031198,Minimal Enhancement
ISIC_0026872,
ISIC_0031191,Minimal Enhancement
ISIC_0025948,Minimal Enhancement
ISIC_0030242,
ISIC_0031119,Minimal Enhancement
ISIC_0024562,"Brightness Normalization, Minimal Enhancement"
ISIC_0026362,"Brightness Normalization, CLAHE, Minimal Enhancement"
ISIC_0030297,"Brightness Correction, Minimal Enhancement"
ISIC_0027084,Minimal Enhancement
ISIC_0030714,"Brightness Normalization, Minimal Enhancement"
ISIC_0028158,Hair Removal
ISIC_0028231,"Brightness Correction, Minimal Enhancement"
ISIC_0026411,"Brightness Correction, Minimal Enhancement"
ISIC_0029634,
ISIC_0031918,"Brightness Correction, Minimal Enhancement"
ISIC_0030803,CLAHE
ISIC_0025831,"Hair Removal, Brightness Correction, Minimal Enhancement"
ISIC_0027231,
ISIC_0027719,
ISIC_0024843,"Hair Removal, Brightness Correction, Denoising"
ISIC_0028381,Minimal Enhancement
ISIC_0030602,"CLAHE, Denoising"
ISIC_0031874,"Hair Removal, Denoising"
ISIC_0032437,CLAHE
ISIC_0025069,"Brightness Correction, Minimal Enhancement"
ISIC_0027700,"Brightness Normalization, Minimal Enhancement"
ISIC_0025411,Minimal Enhancement
ISIC_0025130,Minimal Enhancement
ISIC_0030076,
ISIC_0028816,"Brightness Normalization, Minimal Enhancement"
ISIC_0028232,"Brightness Correction, Minimal Enhancement"
ISIC_0029067,
ISIC_0026927,"Brightness Correction, Minimal Enhancement"
ISIC_0025539,"Brightness Normalization, CLAHE, Minimal Enhancement"
ISIC_0030191,"Brightness Correction, Minimal Enhancement"
ISIC_0031043,"Hair Removal, Brightness Correction, Denoising"
ISIC_0025331,Brightness Correction
ISIC_0027577,"Hair Removal, Brightness Correction, Denoising"
ISIC_0025696,"Hair Removal, Denoising, Minimal Enhancement"
ISIC_0032455,Minimal Enhancement
ISIC_0030794,"Brightness Normalization, Minimal Enhancement"
ISIC_0031738,Brightness Correction
ISIC_0029930,Brightness Correction
ISIC_0026327,
ISIC_0027678,"Hair Removal, Brightness Correction"
ISIC_0032349,"Hair Removal, Brightness Correction"
ISIC_0029362,"Hair Removal, Brightness Normalization, Denoising, Minimal Enhancement"
ISIC_0027708,"Hair Removal, Denoising"
ISIC_0028132,"Brightness Correction, Minimal Enhancement"
ISIC_0030991,"Brightness Correction, Minimal Enhancement"
ISIC_0029541,CLAHE
ISIC_0027958,"Hair Removal, Brightness Correction, Minimal Enhancement"
ISIC_0027896,"Brightness Correction, Minimal Enhancement"
ISIC_0030827,"Brightness Normalization, Minimal Enhancement"
ISIC_0031940,"Hair Removal, Brightness Correction"
ISIC_0029582,Minimal Enhancement
ISIC_0026729,
ISIC_0028372,
ISIC_0027506,Minimal Enhancement
ISIC_0026625,Minimal Enhancement
ISIC_0028854,CLAHE
ISIC_0031044,Brightness Correction
ISIC_0025712,"Hair Removal, Brightness Correction, Minimal Enhancement"
ISIC_0025358,"Hair Removal, Brightness Normalization, Denoising, Minimal Enhancement"
ISIC_0031852,Minimal Enhancement
ISIC_0031609,"Brightness Correction, Minimal Enhancement"
ISIC_0032422,Minimal Enhancement
ISIC_0030826,"Brightness Correction, Minimal Enhancement"
ISIC_0031012,"Brightness Normalization, Minimal Enhancement"
ISIC_0029533,"Brightness Normalization, Minimal Enhancement"
ISIC_0024372,"Brightness Normalization, Minimal Enhancement"
ISIC_0024707,Minimal Enhancement
ISIC_0026992,"Brightness Normalization, Minimal Enhancement"
ISIC_0029563,Minimal Enhancement
ISIC_0030491,"Brightness Correction, Minimal Enhancement"
ISIC_0029715,Denoising
ISIC_0029860,"Brightness Correction, Minimal Enhancement"
ISIC_0027650,"Hair Removal, Denoising"
ISIC_0030341,"Brightness Normalization, CLAHE, Minimal Enhancement"
ISIC_0024517,"Hair Removal, Denoising"
ISIC_0025825,"Denoising, Minimal Enhancement"
ISIC_0025808,Minimal Enhancement
ISIC_0027303,Minimal Enhancement
ISIC_0026645,"Brightness Normalization, Minimal Enhancement"
ISIC_0024710,CLAHE
ISIC_0029315,CLAHE
ISIC_0029811,"Hair Removal, Brightness Normalization, Denoising, Minimal Enhancement"
ISIC_0024450,CLAHE
ISIC_0031743,"Brightness Correction, CLAHE"
ISIC_0026522,"Hair Removal, Brightness Correction, Denoising, Minimal Enhancement"
ISIC_0024771,"Brightness Correction, Minimal Enhancement"
ISIC_0027753,Minimal Enhancement
ISIC_0026492,Minimal Enhancement
ISIC_0026466,Brightness Correction
ISIC_0029932,"Hair Removal, Minimal Enhancement"
ISIC_0030375,Minimal Enhancement
ISIC_0030175,Minimal Enhancement
ISIC_0024575,Minimal Enhancement
ISIC_0031335,Minimal Enhancement
ISIC_0031692,Brightness Correction
ISIC_0032203,"Brightness Correction, Minimal Enhancement"
ISIC_0025089,"Brightness Correction, CLAHE"
ISIC_0027178,"Brightness Normalization, Minimal Enhancement"
ISIC_0028190,"Hair Removal, Brightness Normalization, Denoising, Minimal Enhancement"
ISIC_0028314,Minimal Enhancement
ISIC_0026138,Brightness Correction
ISIC_0029371,"Brightness Correction, Minimal Enhancement"
ISIC_0031659,Hair Removal
ISIC_0024946,Brightness Correction
ISIC_0030707,Minimal Enhancement
ISIC_0031211,"Brightness Correction, Minimal Enhancement"
ISIC_0028872,Hair Removal
ISIC_0030953,"Brightness Normalization, Minimal Enhancement"
ISIC_0025196,"Brightness Correction, Minimal Enhancement"
ISIC_0030821,Brightness Correction
ISIC_0031292,"Hair Removal, Denoising, Minimal Enhancement"
ISIC_0026083,
ISIC_0029059,Minimal Enhancement
ISIC_0025182,Minimal Enhancement
ISIC_0028659,Minimal Enhancement
ISIC_0031570,"Brightness Correction, Minimal Enhancement"
ISIC_0024418,"Brightness Correction, Minimal Enhancement"
ISIC_0027343,Minimal Enhancement
ISIC_0027172,Minimal Enhancement
ISIC_0028644,"Brightness Correction, Minimal Enhancement"
ISIC_0025637,Minimal Enhancement
ISIC_0032277,
ISIC_0025953,Minimal Enhancement
ISIC_0026203,Minimal Enhancement
ISIC_0025811,"Hair Removal, Denoising"
ISIC_0033494,CLAHE
ISIC_0026212,"Brightness Normalization, Minimal Enhancement"
ISIC_0026014,Minimal Enhancement
ISIC_0032371,Minimal Enhancement
ISIC_0029610,"Brightness Correction, Denoising, Minimal Enhancement"
ISIC_0033413,"Brightness Correction, Denoising"
ISIC_0030785,
ISIC_0029840,Minimal Enhancement
ISIC_0027047,
ISIC_0030143,Brightness Correction
ISIC_0029210,CLAHE
ISIC_0032154,"Brightness Correction, CLAHE"
ISIC_0026549,"Brightness Normalization, Denoising, Minimal Enhancement"
ISIC_0032356,"Hair Removal, Brightness Normalization, CLAHE, Denoising"
ISIC_0026100,"Brightness Normalization, Minimal Enhancement"
ISIC_0029567,"Brightness Correction, Minimal Enhancement"
ISIC_0024522,Minimal Enhancement
ISIC_0030387,"Brightness Normalization, Minimal Enhancement"
ISIC_0031381,"Brightness Normalization, CLAHE"
ISIC_0029851,"Brightness Normalization, CLAHE, Minimal Enhancement"
ISIC_0029279,CLAHE
ISIC_0028558,CLAHE
ISIC_0027529,Brightness Correction
ISIC_0024463,"Hair Removal, Brightness Correction"
ISIC_0028795,"Brightness Normalization, Minimal Enhancement"
ISIC_0029573,"Hair Removal, Denoising, Minimal Enhancement"
ISIC_0025350,Minimal Enhancement
ISIC_0030280,Minimal Enhancement
ISIC_0031578,"Brightness Correction, CLAHE"
ISIC_0032397,Minimal Enhancement
ISIC_0030245,"Brightness Correction, Minimal Enhancement"
ISIC_0026720,"Hair Removal, Denoising, Minimal Enhancement"
ISIC_0030487,"Hair Removal, Brightness Normalization, Minimal Enhancement"
ISIC_0032238,"Hair Removal, Denoising"
ISIC_0031672,"Brightness Normalization, Minimal Enhancement"
ISIC_0030986,
ISIC_0031431,Brightness Correction
ISIC_0026149,Minimal Enhancement
ISIC_0025992,
ISIC_0029268,Minimal Enhancement
ISIC_0029598,"Hair Removal, Denoising, Minimal Enhancement"
ISIC_0029002,Minimal Enhancement
ISIC_0029781,CLAHE
ISIC_0026525,"Denoising, Minimal Enhancement"
ISIC_0026709,"Hair Removal, Denoising"
ISIC_0028224,"Hair Removal, Brightness Correction, Denoising, Minimal Enhancement"
ISIC_0032897,"Brightness Correction, Minimal Enhancement"
ISIC_0026206,"Hair Removal, Denoising"
ISIC_0026319,Minimal Enhancement
ISIC_0025319,"Brightness Normalization, Minimal Enhancement"
ISIC_0030730,"Hair Removal, Denoising, Minimal Enhancement"
ISIC_0030549,
ISIC_0025247,"Brightness Normalization, Minimal Enhancement"
ISIC_0029043,Minimal Enhancement
ISIC_0026178,"Brightness Normalization, Minimal Enhancement"
ISIC_0032014,Hair Removal
ISIC_0027184,Minimal Enhancement
ISIC_0029462,
ISIC_0028499,"Brightness Normalization, Minimal Enhancement"
ISIC_0031421,Minimal Enhancement
ISIC_0027447,"Hair Removal, Brightness Correction, Denoising"
ISIC_0027536,CLAHE
ISIC_0025577,"Brightness Correction, Minimal Enhancement"
ISIC_0030591,"Brightness Correction, Minimal Enhancement"
ISIC_0024579,"Brightness Normalization, CLAHE"
ISIC_0029638,
ISIC_0025029,"Hair Removal, Denoising"
ISIC_0026388,"Hair Removal, Brightness Correction, Minimal Enhancement"
ISIC_0026132,Brightness Correction
ISIC_0025790,Brightness Correction
ISIC_0024923,Minimal Enhancement
ISIC_0026626,"Brightness Normalization, Minimal Enhancement"
ISIC_0028335,Hair Removal
ISIC_0027580,Minimal Enhancement
ISIC_0025803,"Hair Removal, Brightness Correction, Denoising, Minimal Enhancement"
ISIC_0026981,"Brightness Correction, Minimal Enhancement"
ISIC_0031286,
ISIC_0030158,Brightness Correction
ISIC_0029900,Brightness Correction
ISIC_0029549,"Hair Removal, CLAHE, Denoising"
ISIC_0026905,
ISIC_0024470,
ISIC_0024646,"Brightness Correction, Minimal Enhancement"
ISIC_0033000,Minimal Enhancement
ISIC_0033295,"Brightness Normalization, Minimal Enhancement"
ISIC_0031228,Minimal Enhancement
ISIC_0024763,"Hair Removal, Brightness Normalization, Denoising, Minimal Enhancement"
ISIC_0028076,"Hair Removal, Brightness Correction"
ISIC_0030142,"Brightness Correction, Minimal Enhancement"
ISIC_0024468,"CLAHE, Denoising"
ISIC_0025471,Minimal Enhancement
ISIC_0031823,Minimal Enhancement
ISIC_0028063,"Hair Removal, Denoising, Minimal Enhancement"
ISIC_0027930,"Hair Removal, Brightness Correction, Denoising"
ISIC_0027802,Minimal Enhancement
ISIC_0024329,Minimal Enhancement
ISIC_0024925,"Brightness Normalization, Minimal Enhancement"
ISIC_0029460,"Hair Removal, Brightness Correction, Minimal Enhancement"
ISIC_0030844,Minimal Enhancement
ISIC_0031993,
ISIC_0029500,"Brightness Correction, Minimal Enhancement"
ISIC_0032404,"Hair Removal, Minimal Enhancement"
ISIC_0025957,Minimal Enhancement
ISIC_0031927,Minimal Enhancement
ISIC_0027550,Minimal Enhancement
ISIC_0025605,Brightness Correction
ISIC_0024800,"Hair Removal, Brightness Normalization, Denoising, Minimal Enhancement"
ISIC_0030344,Minimal Enhancement
ISIC_0025264,
ISIC_0026171,Minimal Enhancement
ISIC_0026457,
ISIC_0026848,"Hair Removal, Denoising, Minimal Enhancement"
ISIC_0027562,"Hair Removal, Denoising"
ISIC_0024539,Minimal Enhancement
ISIC_0028763,
ISIC_0029133,Minimal Enhancement
ISIC_0027767,
ISIC_0027294,"Hair Removal, Brightness Correction, Denoising"
ISIC_0027668,Minimal Enhancement
ISIC_0025427,Brightness Correction
ISIC_0032135,"Hair Removal, Brightness Correction, Minimal Enhancement"
ISIC_0025780,Minimal Enhancement
ISIC_0028941,"Brightness Correction, Minimal Enhancement"
ISIC_0030463,
ISIC_0029827,CLAHE
ISIC_0026468,"Brightness Correction, Minimal Enhancement"
ISIC_0026702,Minimal Enhancement
ISIC_0027452,
ISIC_0026984,
ISIC_0032206,CLAHE
ISIC_0032199,"Brightness Normalization, CLAHE"
ISIC_0033869,"Hair Removal, Brightness Normalization, Denoising, Minimal Enhancement"
ISIC_0026857,"Hair Removal, Brightness Correction, Denoising, Minimal Enhancement"
ISIC_0030825,"Hair Removal, Brightness Correction, Denoising"
ISIC_0029713,Hair Removal
ISIC_0028370,"Brightness Correction, Minimal Enhancement"
ISIC_0033866,"Hair Removal, Denoising, Minimal Enhancement"
ISIC_0030036,
ISIC_0024654,"Hair Removal, CLAHE, Denoising"
ISIC_0028820,CLAHE
ISIC_0027829,Minimal Enhancement
ISIC_0031506,"Hair Removal, Brightness Correction"
ISIC_0027254,
ISIC_0025368,"Hair Removal, Minimal Enhancement"
ISIC_0026194,"Brightness Correction, Minimal Enhancement"
ISIC_0026765,Minimal Enhancement
ISIC_0024511,Minimal Enhancement
ISIC_0026040,Brightness Correction
ISIC_0029830,Minimal Enhancement
ISIC_0027884,Minimal Enhancement
ISIC_0028517,Minimal Enhancement
ISIC_0031108,Minimal Enhancement
ISIC_0027588,"Hair Removal, Brightness Correction, Denoising"
ISIC_0029025,Brightness Correction
ISIC_0027334,Minimal Enhancement
ISIC_0030133,Minimal Enhancement
ISIC_0033811,
ISIC_0026650,"Brightness Correction, Denoising, Minimal Enhancement"
ISIC_0030877,
ISIC_0027950,"Brightness Correction, Minimal Enhancement"
ISIC_0027615,"Brightness Normalization, Minimal Enhancement"
ISIC_0028990,"Hair Removal, Brightness Correction, Denoising"
ISIC_0033358,"Brightness Correction, Minimal Enhancement"
ISIC_0030655,
ISIC_0033151,"Brightness Normalization, Minimal Enhancement"
ISIC_0031922,"Brightness Correction, Minimal Enhancement"
ISIC_0032947,"Brightness Normalization, Minimal Enhancement"
ISIC_0029141,Minimal Enhancement
ISIC_0029309,Minimal Enhancement
ISIC_0028393,Minimal Enhancement
ISIC_0024948,"Hair Removal, Brightness Normalization, Denoising, Minimal Enhancement"
ISIC_0028619,"Hair Removal, Brightness Correction, Denoising"
ISIC_0033705,Minimal Enhancement
ISIC_0031430,"Hair Removal, Brightness Correction, Denoising, Minimal Enhancement"
ISIC_0033084,"Hair Removal, Brightness Correction"
ISIC_0033550,"Brightness Normalization, Minimal Enhancement"
ISIC_0033536,Minimal Enhancement
ISIC_0032854,Brightness Correction
ISIC_0032258,"Hair Removal, Denoising, Minimal Enhancement"
